Relatório do Histórico de Negociação;;;;;;;;;;;;;;
Nome:;;;Standard;;;;;;;;;;;
Conta:;;;198120554 (USD, Exness-MT5Trial11, demo, Hedge);;;;;;;;;;;
Empresa:;;;Exness Technologies Ltd;;;;;;;;;;;
Data:;;;2026.02.12 17:02;;;;;;;;;;;
Posições;;;;;;;;;;;;;;
Horário;Position;Ativo;Tipo;Volume;Preço;S / L;T / P;Horário;Preço;Comissão;Swap;Lucro;;
2026.01.29 15:13:36;387362046;USOILm;buy;0.07; 65,161; 63,884; 68,336;2026.01.30 02:20:43; 63,884;0,00;0,00;- 89,39;;
2026.01.29 15:15:00;387374321;XAUUSDm;buy;0.01;5 384,959;5 305,460;5 583,108;2026.01.29 15:17:15;5 305,460;0,00;0,00;- 79,50;;
2026.01.29 15:17:15;387395825;XAUUSDm;buy;0.01;5 304,598;5 225,164;5 502,812;2026.01.29 15:27:24;5 224,202;0,00;0,00;- 80,40;;
2026.01.29 15:27:24;387463395;XAUUSDm;buy;0.01;5 226,112;5 144,671;5 422,319;2026.01.29 15:27:59;5 142,238;0,00;0,00;- 83,87;;
2026.01.29 15:27:59;387472674;XAUUSDm;buy;0.01;5 136,473;5 062,144;5 339,792;2026.01.29 17:21:36;5 339,792;0,00;0,00; 203,32;;
2026.01.29 17:00:00;387853857;US500m;buy;2.15;6 913,49;6 913,59;7 026,44;2026.01.29 21:20:42;6 963,98;0,00;0,00; 108,55;;
2026.01.29 17:45:00;387991473;XAUUSDm;buy;0.01;5 369,440;5 154,028;5 905,867;2026.01.30 00:25:48;5 437,946;0,00;0,00; 68,51;;
2026.01.29 21:20:43;388515722;US500m;buy;3.09;6 964,76;6 932,20;7 046,16;2026.01.30 01:42:02;6 932,20;0,00;0,00;- 100,61;;
2026.01.30 00:46:23;388894833;XAUUSDm;buy;0.01;5 414,101;5 325,301;5 637,319;2026.01.30 01:11:43;5 325,301;0,00;0,00;- 88,80;;
2026.01.30 01:11:43;389007152;XAUUSDm;buy;0.01;5 325,204;5 237,140;5 546,278;2026.01.30 02:12:23;5 237,140;0,00;0,00;- 88,06;;
2026.01.30 07:00:00;390173737;USTECm;sell;1.09;25 642,54;25 731,71;25 420,77;2026.01.30 11:33:31;25 731,71;0,00;0,00;- 97,20;;
2026.01.30 11:29:41;390830940;BTCXAGm;buy;0.5; 806,855; 744,133; 964,115;2026.01.30 12:56:49; 827,829;0,00;0,00;1 045,59;;
2026.01.30 11:37:41;390842929;XAUUSDm;buy;0.01;5 126,240;4 982,036;5 486,750;2026.01.30 15:02:46;4 981,508;0,00;0,00;- 144,73;;
2026.01.30 12:56:50;391025805;BTCXAGm;buy;0.5; 828,267; 788,440; 927,369;2026.01.30 14:16:01; 843,325;0,00;0,00; 739,17;;
2026.01.30 15:02:46;391464226;XAUUSDm;sell;0.01;4 983,062;5 099,532;4 687,890;2026.01.30 18:39:11;4 685,091;0,00;0,00; 297,97;;
2026.02.02 06:00:00;394732194;BTCXAGm;buy;0.5; 987,631; 911,644;1 179,072;2026.02.02 18:33:59;1 009,242;0,00;0,00; 841,62;;
2026.02.02 06:02:12;394739047;XAGUSDm;sell;0.01; 77,218; 93,258; 37,048;2026.02.03 09:53:37; 86,805;0,00;0,00;- 479,35;;
2026.02.02 06:03:30;394742588;USTECm;sell;0.3;25 153,01;25 531,86;24 212,01;2026.02.02 14:30:34;25 531,86;0,00;0,00;- 113,66;;
2026.02.03 09:42:22;398035729;BTCXAGm;sell;0.5; 902,844; 913,118; 861,994;2026.02.03 13:44:37; 880,092;0,00;0,00;1 010,94;;
2026.02.03 09:53:38;398045323;XAGUSDm;buy;0.01; 86,808; 83,555; 89,290;2026.02.03 17:45:15; 83,555;0,00;0,00;- 162,65;;
2026.02.04 03:00:00;399814951;USDJPYm;buy;0.57; 156,270; 156,247; 156,786;2026.02.04 09:33:01; 156,546;0,00;0,00; 100,49;;
2026.02.04 09:33:03;400295045;USDJPYm;buy;0.69; 156,553; 156,265; 156,985;2026.02.04 09:33:04; 156,541;0,00;0,00;- 5,29;;
2026.02.04 09:33:05;400295151;USDJPYm;buy;0.69; 156,549; 156,261; 156,981;2026.02.04 09:35:37; 156,548;0,00;0,00;- 0,44;;
2026.02.04 09:35:40;400299163;USDJPYm;buy;0.69; 156,555; 156,267; 156,987;2026.02.04 09:35:43; 156,543;0,00;0,00;- 5,29;;
2026.02.04 09:35:44;400299209;USDJPYm;buy;0.69; 156,555; 156,267; 156,987;2026.02.04 09:35:45; 156,546;0,00;0,00;- 3,97;;
2026.02.04 09:35:46;400299251;USDJPYm;buy;0.69; 156,555; 156,267; 156,987;2026.02.04 09:35:47; 156,536;0,00;0,00;- 8,38;;
2026.02.04 09:35:50;400299297;USDJPYm;buy;0.69; 156,551; 156,261; 156,981;2026.02.04 09:35:51; 156,542;0,00;0,00;- 3,97;;
2026.02.04 09:35:54;400299351;USDJPYm;buy;0.69; 156,553; 156,265; 156,985;2026.02.04 09:35:55; 156,542;0,00;0,00;- 4,85;;
2026.02.04 09:35:56;400299376;USDJPYm;buy;0.69; 156,557; 156,267; 156,987;2026.02.04 09:35:56; 156,543;0,00;0,00;- 6,17;;
2026.02.04 09:35:57;400299388;USDJPYm;buy;0.69; 156,556; 156,268; 156,988;2026.02.04 09:35:59; 156,545;0,00;0,00;- 4,85;;
2026.02.04 09:36:00;400299411;USDJPYm;buy;0.69; 156,553; 156,265; 156,985;2026.02.04 09:36:01; 156,545;0,00;0,00;- 3,53;;
2026.02.04 09:36:03;400299539;USDJPYm;buy;0.69; 156,557; 156,269; 156,989;2026.02.04 09:36:05; 156,546;0,00;0,00;- 4,85;;
2026.02.04 09:36:07;400299607;USDJPYm;buy;0.69; 156,554; 156,266; 156,986;2026.02.04 09:36:08; 156,542;0,00;0,00;- 5,29;;
2026.02.04 09:36:09;400299625;USDJPYm;buy;0.69; 156,554; 156,266; 156,986;2026.02.04 09:36:16; 156,543;0,00;0,00;- 4,85;;
2026.02.04 09:36:16;400299678;USDJPYm;buy;0.69; 156,551; 156,263; 156,983;2026.02.04 09:36:19; 156,541;0,00;0,00;- 4,41;;
2026.02.04 09:36:20;400299708;USDJPYm;buy;0.69; 156,546; 156,260; 156,980;2026.02.04 09:36:29; 156,546;0,00;0,00;0,00;;
2026.02.04 09:36:31;400299788;USDJPYm;buy;0.69; 156,557; 156,269; 156,989;2026.02.04 09:36:35; 156,546;0,00;0,00;- 4,85;;
2026.02.04 09:36:39;400299905;USDJPYm;buy;0.69; 156,557; 156,269; 156,989;2026.02.04 09:36:57; 156,551;0,00;0,00;- 2,64;;
2026.02.04 09:36:58;400300494;USDJPYm;buy;0.69; 156,564; 156,276; 156,996;2026.02.04 09:36:59; 156,563;0,00;0,00;- 0,44;;
2026.02.04 09:36:59;400300512;USDJPYm;buy;0.69; 156,575; 156,287; 157,007;2026.02.04 09:36:59; 156,566;0,00;0,00;- 3,97;;
2026.02.04 09:37:01;400300623;USDJPYm;buy;0.69; 156,574; 156,286; 157,006;2026.02.04 09:37:02; 156,563;0,00;0,00;- 4,85;;
2026.02.04 09:37:03;400300731;USDJPYm;buy;0.69; 156,577; 156,289; 157,009;2026.02.04 09:37:04; 156,564;0,00;0,00;- 5,73;;
2026.02.04 09:37:04;400300789;USDJPYm;buy;0.69; 156,577; 156,289; 157,009;2026.02.04 09:37:05; 156,566;0,00;0,00;- 4,85;;
2026.02.04 09:37:08;400300878;USDJPYm;buy;0.69; 156,575; 156,287; 157,007;2026.02.04 09:37:09; 156,568;0,00;0,00;- 3,08;;
2026.02.04 09:37:10;400300908;USDJPYm;buy;0.69; 156,579; 156,291; 157,011;2026.02.04 09:37:11; 156,568;0,00;0,00;- 4,85;;
2026.02.04 09:37:12;400300935;USDJPYm;buy;0.69; 156,586; 156,292; 157,012;2026.02.04 09:37:13; 156,574;0,00;0,00;- 5,29;;
2026.02.04 09:37:15;400301002;USDJPYm;buy;0.69; 156,571; 156,291; 157,011;2026.02.04 09:37:15; 156,563;0,00;0,00;- 3,53;;
2026.02.04 09:37:18;400301050;USDJPYm;buy;0.69; 156,576; 156,286; 157,006;2026.02.04 09:37:20; 156,564;0,00;0,00;- 5,29;;
2026.02.04 09:37:21;400301085;USDJPYm;buy;0.69; 156,576; 156,288; 157,008;2026.02.04 09:37:22; 156,565;0,00;0,00;- 4,85;;
2026.02.04 09:37:23;400301119;USDJPYm;buy;0.68; 156,574; 156,286; 157,006;2026.02.04 09:37:24; 156,562;0,00;0,00;- 5,21;;
2026.02.04 09:37:25;400301141;USDJPYm;buy;0.68; 156,573; 156,285; 157,005;2026.02.04 09:37:30; 156,565;0,00;0,00;- 3,47;;
2026.02.04 09:37:31;400301323;USDJPYm;buy;0.68; 156,572; 156,284; 157,004;2026.02.04 09:37:31; 156,560;0,00;0,00;- 5,21;;
2026.02.04 09:37:33;400301370;USDJPYm;buy;0.68; 156,569; 156,281; 157,001;2026.02.04 09:37:34; 156,560;0,00;0,00;- 3,91;;
2026.02.04 09:37:36;400301419;USDJPYm;buy;0.68; 156,568; 156,280; 157,000;2026.02.04 09:37:36; 156,556;0,00;0,00;- 5,21;;
2026.02.04 09:37:39;400301585;USDJPYm;buy;0.68; 156,567; 156,279; 156,999;2026.02.04 09:37:46; 156,565;0,00;0,00;- 0,87;;
2026.02.04 09:37:47;400301896;USDJPYm;buy;0.68; 156,573; 156,285; 157,005;2026.02.04 09:37:48; 156,562;0,00;0,00;- 4,78;;
2026.02.04 09:37:50;400301926;USDJPYm;buy;0.68; 156,574; 156,286; 157,006;2026.02.04 09:37:52; 156,581;0,00;0,00; 3,04;;
2026.02.04 09:37:53;400301949;USDJPYm;buy;0.68; 156,593; 156,305; 157,025;2026.02.04 09:37:56; 156,581;0,00;0,00;- 5,21;;
2026.02.04 09:37:57;400301972;USDJPYm;buy;0.68; 156,590; 156,302; 157,022;2026.02.04 09:38:00; 156,579;0,00;0,00;- 4,78;;
2026.02.04 09:38:01;400302133;USDJPYm;buy;0.68; 156,588; 156,300; 157,020;2026.02.04 09:38:02; 156,577;0,00;0,00;- 4,78;;
2026.02.04 09:38:02;400302183;USDJPYm;buy;0.68; 156,583; 156,297; 157,017;2026.02.04 09:38:03; 156,578;0,00;0,00;- 2,17;;
2026.02.04 09:38:04;400302227;USDJPYm;buy;0.68; 156,581; 156,297; 157,017;2026.02.04 09:38:05; 156,570;0,00;0,00;- 4,78;;
2026.02.04 09:38:06;400302311;USDJPYm;buy;0.68; 156,581; 156,293; 157,013;2026.02.04 09:38:07; 156,563;0,00;0,00;- 7,82;;
2026.02.04 09:38:08;400302389;USDJPYm;buy;0.68; 156,570; 156,284; 157,004;2026.02.04 09:38:09; 156,568;0,00;0,00;- 0,87;;
2026.02.04 09:38:11;400302453;USDJPYm;buy;0.68; 156,576; 156,288; 157,008;2026.02.04 09:38:12; 156,569;0,00;0,00;- 3,04;;
2026.02.04 09:38:14;400302518;USDJPYm;buy;0.68; 156,578; 156,290; 157,010;2026.02.04 09:38:15; 156,571;0,00;0,00;- 3,04;;
2026.02.04 09:38:15;400302544;USDJPYm;buy;0.68; 156,579; 156,295; 157,015;2026.02.04 09:38:16; 156,565;0,00;0,00;- 6,08;;
2026.02.04 09:38:17;400302580;USDJPYm;buy;0.68; 156,572; 156,285; 157,005;2026.02.04 09:38:18; 156,563;0,00;0,00;- 3,91;;
2026.02.04 09:38:19;400302619;USDJPYm;buy;0.68; 156,571; 156,283; 157,003;2026.02.04 09:38:20; 156,568;0,00;0,00;- 1,30;;
2026.02.04 09:38:21;400302648;USDJPYm;buy;0.68; 156,575; 156,287; 157,007;2026.02.04 09:38:22; 156,561;0,00;0,00;- 6,08;;
2026.02.04 09:38:22;400302667;USDJPYm;buy;0.68; 156,569; 156,281; 157,001;2026.02.04 09:38:23; 156,568;0,00;0,00;- 0,43;;
2026.02.04 09:38:24;400302738;USDJPYm;buy;0.68; 156,575; 156,287; 157,007;2026.02.04 09:38:25; 156,567;0,00;0,00;- 3,47;;
2026.02.04 09:38:29;400303027;USDJPYm;buy;0.68; 156,571; 156,286; 157,006;2026.02.04 09:38:31; 156,562;0,00;0,00;- 3,91;;
2026.02.04 09:38:33;400303170;USDJPYm;buy;0.68; 156,574; 156,286; 157,006;2026.02.04 09:38:34; 156,569;0,00;0,00;- 2,17;;
2026.02.04 09:38:35;400303201;USDJPYm;buy;0.68; 156,579; 156,291; 157,011;2026.02.04 09:38:36; 156,568;0,00;0,00;- 4,78;;
2026.02.04 09:38:37;400303235;USDJPYm;buy;0.68; 156,574; 156,287; 157,007;2026.02.04 09:38:38; 156,561;0,00;0,00;- 5,65;;
2026.02.04 09:38:42;400303283;USDJPYm;buy;0.68; 156,572; 156,284; 157,004;2026.02.04 09:38:43; 156,561;0,00;0,00;- 4,78;;
2026.02.04 09:38:44;400303303;USDJPYm;buy;0.68; 156,569; 156,281; 157,001;2026.02.04 09:38:45; 156,562;0,00;0,00;- 3,04;;
2026.02.04 09:38:47;400303317;USDJPYm;buy;0.68; 156,571; 156,283; 157,003;2026.02.04 09:38:48; 156,559;0,00;0,00;- 5,21;;
2026.02.04 09:38:49;400303331;USDJPYm;buy;0.68; 156,568; 156,280; 157,000;2026.02.04 09:38:50; 156,559;0,00;0,00;- 3,91;;
2026.02.04 09:38:50;400303350;USDJPYm;buy;0.68; 156,571; 156,283; 157,003;2026.02.04 09:38:51; 156,560;0,00;0,00;- 4,78;;
2026.02.04 09:38:53;400303387;USDJPYm;buy;0.68; 156,572; 156,284; 157,004;2026.02.04 09:38:54; 156,561;0,00;0,00;- 4,78;;
2026.02.04 09:38:58;400303442;USDJPYm;buy;0.68; 156,570; 156,282; 157,002;2026.02.04 09:39:01; 156,561;0,00;0,00;- 3,91;;
2026.02.04 09:39:03;400303567;USDJPYm;buy;0.68; 156,561; 156,282; 157,002;2026.02.04 09:39:04; 156,553;0,00;0,00;- 3,47;;
2026.02.04 09:39:05;400303615;USDJPYm;buy;0.68; 156,567; 156,277; 156,997;2026.02.04 09:39:06; 156,555;0,00;0,00;- 5,21;;
2026.02.04 09:39:08;400303633;USDJPYm;buy;0.68; 156,566; 156,278; 156,998;2026.02.04 09:39:11; 156,553;0,00;0,00;- 5,65;;
2026.02.04 09:39:11;400303662;USDJPYm;buy;0.68; 156,561; 156,273; 156,993;2026.02.04 09:39:12; 156,555;0,00;0,00;- 2,61;;
2026.02.04 09:39:12;400303676;USDJPYm;buy;0.68; 156,567; 156,279; 156,999;2026.02.04 09:39:12; 156,553;0,00;0,00;- 6,08;;
2026.02.04 09:39:13;400303690;USDJPYm;buy;0.68; 156,566; 156,278; 156,998;2026.02.04 09:39:14; 156,557;0,00;0,00;- 3,91;;
2026.02.04 09:39:15;400303707;USDJPYm;buy;0.68; 156,566; 156,278; 156,998;2026.02.04 09:39:17; 156,554;0,00;0,00;- 5,21;;
2026.02.04 09:39:20;400303761;USDJPYm;buy;0.68; 156,566; 156,278; 156,998;2026.02.04 09:39:21; 156,557;0,00;0,00;- 3,91;;
2026.02.04 09:39:22;400303791;USDJPYm;buy;0.68; 156,566; 156,278; 156,998;2026.02.04 09:39:22; 156,554;0,00;0,00;- 5,21;;
2026.02.04 09:39:23;400303805;USDJPYm;buy;0.68; 156,566; 156,278; 156,998;2026.02.04 09:39:25; 156,552;0,00;0,00;- 6,08;;
2026.02.04 09:39:26;400303831;USDJPYm;buy;0.68; 156,560; 156,272; 156,992;2026.02.04 09:39:27; 156,551;0,00;0,00;- 3,91;;
2026.02.04 09:39:29;400303860;USDJPYm;buy;0.67; 156,556; 156,270; 156,990;2026.02.04 09:39:29; 156,553;0,00;0,00;- 1,28;;
2026.02.04 09:39:31;400303872;USDJPYm;buy;0.67; 156,561; 156,273; 156,993;2026.02.04 09:39:33; 156,547;0,00;0,00;- 5,99;;
2026.02.04 09:39:33;400303887;USDJPYm;buy;0.67; 156,555; 156,267; 156,987;2026.02.04 09:39:34; 156,546;0,00;0,00;- 3,85;;
2026.02.04 09:39:35;400303900;USDJPYm;buy;0.67; 156,551; 156,266; 156,986;2026.02.04 09:39:37; 156,541;0,00;0,00;- 4,28;;
2026.02.04 09:39:38;400303917;USDJPYm;buy;0.67; 156,554; 156,266; 156,986;2026.02.04 09:39:38; 156,546;0,00;0,00;- 3,42;;
2026.02.04 09:39:43;400303953;USDJPYm;buy;0.67; 156,555; 156,267; 156,987;2026.02.04 09:39:48; 156,546;0,00;0,00;- 3,85;;
2026.02.04 09:39:51;400303994;USDJPYm;buy;0.67; 156,560; 156,270; 156,990;2026.02.04 09:39:51; 156,547;0,00;0,00;- 5,56;;
2026.02.04 09:39:52;400304009;USDJPYm;buy;0.67; 156,555; 156,267; 156,987;2026.02.04 09:39:54; 156,546;0,00;0,00;- 3,85;;
2026.02.04 09:39:56;400304039;USDJPYm;buy;0.67; 156,557; 156,269; 156,989;2026.02.04 09:40:00; 156,545;0,00;0,00;- 5,14;;
2026.02.04 09:40:02;400304199;USDJPYm;buy;0.67; 156,556; 156,268; 156,988;2026.02.04 09:40:10; 156,547;0,00;0,00;- 3,85;;
2026.02.04 09:40:15;400304371;USDJPYm;buy;0.67; 156,558; 156,270; 156,990;2026.02.04 09:40:17; 156,547;0,00;0,00;- 4,71;;
2026.02.04 09:40:20;400304408;USDJPYm;buy;0.67; 156,558; 156,270; 156,990;2026.02.04 09:40:21; 156,547;0,00;0,00;- 4,71;;
2026.02.04 09:40:22;400304416;USDJPYm;buy;0.67; 156,560; 156,272; 156,992;2026.02.04 09:40:26; 156,560;0,00;0,00;0,00;;
2026.02.04 09:40:29;400304659;USDJPYm;buy;0.67; 156,569; 156,281; 157,001;2026.02.04 09:40:31; 156,561;0,00;0,00;- 3,42;;
2026.02.04 09:40:32;400304741;USDJPYm;buy;0.67; 156,570; 156,282; 157,002;2026.02.04 09:40:37; 156,559;0,00;0,00;- 4,71;;
2026.02.04 09:40:40;400304881;USDJPYm;buy;0.67; 156,570; 156,282; 157,002;2026.02.04 09:40:40; 156,558;0,00;0,00;- 5,14;;
2026.02.04 09:40:43;400304933;USDJPYm;buy;0.67; 156,569; 156,278; 156,998;2026.02.04 09:40:44; 156,561;0,00;0,00;- 3,42;;
2026.02.04 09:40:47;400304983;USDJPYm;buy;0.67; 156,570; 156,282; 157,002;2026.02.04 09:40:52; 156,561;0,00;0,00;- 3,85;;
2026.02.04 09:40:55;400305081;USDJPYm;buy;0.67; 156,570; 156,282; 157,002;2026.02.04 09:40:56; 156,561;0,00;0,00;- 3,85;;
2026.02.04 09:40:59;400305132;USDJPYm;buy;0.67; 156,570; 156,282; 157,002;2026.02.04 09:41:00; 156,561;0,00;0,00;- 3,85;;
2026.02.04 09:41:03;400305258;USDJPYm;buy;0.67; 156,570; 156,282; 157,002;2026.02.04 09:41:10; 156,561;0,00;0,00;- 3,85;;
2026.02.04 09:41:11;400305383;USDJPYm;buy;0.67; 156,570; 156,282; 157,002;2026.02.04 09:41:12; 156,558;0,00;0,00;- 5,14;;
2026.02.04 09:41:13;400305395;USDJPYm;buy;0.67; 156,566; 156,278; 156,998;2026.02.04 09:41:14; 156,549;0,00;0,00;- 7,28;;
2026.02.04 09:41:14;400305436;USDJPYm;buy;0.67; 156,557; 156,269; 156,989;2026.02.04 09:41:15; 156,546;0,00;0,00;- 4,71;;
2026.02.04 09:41:17;400305455;USDJPYm;buy;0.67; 156,557; 156,269; 156,989;2026.02.04 09:41:18; 156,548;0,00;0,00;- 3,85;;
2026.02.04 09:41:21;400305486;USDJPYm;buy;0.67; 156,557; 156,269; 156,989;2026.02.04 09:41:24; 156,546;0,00;0,00;- 4,71;;
2026.02.04 09:41:25;400305547;USDJPYm;buy;0.67; 156,555; 156,267; 156,987;2026.02.04 09:41:26; 156,546;0,00;0,00;- 3,85;;
2026.02.04 09:41:29;400305603;USDJPYm;buy;0.67; 156,559; 156,271; 156,991;2026.02.04 09:41:30; 156,551;0,00;0,00;- 3,42;;
2026.02.04 09:41:31;400305705;USDJPYm;buy;0.67; 156,557; 156,269; 156,989;2026.02.04 09:41:32; 156,548;0,00;0,00;- 3,85;;
2026.02.04 09:41:33;400305737;USDJPYm;buy;0.67; 156,559; 156,271; 156,991;2026.02.04 09:41:34; 156,547;0,00;0,00;- 5,14;;
2026.02.04 09:41:47;400305831;USDJPYm;buy;0.67; 156,559; 156,271; 156,991;2026.02.04 09:41:48; 156,548;0,00;0,00;- 4,71;;
2026.02.04 09:41:49;400305865;USDJPYm;buy;0.67; 156,557; 156,269; 156,989;2026.02.04 09:41:55; 156,540;0,00;0,00;- 7,28;;
2026.02.04 09:41:56;400305969;USDJPYm;buy;0.67; 156,546; 156,261; 156,981;2026.02.04 09:42:13; 156,543;0,00;0,00;- 1,28;;
2026.02.04 09:42:14;400306277;USDJPYm;buy;0.67; 156,555; 156,267; 156,987;2026.02.04 09:42:15; 156,542;0,00;0,00;- 5,56;;
2026.02.04 09:42:16;400306290;USDJPYm;buy;0.67; 156,551; 156,263; 156,983;2026.02.04 09:42:22; 156,541;0,00;0,00;- 4,28;;
2026.02.04 09:42:23;400306370;USDJPYm;buy;0.67; 156,550; 156,262; 156,982;2026.02.04 09:42:26; 156,541;0,00;0,00;- 3,85;;
2026.02.04 09:42:30;400306422;USDJPYm;buy;0.67; 156,553; 156,262; 156,982;2026.02.04 09:42:31; 156,541;0,00;0,00;- 5,14;;
2026.02.04 09:42:33;400306451;USDJPYm;buy;0.67; 156,552; 156,264; 156,984;2026.02.04 09:42:34; 156,543;0,00;0,00;- 3,85;;
2026.02.04 09:42:36;400306489;USDJPYm;buy;0.67; 156,552; 156,264; 156,984;2026.02.04 09:42:37; 156,541;0,00;0,00;- 4,71;;
2026.02.04 09:42:38;400306505;USDJPYm;buy;0.67; 156,550; 156,262; 156,982;2026.02.04 09:42:41; 156,546;0,00;0,00;- 1,71;;
2026.02.04 09:42:41;400306819;USDJPYm;buy;0.67; 156,546; 156,265; 156,985;2026.02.04 09:42:48; 156,543;0,00;0,00;- 1,28;;
2026.02.04 09:42:48;400306964;USDJPYm;buy;0.67; 156,555; 156,267; 156,987;2026.02.04 09:42:49; 156,541;0,00;0,00;- 5,99;;
2026.02.04 09:42:50;400306976;USDJPYm;buy;0.67; 156,552; 156,264; 156,984;2026.02.04 09:42:51; 156,541;0,00;0,00;- 4,71;;
2026.02.04 09:42:52;400307028;USDJPYm;buy;0.67; 156,550; 156,262; 156,982;2026.02.04 09:43:39; 156,547;0,00;0,00;- 1,28;;
2026.02.04 09:43:40;400308117;USDJPYm;buy;0.67; 156,558; 156,270; 156,990;2026.02.04 09:43:41; 156,547;0,00;0,00;- 4,71;;
2026.02.04 09:43:42;400308144;USDJPYm;buy;0.66; 156,561; 156,271; 156,991;2026.02.04 09:43:43; 156,549;0,00;0,00;- 5,06;;
2026.02.04 09:43:44;400308186;USDJPYm;buy;0.66; 156,558; 156,270; 156,990;2026.02.04 09:43:47; 156,547;0,00;0,00;- 4,64;;
2026.02.04 09:43:50;400308229;USDJPYm;buy;0.66; 156,558; 156,270; 156,990;2026.02.04 09:43:52; 156,547;0,00;0,00;- 4,64;;
2026.02.04 09:43:54;400308298;USDJPYm;buy;0.66; 156,556; 156,268; 156,988;2026.02.04 09:43:55; 156,548;0,00;0,00;- 3,37;;
2026.02.04 09:43:58;400308334;USDJPYm;buy;0.66; 156,556; 156,268; 156,988;2026.02.04 09:44:01; 156,546;0,00;0,00;- 4,22;;
2026.02.04 09:44:02;400308441;USDJPYm;buy;0.66; 156,559; 156,271; 156,991;2026.02.04 09:44:03; 156,548;0,00;0,00;- 4,64;;
2026.02.04 09:44:04;400308528;USDJPYm;buy;0.66; 156,559; 156,269; 156,989;2026.02.04 09:44:06; 156,548;0,00;0,00;- 4,64;;
2026.02.04 09:44:07;400308597;USDJPYm;buy;0.66; 156,556; 156,268; 156,988;2026.02.04 09:44:10; 156,549;0,00;0,00;- 2,95;;
2026.02.04 09:44:11;400308621;USDJPYm;buy;0.66; 156,560; 156,272; 156,992;2026.02.04 09:44:12; 156,547;0,00;0,00;- 5,48;;
2026.02.04 09:44:13;400308635;USDJPYm;buy;0.66; 156,560; 156,270; 156,990;2026.02.04 09:44:13; 156,547;0,00;0,00;- 5,48;;
2026.02.04 09:44:15;400308667;USDJPYm;buy;0.66; 156,559; 156,271; 156,991;2026.02.04 09:44:20; 156,551;0,00;0,00;- 3,37;;
2026.02.04 09:44:21;400308809;USDJPYm;buy;0.66; 156,560; 156,272; 156,992;2026.02.04 09:44:24; 156,548;0,00;0,00;- 5,06;;
2026.02.04 09:44:25;400308864;USDJPYm;buy;0.66; 156,567; 156,273; 156,993;2026.02.04 09:44:25; 156,554;0,00;0,00;- 5,48;;
2026.02.04 09:44:26;400308888;USDJPYm;buy;0.66; 156,563; 156,275; 156,995;2026.02.04 09:44:27; 156,555;0,00;0,00;- 3,37;;
2026.02.04 09:44:28;400308905;USDJPYm;buy;0.66; 156,563; 156,275; 156,995;2026.02.04 09:44:30; 156,556;0,00;0,00;- 2,95;;
2026.02.04 09:44:31;400308923;USDJPYm;buy;0.66; 156,563; 156,275; 156,995;2026.02.04 09:44:32; 156,557;0,00;0,00;- 2,53;;
2026.02.04 09:44:34;400309016;USDJPYm;buy;0.66; 156,573; 156,281; 157,001;2026.02.04 09:44:38; 156,562;0,00;0,00;- 4,64;;
2026.02.04 09:44:39;400309139;USDJPYm;buy;0.66; 156,585; 156,289; 157,009;2026.02.04 09:44:39; 156,577;0,00;0,00;- 3,37;;
2026.02.04 09:44:40;400309280;USDJPYm;buy;0.66; 156,585; 156,297; 157,017;2026.02.04 09:44:45; 156,578;0,00;0,00;- 2,95;;
2026.02.04 09:44:46;400309488;USDJPYm;buy;0.66; 156,587; 156,299; 157,019;2026.02.04 09:44:47; 156,574;0,00;0,00;- 5,48;;
2026.02.04 09:44:48;400309520;USDJPYm;buy;0.66; 156,583; 156,295; 157,015;2026.02.04 09:44:49; 156,574;0,00;0,00;- 3,79;;
2026.02.04 09:44:52;400309566;USDJPYm;buy;0.66; 156,585; 156,297; 157,017;2026.02.04 09:45:00; 156,575;0,00;0,00;- 4,22;;
2026.02.04 09:45:02;400309845;USDJPYm;buy;0.66; 156,586; 156,298; 157,018;2026.02.04 09:45:05; 156,574;0,00;0,00;- 5,06;;
2026.02.04 09:45:06;400309920;USDJPYm;buy;0.66; 156,583; 156,295; 157,015;2026.02.04 09:45:06; 156,576;0,00;0,00;- 2,95;;
2026.02.04 09:45:08;400309976;USDJPYm;buy;0.66; 156,585; 156,297; 157,017;2026.02.04 09:45:09; 156,573;0,00;0,00;- 5,06;;
2026.02.04 09:45:10;400310012;USDJPYm;buy;0.66; 156,590; 156,297; 157,017;2026.02.04 09:45:11; 156,582;0,00;0,00;- 3,37;;
2026.02.04 09:45:13;400310050;USDJPYm;buy;0.66; 156,590; 156,302; 157,022;2026.02.04 09:45:15; 156,584;0,00;0,00;- 2,53;;
2026.02.04 09:45:16;400310091;USDJPYm;buy;0.66; 156,587; 156,303; 157,023;2026.02.04 09:45:17; 156,579;0,00;0,00;- 3,37;;
2026.02.04 09:45:19;400310124;USDJPYm;buy;0.66; 156,588; 156,300; 157,020;2026.02.04 09:45:23; 156,583;0,00;0,00;- 2,11;;
2026.02.04 09:45:25;400310171;USDJPYm;buy;0.66; 156,589; 156,303; 157,023;2026.02.04 09:45:25; 156,582;0,00;0,00;- 2,95;;
2026.02.04 09:45:26;400310186;USDJPYm;buy;0.66; 156,591; 156,303; 157,023;2026.02.04 09:45:28; 156,580;0,00;0,00;- 4,64;;
2026.02.04 09:45:28;400310201;USDJPYm;buy;0.66; 156,588; 156,300; 157,020;2026.02.04 09:45:29; 156,577;0,00;0,00;- 4,64;;
2026.02.04 09:45:31;400310212;USDJPYm;buy;0.66; 156,588; 156,300; 157,020;2026.02.04 09:45:33; 156,579;0,00;0,00;- 3,79;;
2026.02.04 09:45:35;400310232;USDJPYm;buy;0.66; 156,593; 156,304; 157,024;2026.02.04 09:45:38; 156,584;0,00;0,00;- 3,79;;
2026.02.04 09:45:39;400310259;USDJPYm;buy;0.66; 156,593; 156,305; 157,025;2026.02.04 09:45:40; 156,584;0,00;0,00;- 3,79;;
2026.02.04 09:45:42;400310298;USDJPYm;buy;0.66; 156,595; 156,307; 157,027;2026.02.04 09:45:44; 156,586;0,00;0,00;- 3,79;;
2026.02.04 09:45:45;400310311;USDJPYm;buy;0.66; 156,594; 156,306; 157,026;2026.02.04 09:45:47; 156,581;0,00;0,00;- 5,48;;
2026.02.04 09:45:48;400310330;USDJPYm;buy;0.66; 156,590; 156,302; 157,022;2026.02.04 09:45:50; 156,585;0,00;0,00;- 2,11;;
2026.02.04 09:45:53;400310367;USDJPYm;buy;0.66; 156,594; 156,306; 157,026;2026.02.04 09:45:59; 156,583;0,00;0,00;- 4,64;;
2026.02.04 09:46:00;400310436;USDJPYm;buy;0.66; 156,592; 156,304; 157,024;2026.02.04 09:46:01; 156,583;0,00;0,00;- 3,79;;
2026.02.04 09:46:02;400310490;USDJPYm;buy;0.66; 156,591; 156,303; 157,023;2026.02.04 09:46:03; 156,582;0,00;0,00;- 3,79;;
2026.02.04 09:46:05;400310551;USDJPYm;buy;0.66; 156,593; 156,305; 157,025;2026.02.04 09:46:07; 156,584;0,00;0,00;- 3,79;;
2026.02.04 09:46:08;400310649;USDJPYm;buy;0.66; 156,593; 156,305; 157,025;2026.02.04 09:46:10; 156,582;0,00;0,00;- 4,64;;
2026.02.04 09:46:11;400310695;USDJPYm;buy;0.66; 156,593; 156,305; 157,025;2026.02.04 09:46:13; 156,585;0,00;0,00;- 3,37;;
2026.02.04 09:46:15;400310763;USDJPYm;buy;0.66; 156,594; 156,306; 157,026;2026.02.04 09:46:15; 156,593;0,00;0,00;- 0,42;;
2026.02.04 09:46:17;400310807;USDJPYm;buy;0.66; 156,604; 156,316; 157,036;2026.02.04 09:46:19; 156,585;0,00;0,00;- 8,01;;
2026.02.04 09:46:20;400310831;USDJPYm;buy;0.66; 156,601; 156,310; 157,030;2026.02.04 09:46:21; 156,585;0,00;0,00;- 6,74;;
2026.02.04 09:46:21;400310851;USDJPYm;buy;0.65; 156,598; 156,310; 157,030;2026.02.04 09:46:22; 156,587;0,00;0,00;- 4,57;;
2026.02.04 09:46:25;400310904;USDJPYm;buy;0.65; 156,596; 156,308; 157,028;2026.02.04 09:46:27; 156,585;0,00;0,00;- 4,57;;
2026.02.04 09:46:28;400310948;USDJPYm;buy;0.65; 156,594; 156,306; 157,026;2026.02.04 09:46:33; 156,586;0,00;0,00;- 3,32;;
2026.02.04 09:46:34;400311070;USDJPYm;buy;0.65; 156,604; 156,313; 157,033;2026.02.04 09:46:35; 156,593;0,00;0,00;- 4,57;;
2026.02.04 09:46:37;400311229;USDJPYm;buy;0.65; 156,602; 156,314; 157,034;2026.02.04 09:46:39; 156,612;0,00;0,00; 4,15;;
2026.02.04 09:46:39;400311282;USDJPYm;buy;0.65; 156,619; 156,335; 157,055;2026.02.04 09:46:39; 156,606;0,00;0,00;- 5,40;;
2026.02.04 09:46:40;400311312;USDJPYm;buy;0.65; 156,620; 156,329; 157,049;2026.02.04 09:46:41; 156,620;0,00;0,00;0,00;;
2026.02.04 09:46:44;400311434;USDJPYm;buy;0.65; 156,632; 156,344; 157,064;2026.02.04 09:46:48; 156,616;0,00;0,00;- 6,64;;
2026.02.04 09:46:50;400311565;USDJPYm;buy;0.65; 156,628; 156,340; 157,060;2026.02.04 09:46:51; 156,619;0,00;0,00;- 3,74;;
2026.02.04 09:46:52;400311588;USDJPYm;buy;0.65; 156,632; 156,342; 157,062;2026.02.04 09:46:54; 156,623;0,00;0,00;- 3,74;;
2026.02.04 09:46:55;400311612;USDJPYm;buy;0.65; 156,637; 156,347; 157,067;2026.02.04 09:46:56; 156,626;0,00;0,00;- 4,57;;
2026.02.04 09:46:57;400311622;USDJPYm;buy;0.65; 156,635; 156,347; 157,067;2026.02.04 09:46:58; 156,626;0,00;0,00;- 3,74;;
2026.02.04 09:46:59;400311656;USDJPYm;buy;0.65; 156,635; 156,347; 157,067;2026.02.04 09:47:00; 156,625;0,00;0,00;- 4,15;;
2026.02.04 09:47:03;400311811;USDJPYm;buy;0.65; 156,633; 156,345; 157,065;2026.02.04 09:47:04; 156,621;0,00;0,00;- 4,98;;
2026.02.04 09:47:06;400311873;USDJPYm;buy;0.65; 156,627; 156,341; 157,061;2026.02.04 09:47:08; 156,613;0,00;0,00;- 5,81;;
2026.02.04 09:47:08;400311941;USDJPYm;buy;0.65; 156,621; 156,333; 157,053;2026.02.04 09:47:08; 156,617;0,00;0,00;- 1,66;;
2026.02.04 09:47:09;400311953;USDJPYm;buy;0.65; 156,626; 156,338; 157,058;2026.02.04 09:47:10; 156,613;0,00;0,00;- 5,40;;
2026.02.04 09:47:10;400311961;USDJPYm;buy;0.65; 156,621; 156,333; 157,053;2026.02.04 09:47:11; 156,612;0,00;0,00;- 3,74;;
2026.02.04 09:47:13;400311984;USDJPYm;buy;0.65; 156,629; 156,337; 157,057;2026.02.04 09:47:13; 156,616;0,00;0,00;- 5,40;;
2026.02.04 09:47:15;400311997;USDJPYm;buy;0.65; 156,624; 156,336; 157,056;2026.02.04 09:47:16; 156,612;0,00;0,00;- 4,98;;
2026.02.04 09:47:17;400312015;USDJPYm;buy;0.65; 156,623; 156,335; 157,055;2026.02.04 09:47:18; 156,611;0,00;0,00;- 4,98;;
2026.02.04 09:47:20;400312060;USDJPYm;buy;0.65; 156,618; 156,330; 157,050;2026.02.04 09:47:21; 156,611;0,00;0,00;- 2,91;;
2026.02.04 09:47:22;400312074;USDJPYm;buy;0.65; 156,620; 156,332; 157,052;2026.02.04 09:47:24; 156,611;0,00;0,00;- 3,74;;
2026.02.04 09:47:26;400312130;USDJPYm;buy;0.65; 156,620; 156,332; 157,052;2026.02.04 09:47:27; 156,608;0,00;0,00;- 4,98;;
2026.02.04 09:47:28;400312144;USDJPYm;buy;0.65; 156,624; 156,333; 157,053;2026.02.04 09:47:30; 156,612;0,00;0,00;- 4,98;;
2026.02.04 09:47:31;400312179;USDJPYm;buy;0.65; 156,623; 156,335; 157,055;2026.02.04 09:47:34; 156,612;0,00;0,00;- 4,57;;
2026.02.04 09:47:35;400312231;USDJPYm;buy;0.65; 156,631; 156,337; 157,057;2026.02.04 09:47:36; 156,620;0,00;0,00;- 4,57;;
2026.02.04 09:47:37;400312264;USDJPYm;buy;0.65; 156,634; 156,344; 157,064;2026.02.04 09:47:38; 156,622;0,00;0,00;- 4,98;;
2026.02.04 09:47:39;400312290;USDJPYm;buy;0.65; 156,633; 156,345; 157,065;2026.02.04 09:47:42; 156,622;0,00;0,00;- 4,57;;
2026.02.04 09:47:43;400312308;USDJPYm;buy;0.65; 156,631; 156,343; 157,063;2026.02.04 09:47:44; 156,626;0,00;0,00;- 2,08;;
2026.02.04 09:47:45;400312340;USDJPYm;buy;0.65; 156,635; 156,347; 157,067;2026.02.04 09:47:49; 156,622;0,00;0,00;- 5,40;;
2026.02.04 09:47:50;400312406;USDJPYm;buy;0.65; 156,640; 156,348; 157,068;2026.02.04 09:47:51; 156,631;0,00;0,00;- 3,73;;
2026.02.04 09:47:52;400312422;USDJPYm;buy;0.65; 156,639; 156,351; 157,071;2026.02.04 09:47:54; 156,628;0,00;0,00;- 4,56;;
2026.02.04 09:47:57;400312485;USDJPYm;buy;0.65; 156,637; 156,349; 157,069;2026.02.04 09:48:00; 156,628;0,00;0,00;- 3,73;;
2026.02.04 09:48:01;400312610;USDJPYm;buy;0.65; 156,639; 156,351; 157,071;2026.02.04 09:48:02; 156,637;0,00;0,00;- 0,83;;
2026.02.04 09:48:02;400312675;USDJPYm;buy;0.65; 156,648; 156,360; 157,080;2026.02.04 09:48:03; 156,634;0,00;0,00;- 5,81;;
2026.02.04 09:48:03;400312697;USDJPYm;buy;0.65; 156,638; 156,353; 157,073;2026.02.04 09:48:03; 156,626;0,00;0,00;- 4,98;;
2026.02.04 09:48:04;400312737;USDJPYm;buy;0.65; 156,638; 156,349; 157,069;2026.02.04 09:48:06; 156,630;0,00;0,00;- 3,32;;
2026.02.04 09:48:07;400312872;USDJPYm;buy;0.65; 156,637; 156,349; 157,069;2026.02.04 09:48:07; 156,625;0,00;0,00;- 4,98;;
2026.02.04 09:48:08;400312940;USDJPYm;buy;0.65; 156,633; 156,345; 157,065;2026.02.04 09:48:10; 156,625;0,00;0,00;- 3,32;;
2026.02.04 09:48:11;400312995;USDJPYm;buy;0.65; 156,633; 156,345; 157,065;2026.02.04 09:48:12; 156,617;0,00;0,00;- 6,64;;
2026.02.04 09:48:12;400313021;USDJPYm;buy;0.65; 156,624; 156,336; 157,056;2026.02.04 09:48:13; 156,611;0,00;0,00;- 5,40;;
2026.02.04 09:48:14;400313065;USDJPYm;buy;0.65; 156,618; 156,330; 157,050;2026.02.04 09:48:15; 156,607;0,00;0,00;- 4,57;;
2026.02.04 09:48:16;400313095;USDJPYm;buy;0.65; 156,618; 156,330; 157,050;2026.02.04 09:48:17; 156,602;0,00;0,00;- 6,64;;
2026.02.04 09:48:18;400313118;USDJPYm;buy;0.64; 156,615; 156,327; 157,047;2026.02.04 09:48:19; 156,606;0,00;0,00;- 3,68;;
2026.02.04 09:48:22;400313162;USDJPYm;buy;0.64; 156,617; 156,329; 157,049;2026.02.04 09:48:23; 156,604;0,00;0,00;- 5,31;;
2026.02.04 09:48:24;400313172;USDJPYm;buy;0.64; 156,615; 156,327; 157,047;2026.02.04 09:48:25; 156,604;0,00;0,00;- 4,50;;
2026.02.04 09:48:27;400313194;USDJPYm;buy;0.64; 156,612; 156,324; 157,044;2026.02.04 09:48:27; 156,605;0,00;0,00;- 2,86;;
2026.02.04 09:48:28;400313200;USDJPYm;buy;0.64; 156,625; 156,329; 157,049;2026.02.04 09:48:30; 156,614;0,00;0,00;- 4,50;;
2026.02.04 09:48:31;400313292;USDJPYm;buy;0.64; 156,622; 156,334; 157,054;2026.02.04 09:48:31; 156,615;0,00;0,00;- 2,86;;
2026.02.04 09:48:31;400313306;USDJPYm;buy;0.64; 156,626; 156,338; 157,058;2026.02.04 09:48:32; 156,618;0,00;0,00;- 3,27;;
2026.02.04 09:48:33;400313346;USDJPYm;buy;0.64; 156,636; 156,341; 157,061;2026.02.04 09:48:33; 156,622;0,00;0,00;- 5,72;;
2026.02.04 09:48:35;400313385;USDJPYm;buy;0.64; 156,631; 156,343; 157,063;2026.02.04 09:48:37; 156,618;0,00;0,00;- 5,31;;
2026.02.04 09:48:39;400313425;USDJPYm;buy;0.64; 156,630; 156,342; 157,062;2026.02.04 09:48:39; 156,621;0,00;0,00;- 3,68;;
2026.02.04 09:48:41;400313455;USDJPYm;buy;0.64; 156,630; 156,342; 157,062;2026.02.04 09:48:44; 156,623;0,00;0,00;- 2,86;;
2026.02.04 09:48:46;400313533;USDJPYm;buy;0.64; 156,634; 156,346; 157,066;2026.02.04 09:48:47; 156,626;0,00;0,00;- 3,27;;
2026.02.04 09:48:48;400313603;USDJPYm;buy;0.64; 156,633; 156,345; 157,065;2026.02.04 09:48:49; 156,624;0,00;0,00;- 3,68;;
2026.02.04 09:48:49;400313650;USDJPYm;buy;0.64; 156,631; 156,343; 157,063;2026.02.04 09:48:49; 156,624;0,00;0,00;- 2,86;;
2026.02.04 09:48:50;400313750;USDJPYm;buy;0.64; 156,636; 156,348; 157,068;2026.02.04 09:48:50; 156,623;0,00;0,00;- 5,31;;
2026.02.04 09:48:51;400313815;USDJPYm;buy;0.64; 156,635; 156,347; 157,067;2026.02.04 09:48:53; 156,622;0,00;0,00;- 5,31;;
2026.02.04 09:48:54;400313862;USDJPYm;buy;0.64; 156,633; 156,345; 157,065;2026.02.04 09:48:55; 156,624;0,00;0,00;- 3,68;;
2026.02.04 09:48:56;400313899;USDJPYm;buy;0.64; 156,635; 156,347; 157,067;2026.02.04 09:48:56; 156,627;0,00;0,00;- 3,27;;
2026.02.04 09:48:58;400313950;USDJPYm;buy;0.64; 156,634; 156,346; 157,066;2026.02.04 09:48:59; 156,622;0,00;0,00;- 4,90;;
2026.02.04 09:49:01;400314016;USDJPYm;buy;0.64; 156,633; 156,345; 157,065;2026.02.04 09:49:01; 156,614;0,00;0,00;- 7,76;;
2026.02.04 09:49:02;400314071;USDJPYm;buy;0.64; 156,622; 156,334; 157,054;2026.02.04 09:49:03; 156,617;0,00;0,00;- 2,04;;
2026.02.04 09:49:03;400314109;USDJPYm;buy;0.64; 156,622; 156,336; 157,056;2026.02.04 09:49:04; 156,617;0,00;0,00;- 2,04;;
2026.02.04 09:49:05;400314146;USDJPYm;buy;0.64; 156,631; 156,341; 157,061;2026.02.04 09:49:05; 156,622;0,00;0,00;- 3,68;;
2026.02.04 09:49:07;400314179;USDJPYm;buy;0.64; 156,630; 156,342; 157,062;2026.02.04 09:49:10; 156,619;0,00;0,00;- 4,49;;
2026.02.04 09:49:10;400314196;USDJPYm;buy;0.64; 156,632; 156,344; 157,064;2026.02.04 09:49:12; 156,621;0,00;0,00;- 4,49;;
2026.02.04 09:49:13;400314240;USDJPYm;buy;0.64; 156,632; 156,344; 157,064;2026.02.04 09:49:16; 156,612;0,00;0,00;- 8,17;;
2026.02.04 09:49:17;400314308;USDJPYm;buy;0.64; 156,620; 156,332; 157,052;2026.02.04 09:49:18; 156,609;0,00;0,00;- 4,50;;
2026.02.04 09:49:19;400314340;USDJPYm;buy;0.64; 156,618; 156,330; 157,050;2026.02.04 09:49:20; 156,607;0,00;0,00;- 4,50;;
2026.02.04 09:49:22;400314460;USDJPYm;buy;0.64; 156,616; 156,328; 157,048;2026.02.04 09:49:22; 156,609;0,00;0,00;- 2,86;;
2026.02.04 09:49:24;400314509;USDJPYm;buy;0.64; 156,617; 156,329; 157,049;2026.02.04 09:49:25; 156,610;0,00;0,00;- 2,86;;
2026.02.04 09:49:25;400314530;USDJPYm;buy;0.64; 156,622; 156,334; 157,054;2026.02.04 09:49:26; 156,613;0,00;0,00;- 3,68;;
2026.02.04 09:49:27;400314547;USDJPYm;buy;0.64; 156,626; 156,337; 157,057;2026.02.04 09:49:28; 156,614;0,00;0,00;- 4,90;;
2026.02.04 09:49:29;400314557;USDJPYm;buy;0.64; 156,625; 156,337; 157,057;2026.02.04 09:49:29; 156,621;0,00;0,00;- 1,63;;
2026.02.04 09:49:30;400314567;USDJPYm;buy;0.64; 156,625; 156,339; 157,059;2026.02.04 09:49:36; 156,616;0,00;0,00;- 3,68;;
2026.02.04 09:49:37;400314610;USDJPYm;buy;0.64; 156,628; 156,340; 157,060;2026.02.04 09:49:38; 156,620;0,00;0,00;- 3,27;;
2026.02.04 09:49:39;400314622;USDJPYm;buy;0.64; 156,629; 156,341; 157,061;2026.02.04 09:49:40; 156,621;0,00;0,00;- 3,27;;
2026.02.04 09:49:40;400314641;USDJPYm;buy;0.64; 156,633; 156,345; 157,065;2026.02.04 09:49:41; 156,619;0,00;0,00;- 5,72;;
2026.02.04 09:49:42;400314751;USDJPYm;buy;0.64; 156,631; 156,343; 157,063;2026.02.04 09:49:43; 156,622;0,00;0,00;- 3,68;;
2026.02.04 09:49:47;400314829;USDJPYm;buy;0.64; 156,631; 156,343; 157,063;2026.02.04 09:49:49; 156,620;0,00;0,00;- 4,49;;
2026.02.04 09:49:50;400314850;USDJPYm;buy;0.64; 156,629; 156,341; 157,061;2026.02.04 09:49:53; 156,621;0,00;0,00;- 3,27;;
2026.02.04 09:49:54;400314915;USDJPYm;buy;0.64; 156,632; 156,344; 157,064;2026.02.04 09:49:55; 156,621;0,00;0,00;- 4,49;;
2026.02.04 09:49:58;400314963;USDJPYm;buy;0.64; 156,633; 156,345; 157,065;2026.02.04 09:49:59; 156,622;0,00;0,00;- 4,49;;
2026.02.04 09:50:00;400315000;USDJPYm;buy;0.64; 156,633; 156,345; 157,065;2026.02.04 09:50:01; 156,624;0,00;0,00;- 3,68;;
2026.02.04 09:50:02;400315168;USDJPYm;buy;0.64; 156,635; 156,347; 157,067;2026.02.04 09:50:04; 156,627;0,00;0,00;- 3,27;;
2026.02.04 09:50:05;400315223;USDJPYm;buy;0.64; 156,638; 156,350; 157,070;2026.02.04 09:50:08; 156,626;0,00;0,00;- 4,90;;
2026.02.04 09:50:11;400315382;USDJPYm;buy;0.63; 156,637; 156,349; 157,069;2026.02.04 09:50:12; 156,626;0,00;0,00;- 4,42;;
2026.02.04 09:50:15;400315462;USDJPYm;buy;0.63; 156,634; 156,346; 157,066;2026.02.04 09:50:15; 156,618;0,00;0,00;- 6,44;;
2026.02.04 09:50:16;400315484;USDJPYm;buy;0.63; 156,630; 156,342; 157,062;2026.02.04 09:50:18; 156,622;0,00;0,00;- 3,22;;
2026.02.04 09:50:20;400315519;USDJPYm;buy;0.63; 156,631; 156,343; 157,063;2026.02.04 09:50:23; 156,614;0,00;0,00;- 6,84;;
2026.02.04 09:50:25;400315558;USDJPYm;buy;0.63; 156,627; 156,339; 157,059;2026.02.04 09:50:26; 156,615;0,00;0,00;- 4,83;;
2026.02.04 09:50:27;400315575;USDJPYm;buy;0.63; 156,613; 156,335; 157,055;2026.02.04 09:50:27; 156,601;0,00;0,00;- 4,83;;
2026.02.04 09:50:28;400315589;USDJPYm;buy;0.63; 156,608; 156,321; 157,041;2026.02.04 09:50:29; 156,601;0,00;0,00;- 2,82;;
2026.02.04 09:50:30;400315595;USDJPYm;buy;0.63; 156,612; 156,324; 157,044;2026.02.04 09:50:31; 156,599;0,00;0,00;- 5,23;;
2026.02.04 09:50:32;400315654;USDJPYm;buy;0.63; 156,611; 156,323; 157,043;2026.02.04 09:50:35; 156,605;0,00;0,00;- 2,41;;
2026.02.04 09:50:36;400315709;USDJPYm;buy;0.63; 156,620; 156,329; 157,049;2026.02.04 09:50:37; 156,608;0,00;0,00;- 4,83;;
2026.02.04 09:50:42;400315793;USDJPYm;buy;0.63; 156,618; 156,327; 157,047;2026.02.04 09:50:43; 156,610;0,00;0,00;- 3,22;;
2026.02.04 09:50:44;400315813;USDJPYm;buy;0.63; 156,622; 156,334; 157,054;2026.02.04 09:50:45; 156,611;0,00;0,00;- 4,42;;
2026.02.04 09:50:48;400315860;USDJPYm;buy;0.63; 156,618; 156,330; 157,050;2026.02.04 09:50:49; 156,609;0,00;0,00;- 3,62;;
2026.02.04 09:50:52;400315954;USDJPYm;buy;0.63; 156,621; 156,333; 157,053;2026.02.04 09:50:56; 156,610;0,00;0,00;- 4,43;;
2026.02.04 09:50:57;400316018;USDJPYm;buy;0.63; 156,615; 156,330; 157,050;2026.02.04 09:51:00; 156,608;0,00;0,00;- 2,82;;
2026.02.04 09:51:01;400316111;USDJPYm;buy;0.63; 156,619; 156,331; 157,051;2026.02.04 09:51:03; 156,611;0,00;0,00;- 3,22;;
2026.02.04 09:51:06;400316175;USDJPYm;buy;0.63; 156,618; 156,330; 157,050;2026.02.04 09:51:07; 156,609;0,00;0,00;- 3,62;;
2026.02.04 09:51:10;400316326;USDJPYm;buy;0.63; 156,621; 156,333; 157,053;2026.02.04 09:51:11; 156,610;0,00;0,00;- 4,43;;
2026.02.04 09:51:13;400316392;USDJPYm;buy;0.63; 156,622; 156,334; 157,054;2026.02.04 09:51:16; 156,609;0,00;0,00;- 5,23;;
2026.02.04 09:51:18;400316648;USDJPYm;buy;0.63; 156,620; 156,332; 157,052;2026.02.04 09:51:19; 156,612;0,00;0,00;- 3,22;;
2026.02.04 09:51:21;400316720;USDJPYm;buy;0.63; 156,621; 156,333; 157,053;2026.02.04 09:51:25; 156,612;0,00;0,00;- 3,62;;
2026.02.04 09:51:27;400316870;USDJPYm;buy;0.63; 156,624; 156,336; 157,056;2026.02.04 09:51:29; 156,612;0,00;0,00;- 4,83;;
2026.02.04 09:51:31;400316951;USDJPYm;buy;0.63; 156,628; 156,337; 157,057;2026.02.04 09:51:32; 156,621;0,00;0,00;- 2,82;;
2026.02.04 09:51:33;400316985;USDJPYm;buy;0.63; 156,630; 156,342; 157,062;2026.02.04 09:51:34; 156,619;0,00;0,00;- 4,42;;
2026.02.04 09:51:35;400317016;USDJPYm;buy;0.63; 156,628; 156,340; 157,060;2026.02.04 09:51:38; 156,615;0,00;0,00;- 5,23;;
2026.02.04 09:51:40;400317076;USDJPYm;buy;0.63; 156,627; 156,335; 157,055;2026.02.04 09:51:40; 156,619;0,00;0,00;- 3,22;;
2026.02.04 09:51:41;400317079;USDJPYm;buy;0.63; 156,628; 156,340; 157,060;2026.02.04 09:51:42; 156,620;0,00;0,00;- 3,22;;
2026.02.04 09:51:43;400317088;USDJPYm;buy;0.63; 156,632; 156,344; 157,064;2026.02.04 09:51:44; 156,624;0,00;0,00;- 3,22;;
2026.02.04 09:51:47;400317109;USDJPYm;buy;0.63; 156,642; 156,348; 157,068;2026.02.04 09:51:48; 156,628;0,00;0,00;- 5,63;;
2026.02.04 09:51:50;400317131;USDJPYm;buy;0.63; 156,639; 156,351; 157,071;2026.02.04 09:51:52; 156,627;0,00;0,00;- 4,83;;
2026.02.04 09:51:53;400317152;USDJPYm;buy;0.63; 156,638; 156,350; 157,070;2026.02.04 09:51:57; 156,629;0,00;0,00;- 3,62;;
2026.02.04 09:51:58;400317222;USDJPYm;buy;0.63; 156,641; 156,353; 157,073;2026.02.04 09:51:59; 156,632;0,00;0,00;- 3,62;;
2026.02.04 09:52:01;400317348;USDJPYm;buy;0.63; 156,640; 156,352; 157,072;2026.02.04 09:52:02; 156,629;0,00;0,00;- 4,42;;
2026.02.04 09:52:03;400317416;USDJPYm;buy;0.63; 156,642; 156,354; 157,074;2026.02.04 09:52:03; 156,633;0,00;0,00;- 3,62;;
2026.02.04 09:52:04;400317467;USDJPYm;buy;0.63; 156,645; 156,357; 157,077;2026.02.04 09:52:08; 156,639;0,00;0,00;- 2,41;;
2026.02.04 09:52:09;400317553;USDJPYm;buy;0.63; 156,648; 156,360; 157,080;2026.02.04 09:52:10; 156,640;0,00;0,00;- 3,22;;
2026.02.04 09:52:12;400317682;USDJPYm;buy;0.63; 156,651; 156,363; 157,083;2026.02.04 09:52:13; 156,638;0,00;0,00;- 5,23;;
2026.02.04 09:52:14;400317733;USDJPYm;buy;0.63; 156,650; 156,362; 157,082;2026.02.04 09:52:14; 156,637;0,00;0,00;- 5,23;;
2026.02.04 09:52:17;400317826;USDJPYm;buy;0.63; 156,644; 156,356; 157,076;2026.02.04 09:52:18; 156,633;0,00;0,00;- 4,42;;
2026.02.04 09:52:21;400317936;USDJPYm;buy;0.63; 156,642; 156,354; 157,074;2026.02.04 09:52:22; 156,631;0,00;0,00;- 4,42;;
2026.02.04 09:52:24;400318028;USDJPYm;buy;0.63; 156,637; 156,351; 157,071;2026.02.04 09:52:25; 156,628;0,00;0,00;- 3,62;;
2026.02.04 09:52:26;400318068;USDJPYm;buy;0.63; 156,636; 156,348; 157,068;2026.02.04 09:52:27; 156,622;0,00;0,00;- 5,63;;
2026.02.04 09:52:30;400318131;USDJPYm;buy;0.63; 156,634; 156,346; 157,066;2026.02.04 09:52:31; 156,623;0,00;0,00;- 4,42;;
2026.02.04 09:52:33;400318167;USDJPYm;buy;0.63; 156,635; 156,347; 157,067;2026.02.04 09:52:34; 156,624;0,00;0,00;- 4,42;;
2026.02.04 09:52:35;400318230;USDJPYm;buy;0.62; 156,635; 156,347; 157,067;2026.02.04 09:52:36; 156,629;0,00;0,00;- 2,38;;
2026.02.04 09:52:40;400318314;USDJPYm;buy;0.62; 156,641; 156,353; 157,073;2026.02.04 09:52:41; 156,632;0,00;0,00;- 3,56;;
2026.02.04 09:52:43;400318334;USDJPYm;buy;0.62; 156,640; 156,352; 157,072;2026.02.04 09:52:47; 156,629;0,00;0,00;- 4,35;;
2026.02.04 09:52:49;400318387;USDJPYm;buy;0.62; 156,640; 156,352; 157,072;2026.02.04 09:52:55; 156,634;0,00;0,00;- 2,37;;
2026.02.04 09:52:55;400318446;USDJPYm;buy;0.62; 156,646; 156,358; 157,078;2026.02.04 09:53:00; 156,637;0,00;0,00;- 3,56;;
2026.02.04 09:53:01;400318556;USDJPYm;buy;0.62; 156,647; 156,359; 157,079;2026.02.04 09:53:03; 156,634;0,00;0,00;- 5,15;;
2026.02.04 09:53:05;400318640;USDJPYm;buy;0.62; 156,645; 156,357; 157,077;2026.02.04 09:53:07; 156,632;0,00;0,00;- 5,15;;
2026.02.04 09:53:08;400318689;USDJPYm;buy;0.62; 156,643; 156,355; 157,075;2026.02.04 09:53:09; 156,632;0,00;0,00;- 4,35;;
2026.02.04 09:53:11;400318710;USDJPYm;buy;0.62; 156,643; 156,355; 157,075;2026.02.04 09:53:13; 156,628;0,00;0,00;- 5,94;;
2026.02.04 09:53:14;400318721;USDJPYm;buy;0.62; 156,639; 156,351; 157,071;2026.02.04 09:53:16; 156,631;0,00;0,00;- 3,17;;
2026.02.04 09:53:17;400318736;USDJPYm;buy;0.62; 156,640; 156,352; 157,072;2026.02.04 09:53:18; 156,625;0,00;0,00;- 5,94;;
2026.02.04 09:53:19;400318754;USDJPYm;buy;0.62; 156,634; 156,346; 157,066;2026.02.04 09:53:19; 156,622;0,00;0,00;- 4,75;;
2026.02.04 09:53:21;400318778;USDJPYm;buy;0.62; 156,633; 156,345; 157,065;2026.02.04 09:53:25; 156,625;0,00;0,00;- 3,17;;
2026.02.04 09:53:29;400318841;USDJPYm;buy;0.62; 156,645; 156,354; 157,074;2026.02.04 09:53:29; 156,636;0,00;0,00;- 3,56;;
2026.02.04 09:53:34;400318889;USDJPYm;buy;0.62; 156,645; 156,357; 157,077;2026.02.04 09:53:34; 156,640;0,00;0,00;- 1,98;;
2026.02.04 09:53:38;400318935;USDJPYm;buy;0.62; 156,648; 156,360; 157,080;2026.02.04 09:53:39; 156,639;0,00;0,00;- 3,56;;
2026.02.04 09:53:54;400319031;USDJPYm;buy;0.62; 156,648; 156,360; 157,080;2026.02.04 09:53:55; 156,639;0,00;0,00;- 3,56;;
2026.02.04 09:54:01;400319133;USDJPYm;buy;0.62; 156,649; 156,361; 157,081;2026.02.04 09:54:04; 156,642;0,00;0,00;- 2,77;;
2026.02.04 09:54:05;400319262;USDJPYm;buy;0.62; 156,646; 156,360; 157,080;2026.02.04 09:54:06; 156,636;0,00;0,00;- 3,96;;
2026.02.04 09:54:08;400319333;USDJPYm;buy;0.62; 156,647; 156,359; 157,079;2026.02.04 09:54:08; 156,643;0,00;0,00;- 1,58;;
2026.02.04 09:54:10;400319396;USDJPYm;buy;0.62; 156,652; 156,364; 157,084;2026.02.04 09:54:12; 156,641;0,00;0,00;- 4,35;;
2026.02.04 09:54:17;400319466;USDJPYm;buy;0.62; 156,649; 156,361; 157,081;2026.02.04 09:54:18; 156,635;0,00;0,00;- 5,54;;
2026.02.04 09:54:21;400319495;USDJPYm;buy;0.62; 156,643; 156,355; 157,075;2026.02.04 09:54:26; 156,632;0,00;0,00;- 4,35;;
2026.02.04 09:54:29;400319557;USDJPYm;buy;0.62; 156,644; 156,356; 157,076;2026.02.04 09:54:30; 156,636;0,00;0,00;- 3,17;;
2026.02.04 09:54:32;400319585;USDJPYm;buy;0.62; 156,647; 156,359; 157,079;2026.02.04 09:54:33; 156,636;0,00;0,00;- 4,35;;
2026.02.04 09:54:36;400319605;USDJPYm;buy;0.62; 156,645; 156,357; 157,077;2026.02.04 09:54:38; 156,633;0,00;0,00;- 4,75;;
2026.02.04 09:54:38;400319620;USDJPYm;buy;0.62; 156,646; 156,358; 157,078;2026.02.04 09:54:42; 156,637;0,00;0,00;- 3,56;;
2026.02.04 09:54:44;400319680;USDJPYm;buy;0.62; 156,646; 156,358; 157,078;2026.02.04 09:54:44; 156,634;0,00;0,00;- 4,75;;
2026.02.04 09:54:46;400319692;USDJPYm;buy;0.62; 156,636; 156,352; 157,072;2026.02.04 09:54:48; 156,628;0,00;0,00;- 3,17;;
2026.02.04 09:54:49;400319715;USDJPYm;buy;0.62; 156,636; 156,348; 157,068;2026.02.04 09:54:50; 156,627;0,00;0,00;- 3,56;;
2026.02.04 09:54:52;400319730;USDJPYm;buy;0.62; 156,635; 156,347; 157,067;2026.02.04 09:54:53; 156,624;0,00;0,00;- 4,35;;
2026.02.04 09:54:54;400319740;USDJPYm;buy;0.62; 156,632; 156,344; 157,064;2026.02.04 09:54:55; 156,623;0,00;0,00;- 3,56;;
2026.02.04 09:55:00;400319764;USDJPYm;buy;0.62; 156,636; 156,348; 157,068;2026.02.04 09:55:01; 156,625;0,00;0,00;- 4,35;;
2026.02.04 09:55:10;400319947;USDJPYm;buy;0.62; 156,634; 156,346; 157,066;2026.02.04 09:55:12; 156,625;0,00;0,00;- 3,56;;
2026.02.04 09:55:25;400320059;USDJPYm;buy;0.62; 156,630; 156,344; 157,064;2026.02.04 09:55:25; 156,630;0,00;0,00;0,00;;
2026.02.04 09:55:26;400320071;USDJPYm;buy;0.62; 156,641; 156,353; 157,073;2026.02.04 09:55:27; 156,630;0,00;0,00;- 4,35;;
2026.02.04 09:55:28;400320080;USDJPYm;buy;0.62; 156,637; 156,349; 157,069;2026.02.04 09:55:29; 156,626;0,00;0,00;- 4,35;;
2026.02.04 09:55:30;400320091;USDJPYm;buy;0.62; 156,643; 156,351; 157,071;2026.02.04 09:55:31; 156,627;0,00;0,00;- 6,33;;
2026.02.04 09:55:32;400320102;USDJPYm;buy;0.62; 156,638; 156,350; 157,070;2026.02.04 09:55:33; 156,629;0,00;0,00;- 3,56;;
2026.02.04 09:55:35;400320118;USDJPYm;buy;0.62; 156,638; 156,350; 157,070;2026.02.04 09:55:36; 156,627;0,00;0,00;- 4,35;;
2026.02.04 09:55:37;400320129;USDJPYm;buy;0.62; 156,639; 156,351; 157,071;2026.02.04 09:55:37; 156,632;0,00;0,00;- 2,77;;
2026.02.04 09:55:38;400320138;USDJPYm;buy;0.62; 156,641; 156,353; 157,073;2026.02.04 09:55:43; 156,626;0,00;0,00;- 5,94;;
2026.02.04 09:55:45;400320169;USDJPYm;buy;0.62; 156,638; 156,350; 157,070;2026.02.04 09:55:47; 156,631;0,00;0,00;- 2,77;;
2026.02.04 09:55:51;400320203;USDJPYm;buy;0.62; 156,640; 156,352; 157,072;2026.02.04 09:55:53; 156,631;0,00;0,00;- 3,56;;
2026.02.04 09:55:54;400320228;USDJPYm;buy;0.62; 156,642; 156,354; 157,074;2026.02.04 09:55:55; 156,631;0,00;0,00;- 4,35;;
2026.02.04 09:55:57;400320254;USDJPYm;buy;0.62; 156,642; 156,354; 157,074;2026.02.04 09:55:58; 156,636;0,00;0,00;- 2,37;;
2026.02.04 09:56:00;400320281;USDJPYm;buy;0.62; 156,647; 156,359; 157,079;2026.02.04 09:56:01; 156,637;0,00;0,00;- 3,96;;
2026.02.04 09:56:02;400320356;USDJPYm;buy;0.62; 156,646; 156,358; 157,078;2026.02.04 09:56:18; 156,637;0,00;0,00;- 3,56;;
2026.02.04 09:56:20;400320611;USDJPYm;buy;0.61; 156,648; 156,360; 157,080;2026.02.04 09:56:23; 156,637;0,00;0,00;- 4,28;;
2026.02.04 09:56:25;400320645;USDJPYm;buy;0.61; 156,649; 156,361; 157,081;2026.02.04 09:56:27; 156,640;0,00;0,00;- 3,50;;
2026.02.04 09:56:30;400320720;USDJPYm;buy;0.61; 156,649; 156,361; 157,081;2026.02.04 09:56:32; 156,640;0,00;0,00;- 3,50;;
2026.02.04 09:56:34;400320764;USDJPYm;buy;0.61; 156,649; 156,361; 157,081;2026.02.04 09:56:35; 156,647;0,00;0,00;- 0,78;;
2026.02.04 09:56:36;400320778;USDJPYm;buy;0.61; 156,653; 156,365; 157,085;2026.02.04 09:56:36; 156,648;0,00;0,00;- 1,95;;
2026.02.04 09:56:37;400320800;USDJPYm;buy;0.61; 156,666; 156,371; 157,091;2026.02.04 09:56:37; 156,658;0,00;0,00;- 3,12;;
2026.02.04 09:56:38;400320810;USDJPYm;buy;0.61; 156,667; 156,379; 157,099;2026.02.04 09:56:40; 156,656;0,00;0,00;- 4,28;;
2026.02.04 09:56:41;400320831;USDJPYm;buy;0.61; 156,667; 156,379; 157,099;2026.02.04 09:56:43; 156,649;0,00;0,00;- 7,01;;
2026.02.04 09:56:43;400320843;USDJPYm;buy;0.61; 156,657; 156,369; 157,089;2026.02.04 09:56:45; 156,648;0,00;0,00;- 3,50;;
2026.02.04 09:56:46;400320868;USDJPYm;buy;0.61; 156,660; 156,372; 157,092;2026.02.04 09:56:47; 156,649;0,00;0,00;- 4,28;;
2026.02.04 09:56:50;400320897;USDJPYm;buy;0.61; 156,660; 156,372; 157,092;2026.02.04 09:56:51; 156,649;0,00;0,00;- 4,28;;
2026.02.04 09:56:52;400320913;USDJPYm;buy;0.61; 156,658; 156,370; 157,090;2026.02.04 09:56:54; 156,649;0,00;0,00;- 3,50;;
2026.02.04 09:56:55;400320945;USDJPYm;buy;0.61; 156,660; 156,372; 157,092;2026.02.04 09:56:57; 156,649;0,00;0,00;- 4,28;;
2026.02.04 09:57:00;400320991;USDJPYm;buy;0.61; 156,659; 156,371; 157,091;2026.02.04 09:57:04; 156,650;0,00;0,00;- 3,50;;
2026.02.04 09:57:07;400321155;USDJPYm;buy;0.61; 156,664; 156,374; 157,094;2026.02.04 09:57:07; 156,659;0,00;0,00;- 1,95;;
2026.02.04 09:57:08;400321162;USDJPYm;buy;0.61; 156,671; 156,383; 157,103;2026.02.04 09:57:12; 156,663;0,00;0,00;- 3,11;;
2026.02.04 09:57:13;400321236;USDJPYm;buy;0.61; 156,671; 156,383; 157,103;2026.02.04 09:57:14; 156,660;0,00;0,00;- 4,28;;
2026.02.04 09:57:20;400321314;USDJPYm;buy;0.61; 156,671; 156,383; 157,103;2026.02.04 09:57:22; 156,660;0,00;0,00;- 4,28;;
2026.02.04 09:57:24;400321371;USDJPYm;buy;0.61; 156,673; 156,385; 157,105;2026.02.04 09:57:26; 156,662;0,00;0,00;- 4,28;;
2026.02.04 09:57:28;400321398;USDJPYm;buy;0.61; 156,671; 156,383; 157,103;2026.02.04 09:57:29; 156,664;0,00;0,00;- 2,73;;
2026.02.04 09:57:31;400321431;USDJPYm;buy;0.61; 156,672; 156,384; 157,104;2026.02.04 09:57:34; 156,657;0,00;0,00;- 5,84;;
2026.02.04 09:57:34;400321450;USDJPYm;buy;0.61; 156,665; 156,377; 157,097;2026.02.04 09:57:36; 156,654;0,00;0,00;- 4,28;;
2026.02.04 09:57:37;400321466;USDJPYm;buy;0.61; 156,667; 156,379; 157,099;2026.02.04 09:57:40; 156,659;0,00;0,00;- 3,12;;
2026.02.04 09:57:42;400321495;USDJPYm;buy;0.61; 156,662; 156,377; 157,097;2026.02.04 09:57:43; 156,655;0,00;0,00;- 2,73;;
2026.02.04 09:57:45;400321513;USDJPYm;buy;0.61; 156,666; 156,378; 157,098;2026.02.04 09:57:46; 156,657;0,00;0,00;- 3,50;;
2026.02.04 09:57:55;400321575;USDJPYm;buy;0.61; 156,666; 156,378; 157,098;2026.02.04 09:57:57; 156,657;0,00;0,00;- 3,50;;
2026.02.04 09:58:01;400321619;USDJPYm;buy;0.61; 156,666; 156,378; 157,098;2026.02.04 09:58:02; 156,654;0,00;0,00;- 4,67;;
2026.02.04 09:58:03;400321718;USDJPYm;buy;0.61; 156,662; 156,374; 157,094;2026.02.04 09:58:08; 156,653;0,00;0,00;- 3,50;;
2026.02.04 09:58:15;400321865;USDJPYm;buy;0.61; 156,666; 156,378; 157,098;2026.02.04 09:58:17; 156,655;0,00;0,00;- 4,28;;
2026.02.04 09:58:23;400321943;USDJPYm;buy;0.61; 156,664; 156,376; 157,096;2026.02.04 09:58:24; 156,649;0,00;0,00;- 5,84;;
2026.02.04 09:58:24;400321951;USDJPYm;buy;0.61; 156,658; 156,370; 157,090;2026.02.04 09:58:25; 156,649;0,00;0,00;- 3,50;;
2026.02.04 09:58:30;400321999;USDJPYm;buy;0.61; 156,655; 156,368; 157,088;2026.02.04 09:58:31; 156,640;0,00;0,00;- 5,84;;
2026.02.04 09:58:33;400322022;USDJPYm;buy;0.61; 156,649; 156,361; 157,081;2026.02.04 09:58:34; 156,640;0,00;0,00;- 3,50;;
2026.02.04 09:58:35;400322070;USDJPYm;buy;0.61; 156,652; 156,364; 157,084;2026.02.04 09:58:36; 156,641;0,00;0,00;- 4,28;;
2026.02.04 09:58:38;400322109;USDJPYm;buy;0.61; 156,652; 156,364; 157,084;2026.02.04 09:58:44; 156,637;0,00;0,00;- 5,84;;
2026.02.04 09:58:45;400322176;USDJPYm;buy;0.61; 156,646; 156,358; 157,078;2026.02.04 09:58:48; 156,637;0,00;0,00;- 3,50;;
2026.02.04 09:58:53;400322230;USDJPYm;buy;0.61; 156,646; 156,358; 157,078;2026.02.04 09:58:55; 156,637;0,00;0,00;- 3,50;;
2026.02.04 09:59:00;400322263;USDJPYm;buy;0.61; 156,641; 156,353; 157,073;2026.02.04 09:59:00; 156,637;0,00;0,00;- 1,56;;
2026.02.04 09:59:04;400322321;USDJPYm;buy;0.61; 156,645; 156,357; 157,077;2026.02.04 09:59:10; 156,636;0,00;0,00;- 3,50;;
2026.02.04 09:59:16;400322397;USDJPYm;buy;0.61; 156,649; 156,361; 157,081;2026.02.04 09:59:17; 156,637;0,00;0,00;- 4,67;;
2026.02.04 09:59:23;400322448;USDJPYm;buy;0.61; 156,648; 156,360; 157,080;2026.02.04 09:59:25; 156,637;0,00;0,00;- 4,28;;
2026.02.04 09:59:32;400322521;USDJPYm;buy;0.61; 156,653; 156,362; 157,082;2026.02.04 09:59:36; 156,642;0,00;0,00;- 4,28;;
2026.02.04 09:59:48;400322603;USDJPYm;buy;0.61; 156,651; 156,363; 157,083;2026.02.04 09:59:55; 156,639;0,00;0,00;- 4,67;;
2026.02.04 09:59:58;400322664;USDJPYm;buy;0.61; 156,647; 156,359; 157,079;2026.02.04 09:59:59; 156,639;0,00;0,00;- 3,12;;
2026.02.04 10:00:00;400322681;USDJPYm;buy;0.61; 156,653; 156,363; 157,083;2026.02.04 10:00:00; 156,638;0,00;0,00;- 5,84;;
2026.02.04 10:00:01;400322858;USDJPYm;buy;0.57; 156,649; 156,344; 157,107;2026.02.04 10:00:04; 156,640;0,00;0,00;- 3,28;;
2026.02.04 10:00:06;400323065;USDJPYm;buy;0.57; 156,649; 156,344; 157,107;2026.02.04 10:00:08; 156,640;0,00;0,00;- 3,28;;
2026.02.04 10:00:09;400323101;USDJPYm;buy;0.57; 156,649; 156,344; 157,107;2026.02.04 10:00:10; 156,633;0,00;0,00;- 5,82;;
2026.02.04 10:00:11;400323202;USDJPYm;buy;0.57; 156,647; 156,342; 157,105;2026.02.04 10:00:12; 156,638;0,00;0,00;- 3,28;;
2026.02.04 10:00:13;400323273;USDJPYm;buy;0.57; 156,647; 156,342; 157,105;2026.02.04 10:00:15; 156,640;0,00;0,00;- 2,55;;
2026.02.04 10:00:16;400323358;USDJPYm;buy;0.57; 156,660; 156,355; 157,118;2026.02.04 10:00:17; 156,651;0,00;0,00;- 3,27;;
2026.02.04 10:00:18;400323388;USDJPYm;buy;0.57; 156,663; 156,358; 157,121;2026.02.04 10:00:19; 156,654;0,00;0,00;- 3,27;;
2026.02.04 10:00:21;400323449;USDJPYm;buy;0.57; 156,663; 156,358; 157,121;2026.02.04 10:00:22; 156,651;0,00;0,00;- 4,37;;
2026.02.04 10:00:25;400323491;USDJPYm;buy;0.57; 156,664; 156,359; 157,122;2026.02.04 10:00:26; 156,651;0,00;0,00;- 4,73;;
2026.02.04 10:00:27;400323502;USDJPYm;buy;0.57; 156,657; 156,352; 157,115;2026.02.04 10:00:29; 156,648;0,00;0,00;- 3,27;;
2026.02.04 10:00:34;400323546;USDJPYm;buy;0.57; 156,660; 156,355; 157,118;2026.02.04 10:00:34; 156,645;0,00;0,00;- 5,46;;
2026.02.04 10:00:35;400323558;USDJPYm;buy;0.57; 156,649; 156,344; 157,107;2026.02.04 10:00:37; 156,640;0,00;0,00;- 3,28;;
2026.02.04 10:00:39;400323608;USDJPYm;buy;0.57; 156,649; 156,344; 157,107;2026.02.04 10:00:41; 156,640;0,00;0,00;- 3,28;;
2026.02.04 10:00:45;400323659;USDJPYm;buy;0.57; 156,649; 156,344; 157,107;2026.02.04 10:00:53; 156,638;0,00;0,00;- 4,00;;
2026.02.04 10:00:54;400323742;USDJPYm;buy;0.57; 156,647; 156,342; 157,105;2026.02.04 10:00:55; 156,638;0,00;0,00;- 3,28;;
2026.02.04 10:01:01;400323812;USDJPYm;buy;0.57; 156,650; 156,345; 157,108;2026.02.04 10:01:03; 156,639;0,00;0,00;- 4,00;;
2026.02.04 10:01:08;400323921;USDJPYm;buy;0.57; 156,650; 156,345; 157,108;2026.02.04 10:01:11; 156,641;0,00;0,00;- 3,28;;
2026.02.04 10:01:13;400324016;USDJPYm;buy;0.57; 156,652; 156,345; 157,108;2026.02.04 10:01:13; 156,646;0,00;0,00;- 2,18;;
2026.02.04 10:01:15;400324070;USDJPYm;buy;0.57; 156,654; 156,353; 157,116;2026.02.04 10:01:16; 156,641;0,00;0,00;- 4,73;;
2026.02.04 10:01:18;400324103;USDJPYm;buy;0.57; 156,652; 156,347; 157,110;2026.02.04 10:01:19; 156,644;0,00;0,00;- 2,91;;
2026.02.04 10:01:22;400324162;USDJPYm;buy;0.57; 156,653; 156,348; 157,111;2026.02.04 10:01:27; 156,637;0,00;0,00;- 5,82;;
2026.02.04 10:01:28;400324228;USDJPYm;buy;0.57; 156,648; 156,343; 157,106;2026.02.04 10:01:31; 156,637;0,00;0,00;- 4,00;;
2026.02.04 10:01:33;400324288;USDJPYm;buy;0.57; 156,648; 156,343; 157,106;2026.02.04 10:01:36; 156,641;0,00;0,00;- 2,55;;
2026.02.04 10:01:37;400324356;USDJPYm;buy;0.57; 156,652; 156,347; 157,110;2026.02.04 10:01:38; 156,643;0,00;0,00;- 3,27;;
2026.02.04 10:01:40;400324396;USDJPYm;buy;0.57; 156,648; 156,343; 157,106;2026.02.04 10:01:41; 156,639;0,00;0,00;- 3,28;;
2026.02.04 10:01:44;400324439;USDJPYm;buy;0.57; 156,648; 156,343; 157,106;2026.02.04 10:02:00; 156,638;0,00;0,00;- 3,64;;
2026.02.04 10:02:07;400324962;USDJPYm;buy;0.57; 156,650; 156,345; 157,108;2026.02.04 10:02:14; 156,641;0,00;0,00;- 3,28;;
2026.02.04 10:02:15;400325182;USDJPYm;buy;0.57; 156,650; 156,345; 157,108;2026.02.04 10:02:16; 156,641;0,00;0,00;- 3,28;;
2026.02.04 10:02:17;400325220;USDJPYm;buy;0.57; 156,653; 156,348; 157,111;2026.02.04 10:02:18; 156,645;0,00;0,00;- 2,91;;
2026.02.04 10:02:20;400325260;USDJPYm;buy;0.57; 156,654; 156,349; 157,112;2026.02.04 10:02:25; 156,645;0,00;0,00;- 3,27;;
2026.02.04 10:02:32;400325649;USDJPYm;buy;0.57; 156,656; 156,351; 157,114;2026.02.04 10:02:33; 156,643;0,00;0,00;- 4,73;;
2026.02.04 10:02:34;400325720;USDJPYm;buy;0.57; 156,651; 156,346; 157,109;2026.02.04 10:02:35; 156,644;0,00;0,00;- 2,55;;
2026.02.04 10:02:59;400326185;USDJPYm;buy;0.57; 156,651; 156,346; 157,109;2026.02.04 10:03:00; 156,642;0,00;0,00;- 3,27;;
2026.02.04 10:03:01;400326252;USDJPYm;buy;0.57; 156,651; 156,346; 157,109;2026.02.04 10:03:04; 156,642;0,00;0,00;- 3,27;;
2026.02.04 10:03:19;400326828;USDJPYm;buy;0.57; 156,651; 156,346; 157,109;2026.02.04 10:03:23; 156,642;0,00;0,00;- 3,27;;
2026.02.04 10:03:42;400327026;USDJPYm;buy;0.56; 156,650; 156,345; 157,108;2026.02.04 10:03:43; 156,641;0,00;0,00;- 3,22;;
2026.02.04 10:03:44;400327044;USDJPYm;buy;0.56; 156,666; 156,352; 157,115;2026.02.04 10:03:46; 156,659;0,00;0,00;- 2,50;;
2026.02.04 10:03:47;400327092;USDJPYm;buy;0.56; 156,668; 156,363; 157,126;2026.02.04 10:03:49; 156,657;0,00;0,00;- 3,93;;
2026.02.04 10:03:50;400327125;USDJPYm;buy;0.56; 156,660; 156,358; 157,121;2026.02.04 10:03:50; 156,648;0,00;0,00;- 4,29;;
2026.02.04 10:03:51;400327147;USDJPYm;buy;0.56; 156,651; 156,352; 157,115;2026.02.04 10:03:52; 156,639;0,00;0,00;- 4,29;;
2026.02.04 10:03:53;400327174;USDJPYm;buy;0.56; 156,648; 156,343; 157,106;2026.02.04 10:03:54; 156,636;0,00;0,00;- 4,29;;
2026.02.04 10:03:55;400327205;USDJPYm;buy;0.56; 156,645; 156,340; 157,103;2026.02.04 10:03:57; 156,636;0,00;0,00;- 3,22;;
2026.02.04 10:03:58;400327234;USDJPYm;buy;0.56; 156,645; 156,340; 157,103;2026.02.04 10:03:59; 156,636;0,00;0,00;- 3,22;;
2026.02.04 10:03:59;400327255;USDJPYm;buy;0.56; 156,642; 156,337; 157,100;2026.02.04 10:04:01; 156,632;0,00;0,00;- 3,58;;
2026.02.04 10:04:01;400327329;USDJPYm;buy;0.56; 156,645; 156,340; 157,103;2026.02.04 10:04:04; 156,636;0,00;0,00;- 3,22;;
2026.02.04 10:04:08;400327481;USDJPYm;buy;0.56; 156,645; 156,340; 157,103;2026.02.04 10:04:12; 156,636;0,00;0,00;- 3,22;;
2026.02.04 10:04:12;400327596;USDJPYm;buy;0.56; 156,654; 156,343; 157,106;2026.02.04 10:04:13; 156,645;0,00;0,00;- 3,22;;
2026.02.04 10:04:15;400327654;USDJPYm;buy;0.56; 156,656; 156,351; 157,114;2026.02.04 10:04:17; 156,645;0,00;0,00;- 3,93;;
2026.02.04 10:04:24;400327809;USDJPYm;buy;0.56; 156,653; 156,348; 157,111;2026.02.04 10:04:25; 156,642;0,00;0,00;- 3,93;;
2026.02.04 10:04:26;400327835;USDJPYm;buy;0.56; 156,653; 156,348; 157,111;2026.02.04 10:04:28; 156,642;0,00;0,00;- 3,93;;
2026.02.04 10:04:28;400327919;USDJPYm;buy;0.56; 156,650; 156,345; 157,108;2026.02.04 10:04:30; 156,641;0,00;0,00;- 3,22;;
2026.02.04 10:04:32;400327960;USDJPYm;buy;0.56; 156,652; 156,347; 157,110;2026.02.04 10:04:34; 156,643;0,00;0,00;- 3,22;;
2026.02.04 10:04:40;400328021;USDJPYm;buy;0.56; 156,647; 156,346; 157,109;2026.02.04 10:04:41; 156,636;0,00;0,00;- 3,93;;
2026.02.04 10:04:43;400328041;USDJPYm;buy;0.56; 156,645; 156,340; 157,103;2026.02.04 10:04:50; 156,642;0,00;0,00;- 1,07;;
2026.02.04 10:04:52;400328067;USDJPYm;buy;0.56; 156,653; 156,348; 157,111;2026.02.04 10:04:52; 156,636;0,00;0,00;- 6,08;;
2026.02.04 10:04:53;400328073;USDJPYm;buy;0.56; 156,644; 156,339; 157,102;2026.02.04 10:04:54; 156,635;0,00;0,00;- 3,22;;
2026.02.04 10:04:56;400328150;USDJPYm;buy;0.56; 156,648; 156,343; 157,106;2026.02.04 10:04:59; 156,635;0,00;0,00;- 4,65;;
2026.02.04 10:05:00;400328194;USDJPYm;buy;0.56; 156,645; 156,340; 157,103;2026.02.04 10:05:00; 156,632;0,00;0,00;- 4,65;;
2026.02.04 10:05:02;400328273;USDJPYm;buy;0.56; 156,641; 156,336; 157,099;2026.02.04 10:05:03; 156,632;0,00;0,00;- 3,22;;
2026.02.04 10:05:07;400328309;USDJPYm;buy;0.56; 156,635; 156,338; 157,101;2026.02.04 10:05:08; 156,623;0,00;0,00;- 4,29;;
2026.02.04 10:05:09;400328364;USDJPYm;buy;0.56; 156,631; 156,326; 157,089;2026.02.04 10:05:10; 156,622;0,00;0,00;- 3,22;;
2026.02.04 10:05:11;400328425;USDJPYm;buy;0.56; 156,633; 156,328; 157,091;2026.02.04 10:05:15; 156,624;0,00;0,00;- 3,22;;
2026.02.04 10:05:17;400328490;USDJPYm;buy;0.56; 156,635; 156,330; 157,093;2026.02.04 10:05:18; 156,624;0,00;0,00;- 3,93;;
2026.02.04 10:05:20;400328518;USDJPYm;buy;0.56; 156,633; 156,328; 157,091;2026.02.04 10:05:21; 156,621;0,00;0,00;- 4,29;;
2026.02.04 10:05:23;400328550;USDJPYm;buy;0.56; 156,627; 156,324; 157,087;2026.02.04 10:05:35; 156,620;0,00;0,00;- 2,50;;
2026.02.04 10:05:36;400328686;USDJPYm;buy;0.56; 156,631; 156,326; 157,089;2026.02.04 10:05:37; 156,620;0,00;0,00;- 3,93;;
2026.02.04 10:05:39;400328707;USDJPYm;buy;0.56; 156,629; 156,324; 157,087;2026.02.04 10:05:53; 156,622;0,00;0,00;- 2,50;;
2026.02.04 10:05:55;400328826;USDJPYm;buy;0.56; 156,620; 156,325; 157,088;2026.02.04 10:06:08; 156,621;0,00;0,00; 0,36;;
2026.02.04 10:06:09;400329103;USDJPYm;buy;0.56; 156,630; 156,325; 157,088;2026.02.04 10:06:15; 156,620;0,00;0,00;- 3,58;;
2026.02.04 10:06:18;400329214;USDJPYm;buy;0.56; 156,629; 156,324; 157,087;2026.02.04 10:06:35; 156,621;0,00;0,00;- 2,86;;
2026.02.04 10:06:37;400329471;USDJPYm;buy;0.56; 156,630; 156,325; 157,088;2026.02.04 10:06:40; 156,622;0,00;0,00;- 2,86;;
2026.02.04 10:06:40;400329547;USDJPYm;buy;0.56; 156,629; 156,324; 157,087;2026.02.04 10:06:49; 156,620;0,00;0,00;- 3,22;;
2026.02.04 10:06:51;400329990;USDJPYm;buy;0.56; 156,629; 156,324; 157,087;2026.02.04 10:07:29; 156,620;0,00;0,00;- 3,22;;
2026.02.04 10:07:30;400330804;USDJPYm;buy;0.56; 156,629; 156,324; 157,087;2026.02.04 10:07:31; 156,620;0,00;0,00;- 3,22;;
2026.02.04 10:07:34;400330889;USDJPYm;buy;0.56; 156,632; 156,327; 157,090;2026.02.04 10:07:35; 156,621;0,00;0,00;- 3,93;;
2026.02.04 10:07:40;400330970;USDJPYm;buy;0.56; 156,632; 156,327; 157,090;2026.02.04 10:07:42; 156,621;0,00;0,00;- 3,93;;
2026.02.04 10:07:44;400331005;USDJPYm;buy;0.56; 156,630; 156,325; 157,088;2026.02.04 10:07:50; 156,621;0,00;0,00;- 3,22;;
2026.02.04 10:07:56;400331065;USDJPYm;buy;0.56; 156,632; 156,327; 157,090;2026.02.04 10:08:00; 156,623;0,00;0,00;- 3,22;;
2026.02.04 10:08:05;400331315;USDJPYm;buy;0.56; 156,632; 156,327; 157,090;2026.02.04 10:08:06; 156,618;0,00;0,00;- 5,01;;
2026.02.04 10:08:08;400331371;USDJPYm;buy;0.56; 156,630; 156,325; 157,088;2026.02.04 10:08:09; 156,622;0,00;0,00;- 2,86;;
2026.02.04 10:08:10;400331392;USDJPYm;buy;0.56; 156,639; 156,332; 157,095;2026.02.04 10:08:11; 156,633;0,00;0,00;- 2,15;;
2026.02.04 10:08:13;400331423;USDJPYm;buy;0.56; 156,645; 156,340; 157,103;2026.02.04 10:08:14; 156,634;0,00;0,00;- 3,93;;
2026.02.04 10:08:15;400331449;USDJPYm;buy;0.56; 156,643; 156,338; 157,101;2026.02.04 10:08:18; 156,632;0,00;0,00;- 3,93;;
2026.02.04 10:08:19;400331492;USDJPYm;buy;0.56; 156,645; 156,340; 157,103;2026.02.04 10:08:19; 156,644;0,00;0,00;- 0,36;;
2026.02.04 10:08:20;400331511;USDJPYm;buy;0.56; 156,649; 156,346; 157,109;2026.02.04 10:08:22; 156,637;0,00;0,00;- 4,29;;
2026.02.04 10:08:25;400331565;USDJPYm;buy;0.56; 156,648; 156,343; 157,106;2026.02.04 10:08:26; 156,641;0,00;0,00;- 2,50;;
2026.02.04 10:08:27;400331624;USDJPYm;buy;0.56; 156,652; 156,347; 157,110;2026.02.04 10:08:29; 156,642;0,00;0,00;- 3,58;;
2026.02.04 10:08:30;400331667;USDJPYm;buy;0.56; 156,654; 156,349; 157,112;2026.02.04 10:08:31; 156,646;0,00;0,00;- 2,86;;
2026.02.04 10:08:35;400331704;USDJPYm;buy;0.56; 156,655; 156,350; 157,113;2026.02.04 10:08:39; 156,644;0,00;0,00;- 3,93;;
2026.02.04 10:08:43;400331742;USDJPYm;buy;0.56; 156,653; 156,348; 157,111;2026.02.04 10:08:44; 156,634;0,00;0,00;- 6,79;;
2026.02.04 10:08:45;400331760;USDJPYm;buy;0.56; 156,642; 156,337; 157,100;2026.02.04 10:08:45; 156,637;0,00;0,00;- 1,79;;
2026.02.04 10:08:47;400331775;USDJPYm;buy;0.56; 156,649; 156,344; 157,107;2026.02.04 10:08:48; 156,636;0,00;0,00;- 4,65;;
2026.02.04 10:08:52;400331930;USDJPYm;buy;0.55; 156,651; 156,344; 157,107;2026.02.04 10:08:53; 156,642;0,00;0,00;- 3,16;;
2026.02.04 10:08:54;400331941;USDJPYm;buy;0.55; 156,649; 156,344; 157,107;2026.02.04 10:08:55; 156,637;0,00;0,00;- 4,21;;
2026.02.04 10:08:56;400331949;USDJPYm;buy;0.55; 156,646; 156,341; 157,104;2026.02.04 10:08:57; 156,637;0,00;0,00;- 3,16;;
2026.02.04 10:08:58;400331958;USDJPYm;buy;0.55; 156,646; 156,341; 157,104;2026.02.04 10:09:00; 156,636;0,00;0,00;- 3,51;;
2026.02.04 10:09:02;400332046;USDJPYm;buy;0.55; 156,652; 156,343; 157,106;2026.02.04 10:09:02; 156,636;0,00;0,00;- 5,62;;
2026.02.04 10:09:04;400332088;USDJPYm;buy;0.55; 156,645; 156,340; 157,103;2026.02.04 10:09:05; 156,636;0,00;0,00;- 3,16;;
2026.02.04 10:09:10;400332120;USDJPYm;buy;0.55; 156,650; 156,343; 157,106;2026.02.04 10:09:12; 156,641;0,00;0,00;- 3,16;;
2026.02.04 10:09:12;400332131;USDJPYm;buy;0.55; 156,648; 156,343; 157,106;2026.02.04 10:09:13; 156,636;0,00;0,00;- 4,21;;
2026.02.04 10:09:21;400332408;USDJPYm;buy;0.55; 156,645; 156,340; 157,103;2026.02.04 10:09:23; 156,634;0,00;0,00;- 3,86;;
2026.02.04 10:09:27;400332431;USDJPYm;buy;0.55; 156,646; 156,341; 157,104;2026.02.04 10:09:28; 156,635;0,00;0,00;- 3,86;;
2026.02.04 10:09:29;400332451;USDJPYm;buy;0.55; 156,644; 156,339; 157,102;2026.02.04 10:09:30; 156,635;0,00;0,00;- 3,16;;
2026.02.04 10:09:32;400332466;USDJPYm;buy;0.55; 156,644; 156,339; 157,102;2026.02.04 10:09:35; 156,636;0,00;0,00;- 2,81;;
2026.02.04 10:09:38;400332508;USDJPYm;buy;0.55; 156,645; 156,340; 157,103;2026.02.04 10:09:39; 156,631;0,00;0,00;- 4,92;;
2026.02.04 10:09:40;400332595;USDJPYm;buy;0.55; 156,640; 156,335; 157,098;2026.02.04 10:09:41; 156,631;0,00;0,00;- 3,16;;
2026.02.04 10:09:45;400332657;USDJPYm;buy;0.55; 156,640; 156,335; 157,098;2026.02.04 10:09:47; 156,632;0,00;0,00;- 2,81;;
2026.02.04 10:09:49;400332694;USDJPYm;buy;0.55; 156,641; 156,336; 157,099;2026.02.04 10:09:51; 156,632;0,00;0,00;- 3,16;;
2026.02.04 10:09:53;400332827;USDJPYm;buy;0.55; 156,641; 156,336; 157,099;2026.02.04 10:09:55; 156,630;0,00;0,00;- 3,86;;
2026.02.04 10:09:56;400332865;USDJPYm;buy;0.55; 156,642; 156,337; 157,100;2026.02.04 10:09:59; 156,631;0,00;0,00;- 3,86;;
2026.02.04 10:10:00;400332942;USDJPYm;buy;0.55; 156,642; 156,337; 157,100;2026.02.04 10:10:07; 156,622;0,00;0,00;- 7,02;;
2026.02.04 10:10:08;400333151;USDJPYm;buy;0.55; 156,635; 156,330; 157,093;2026.02.04 10:10:09; 156,620;0,00;0,00;- 5,27;;
2026.02.04 10:10:09;400333177;USDJPYm;buy;0.55; 156,641; 156,328; 157,091;2026.02.04 10:10:09; 156,632;0,00;0,00;- 3,16;;
2026.02.04 10:10:11;400333213;USDJPYm;buy;0.55; 156,648; 156,341; 157,104;2026.02.04 10:10:12; 156,640;0,00;0,00;- 2,81;;
2026.02.04 10:10:13;400333326;USDJPYm;buy;0.55; 156,642; 156,341; 157,104;2026.02.04 10:10:19; 156,633;0,00;0,00;- 3,16;;
2026.02.04 10:10:23;400333550;USDJPYm;buy;0.55; 156,640; 156,335; 157,098;2026.02.04 10:10:26; 156,631;0,00;0,00;- 3,16;;
2026.02.04 10:10:28;400333665;USDJPYm;buy;0.55; 156,642; 156,337; 157,100;2026.02.04 10:10:31; 156,620;0,00;0,00;- 7,73;;
2026.02.04 10:10:32;400333834;USDJPYm;buy;0.55; 156,631; 156,326; 157,089;2026.02.04 10:10:33; 156,625;0,00;0,00;- 2,11;;
2026.02.04 10:10:34;400333863;USDJPYm;buy;0.55; 156,637; 156,332; 157,095;2026.02.04 10:10:35; 156,628;0,00;0,00;- 3,16;;
2026.02.04 10:10:35;400333877;USDJPYm;buy;0.55; 156,634; 156,329; 157,092;2026.02.04 10:10:36; 156,625;0,00;0,00;- 3,16;;
2026.02.04 10:10:40;400334011;USDJPYm;buy;0.55; 156,634; 156,329; 157,092;2026.02.04 10:10:41; 156,623;0,00;0,00;- 3,86;;
2026.02.04 10:10:42;400334036;USDJPYm;buy;0.55; 156,635; 156,330; 157,093;2026.02.04 10:10:43; 156,623;0,00;0,00;- 4,21;;
2026.02.04 10:10:44;400334078;USDJPYm;buy;0.55; 156,634; 156,329; 157,092;2026.02.04 10:10:45; 156,632;0,00;0,00;- 0,70;;
2026.02.04 10:10:47;400334118;USDJPYm;buy;0.55; 156,641; 156,336; 157,099;2026.02.04 10:11:00; 156,631;0,00;0,00;- 3,51;;
2026.02.04 10:11:07;400334429;USDJPYm;buy;0.55; 156,640; 156,335; 157,098;2026.02.04 10:11:09; 156,631;0,00;0,00;- 3,16;;
2026.02.04 10:11:15;400334489;USDJPYm;buy;0.55; 156,647; 156,340; 157,103;2026.02.04 10:11:15; 156,635;0,00;0,00;- 4,21;;
2026.02.04 10:11:21;400334510;USDJPYm;buy;0.55; 156,646; 156,341; 157,104;2026.02.04 10:11:26; 156,635;0,00;0,00;- 3,86;;
2026.02.04 10:11:40;400334745;USDJPYm;buy;0.55; 156,662; 156,347; 157,110;2026.02.04 10:11:42; 156,651;0,00;0,00;- 3,86;;
2026.02.04 10:11:44;400334812;USDJPYm;buy;0.55; 156,656; 156,353; 157,116;2026.02.04 10:11:44; 156,643;0,00;0,00;- 4,56;;
2026.02.04 10:11:45;400334822;USDJPYm;buy;0.55; 156,654; 156,349; 157,112;2026.02.04 10:11:51; 156,645;0,00;0,00;- 3,16;;
2026.02.04 10:11:52;400334858;USDJPYm;buy;0.55; 156,654; 156,349; 157,112;2026.02.04 10:11:59; 156,643;0,00;0,00;- 3,86;;
2026.02.04 10:12:01;400334987;USDJPYm;buy;0.55; 156,653; 156,348; 157,111;2026.02.04 10:12:04; 156,646;0,00;0,00;- 2,46;;
2026.02.04 10:12:05;400335086;USDJPYm;buy;0.55; 156,654; 156,349; 157,112;2026.02.04 10:12:06; 156,646;0,00;0,00;- 2,81;;
2026.02.04 10:12:12;400335196;USDJPYm;buy;0.55; 156,655; 156,350; 157,113;2026.02.04 10:12:17; 156,644;0,00;0,00;- 3,86;;
2026.02.04 10:12:19;400335244;USDJPYm;buy;0.55; 156,655; 156,350; 157,113;2026.02.04 10:12:22; 156,646;0,00;0,00;- 3,16;;
2026.02.04 10:12:32;400335354;USDJPYm;buy;0.55; 156,653; 156,348; 157,111;2026.02.04 10:12:33; 156,644;0,00;0,00;- 3,16;;
2026.02.04 11:35:29;400425061;BTCUSDm;sell;0.15;75 871,26;75 724,75;74 588,42;2026.02.04 13:55:30;75 070,48;0,00;0,00; 120,12;;
2026.02.04 13:55:30;400609118;BTCUSDm;sell;0.14;75 061,85;75 803,54;73 705,61;2026.02.04 13:56:18;75 038,75;0,00;0,00; 3,23;;
2026.02.04 13:57:13;400611420;BTCUSDm;sell;0.14;74 970,85;75 492,03;73 622,18;2026.02.04 14:36:36;75 492,03;0,00;0,00;- 72,96;;
2026.02.04 14:36:36;400705849;BTCUSDm;sell;0.11;75 493,37;75 006,32;73 800,06;2026.02.04 15:02:16;73 800,06;0,00;0,00; 186,26;;
2026.02.04 15:02:17;400795368;BTCUSDm;sell;0.09;73 759,70;74 911,11;71 590,14;2026.02.04 15:09:23;74 911,11;0,00;0,00;- 103,63;;
2026.02.04 15:09:23;400813302;BTCUSDm;sell;0.09;74 901,54;74 967,69;72 766,63;2026.02.04 17:10:31;72 718,56;0,00;0,00; 196,47;;
2026.02.04 17:10:31;401187430;BTCUSDm;sell;0.05;72 692,54;73 135,19;68 848,50;2026.02.04 22:22:07;73 135,19;0,00;0,00;- 22,13;;
2026.02.04 22:22:07;401713125;BTCUSDm;sell;0.07;73 125,39;73 469,24;70 569,05;2026.02.05 01:53:04;72 433,84;0,00;0,00; 48,41;;
2026.02.05 11:43:00;403088700;BTCXAGm;buy;0.5; 899,897; 902,645; 932,841;2026.02.05 13:11:15; 902,645;0,00;0,00; 105,43;;
2026.02.05 12:00:00;403109604;XAGUSDm;sell;0.01; 78,392; 76,903; 73,602;2026.02.05 13:11:06; 76,903;0,00;0,00; 74,45;;
2026.02.05 13:11:15;403268838;BTCXAGm;buy;0.5; 903,301; 927,125; 966,695;2026.02.05 14:40:40; 927,125;0,00;0,00; 903,93;;
2026.02.05 14:10:00;403394234;XAGUSDm;sell;0.01; 75,109; 75,973; 69,524;2026.02.05 14:40:04; 75,973;0,00;0,00;- 43,20;;
2026.02.05 14:40:04;403482525;XAGUSDm;sell;0.01; 75,893; 75,021; 70,000;2026.02.05 16:02:52; 75,021;0,00;0,00; 43,60;;
2026.02.05 14:40:41;403484404;BTCXAGm;buy;0.5; 928,353; 898,075;1 001,134;2026.02.05 15:00:26; 898,075;0,00;0,00;-1 169,10;;
2026.02.05 15:15:00;403580101;AMDm;sell;0.16; 193,34; 195,42; 180,26;2026.02.05 16:24:56; 195,43;0,00;0,00;- 33,44;;
2026.02.05 16:02:52;403717267;XAGUSDm;sell;0.01; 74,945; 76,515; 66,976;2026.02.05 16:38:21; 76,515;0,00;0,00;- 78,50;;
2026.02.05 17:10:00;403884488;XAGUSDm;sell;0.01; 76,697; 76,830; 68,869;2026.02.05 18:24:03; 76,830;0,00;0,00;- 6,65;;
2026.02.05 18:24:04;404043714;XAGUSDm;sell;0.01; 76,736; 73,036; 70,260;2026.02.05 23:14:16; 70,260;0,00;0,00; 323,80;;
2026.02.05 19:00:00;404115691;AMDm;sell;0.52; 191,11; 193,19; 186,95;2026.02.05 19:18:26; 193,20;0,00;0,00;- 108,68;;
2026.02.05 23:02:33;404481146;BTCXAGm;buy;0.5; 907,283; 910,036; 981,283;2026.02.06 00:22:41; 910,036;0,00;0,00; 91,92;;
2026.02.05 23:14:17;404498063;XAGUSDm;sell;0.01; 70,200; 71,623; 65,271;2026.02.05 23:18:16; 68,816;0,00;0,00; 69,20;;
2026.02.05 23:33:16;404529474;XAGUSDm;sell;0.01; 68,089; 71,207; 62,460;2026.02.05 23:34:06; 68,030;0,00;0,00; 2,95;;
2026.02.05 23:49:06;404558862;XAGUSDm;sell;0.01; 67,224; 70,459; 61,401;2026.02.05 23:49:07; 67,267;0,00;0,00;- 2,15;;
2026.02.06 00:04:07;404596714;XAGUSDm;sell;0.01; 65,734; 69,017; 59,746;2026.02.06 00:04:08; 65,791;0,00;0,00;- 2,85;;
2026.02.06 00:19:07;404655338;XAGUSDm;sell;0.01; 64,752; 68,243; 58,421;2026.02.06 00:19:08; 64,798;0,00;0,00;- 2,30;;
2026.02.06 14:49:00;406065268;LLYm;buy;0.07;1 054,07;1 046,43;1 065,53;2026.02.06 14:49:04;1 051,58;0,00;0,00;- 17,43;;
2026.02.06 14:54:11;406074746;LLYm;buy;0.06;1 051,90;1 047,64;1 064,43;2026.02.06 14:57:47;1 047,60;0,00;0,00;- 25,80;;
2026.02.06 14:57:48;406081670;LLYm;buy;0.12;1 049,87;1 044,36;1 055,79;2026.02.06 14:58:51;1 044,30;0,00;0,00;- 66,84;;
2026.02.06 15:30:40;406158915;BTCUSDm;buy;0.06;68 139,95;70 057,85;71 332,16;2026.02.06 17:31:51;71 248,58;0,00;0,00; 186,51;;
2026.02.06 17:46:51;406429662;BTCUSDm;buy;0.08;71 137,39;69 954,98;73 709,90;2026.02.06 18:07:20;69 954,98;0,00;0,00;- 94,59;;
2026.02.06 18:07:20;406461316;BTCUSDm;sell;0.08;69 927,05;70 655,66;67 198,27;2026.02.06 19:49:27;70 655,66;0,00;0,00;- 58,29;;
2026.02.06 22:05:00;406727430;BTCUSDm;buy;0.15;70 502,48;70 815,56;71 981,60;2026.02.06 23:18:20;70 815,56;0,00;0,00; 46,96;;
2026.02.06 23:18:20;406748905;BTCUSDm;sell;0.12;70 823,45;70 416,72;69 004,10;2026.02.07 01:45:54;70 416,72;0,00;0,00; 48,80;;
2026.02.07 01:55:00;406796946;BTCUSDm;buy;0.15;70 490,73;70 482,51;71 906,61;2026.02.07 05:28:06;70 482,51;0,00;0,00;- 1,23;;
2026.02.09 14:40:00;408790734;NVDAm;buy;0.45; 189,59; 187,10; 194,04;2026.02.09 14:40:00; 189,46;0,00;0,00;- 5,85;;
2026.02.09 14:55:00;408821806;NVDAm;buy;0.32; 191,61; 191,05; 197,84;2026.02.09 18:21:13; 191,05;0,00;0,00;- 17,92;;
2026.02.09 16:30:23;409000062;BIIBm;buy;0.35; 196,75; 194,24; 201,77;2026.02.09 17:57:02; 194,19;0,00;0,00;- 89,60;;
2026.02.09 19:30:00;409244268;BIIBm;buy;0.81; 196,03; 194,94; 198,21;2026.02.09 19:33:52; 194,92;0,00;0,00;- 89,91;;
2026.02.09 19:33:52;409250046;BIIBm;buy;0.81; 195,03; 193,94; 197,21;2026.02.09 20:04:59; 193,89;0,00;0,00;- 92,34;;
2026.02.10 09:15:00;410242720;XAUUSDm;buy;0.03;5 052,178;5 029,295;5 109,408;2026.02.10 12:44:35;5 029,295;0,00;0,00;- 68,64;;
2026.02.10 10:15:01;410295162;USDJPYm;sell;0.95; 155,166; 155,225; 154,846;2026.02.10 11:09:08; 155,225;0,00;0,00;- 36,11;;
2026.02.10 12:45:00;410444969;XAUUSDm;sell;0.03;5 029,170;5 049,035;4 977,608;2026.02.10 13:31:48;5 049,035;0,00;0,00;- 59,60;;
2026.02.10 14:00:00;410556560;XAUUSDm;buy;0.03;5 052,450;5 052,450;;2026.02.10 14:45:17;5 052,450;0,00;0,00;0,00;;
2026.02.10 14:05:00;410563486;USDJPYm;sell;0.63; 154,774; 154,796; 154,301;2026.02.10 14:22:48; 154,510;0,00;0,00; 107,64;;
2026.02.10 14:17:11;410584383;XAUUSDm;buy;0.03;5 072,887;5 040,401;5 131,152;2026.02.10 14:47:35;5 040,401;0,00;0,00;- 97,46;;
2026.02.10 14:37:49;410628078;USDJPYm;sell;0.54; 154,433; 154,709; 153,871;2026.02.10 14:38:41; 154,388;0,00;0,00; 15,74;;
2026.02.10 14:40:00;410633649;FTNTm;buy;1.58; 87,29; 86,60; 88,53;2026.02.10 14:40:02; 87,07;0,00;0,00;- 34,76;;
2026.02.10 14:40:21;410634453;BIIBm;sell;0.24; 192,01; 195,05; 184,05;2026.02.10 18:44:24; 192,04;0,00;0,00;- 0,72;;
2026.02.10 14:45:00;410645492;NVDAm;buy;1.27; 189,44; 188,21; 191,79;2026.02.10 15:15:25; 188,21;0,00;0,00;- 156,21;;
2026.02.10 14:53:41;410673450;USDJPYm;sell;0.57; 154,393; 154,340; 153,869;2026.02.10 17:36:38; 154,340;0,00;0,00; 19,57;;
2026.02.10 15:30:00;410746509;ORCLm;buy;0.09; 162,16; 158,96; 172,10;2026.02.10 15:53:52; 165,13;0,00;0,00; 26,73;;
2026.02.10 15:40:00;410776749;FTNTm;buy;0.9; 86,62; 86,51; 88,74;2026.02.10 16:25:00; 86,50;0,00;0,00;- 10,80;;
2026.02.10 16:08:52;410830335;ORCLm;buy;0.08; 164,27; 158,09; 175,39;2026.02.10 20:08:54; 161,04;0,00;0,00;- 25,84;;
2026.02.10 16:45:01;410887723;FTNTm;buy;1.36; 86,79; 86,01; 88,19;2026.02.10 18:12:00; 86,01;0,00;0,00;- 106,08;;
2026.02.10 17:25:00;410944213;NVDAm;buy;1.65; 190,05; 189,48; 191,80;2026.02.10 18:19:10; 189,48;0,00;0,00;- 94,05;;
2026.02.10 18:10:00;410996802;USDJPYm;buy;1.16; 154,419; 154,459; 154,675;2026.02.10 19:19:54; 154,459;0,00;0,00; 30,04;;
2026.02.10 19:15:00;411068429;TSMm;buy;0.4; 363,96; 365,18; 370,79;2026.02.11 13:34:13; 366,37;0,00;- 2,08; 96,40;;
2026.02.10 20:00:00;411107910;USDJPYm;sell;1.38; 154,312; 154,356; 154,101;2026.02.10 21:00:34; 154,356;0,00;0,00;- 39,34;;
2026.02.11 00:35:00;411362653;USDJPYm;sell;0.71; 154,215; 154,199; 154,046;2026.02.11 00:49:37; 154,053;0,00;0,00; 74,66;;
2026.02.11 01:04:38;411408147;USDJPYm;sell;0.5; 153,950; 154,109; 153,712;2026.02.11 01:04:39; 153,973;0,00;0,00;- 7,47;;
2026.02.11 01:20:01;411434319;USDJPYm;sell;0.41; 153,856; 154,051; 153,564;2026.02.11 01:20:02; 153,882;0,00;0,00;- 6,93;;
2026.02.11 02:00:00;411490314;XAUUSDm;buy;0.03;5 052,949;5 052,954;5 136,140;2026.02.11 04:42:59;5 052,954;0,00;0,00; 0,01;;
2026.02.11 02:35:00;411537825;USDJPYm;sell;0.46; 153,711; 153,706; 153,452;2026.02.11 03:16:42; 153,706;0,00;0,00; 1,50;;
2026.02.11 04:10:01;411656480;USDJPYm;sell;0.66; 153,528; 153,498; 153,347;2026.02.11 04:21:17; 153,375;0,00;0,00; 65,84;;
2026.02.11 04:36:18;411684809;USDJPYm;sell;0.69; 153,356; 153,351; 153,181;2026.02.11 05:00:48; 153,351;0,00;0,00; 2,25;;
2026.02.11 05:20:00;411739591;XAUUSDm;buy;0.04;5 051,535;5 051,540;5 121,627;2026.02.11 05:50:57;5 051,540;0,00;0,00; 0,02;;
2026.02.11 05:35:01;411758743;USDJPYm;sell;0.55; 153,133; 153,128; 152,913;2026.02.11 05:36:56; 153,042;0,00;0,00; 32,70;;
2026.02.11 06:05:00;411797318;USDJPYm;sell;0.45; 152,893; 153,028; 152,623;2026.02.11 06:08:40; 152,836;0,00;0,00; 16,78;;
2026.02.11 07:00:00;411862749;XAUUSDm;buy;0.04;5 064,530;5 064,535;5 125,479;2026.02.11 09:49:32;5 064,535;0,00;0,00; 0,02;;
2026.02.11 13:40:00;412364844;USDJPYm;sell;0.16; 152,992; 153,379; 152,271;2026.02.11 13:40:14; 153,379;0,00;0,00;- 40,37;;
2026.02.11 14:57:01;412555607;AMZNm;sell;0.89; 205,61; 205,56; 202,03;2026.02.11 15:17:52; 205,56;0,00;0,00; 4,45;;
2026.02.11 17:10:01;412841378;TSMm;buy;0.14; 373,66; 373,71; 382,12;2026.02.11 18:44:13; 373,70;0,00;0,00; 0,56;;
2026.02.11 20:10:00;413118646;USDJPYm;buy;0.01; 153,066; 153,181; 153,374;2026.02.11 22:05:40; 152,991;0,00;0,00;- 0,49;;
2026.02.12 00:30:43;413377886;BTCUSDm;buy;0.02;67 373,15;67 373,20;67 937,07;2026.02.12 01:37:14;67 937,07;0,00;0,00; 11,28;;
2026.02.12 11:45:30;414118015;BTCUSDm;buy;0.02;68 034,65;67 883,29;68 676,28;2026.02.12 12:05:00;67 875,03;0,00;0,00;- 3,19;;
2026.02.12 12:15:00;414149112;USDJPYm;buy;0.02; 153,409; 153,414; 153,665;2026.02.12 12:27:07; 153,414;0,00;0,00; 0,07;;
2026.02.12 12:47:07;414186649;USDJPYm;buy;0.01; 153,565; 153,627; 153,919;2026.02.12 13:03:11; 153,627;0,00;0,00; 0,40;;
2026.02.12 13:40:01;414273372;USDJPYm;sell;0.02; 153,317; 153,391; 152,908;2026.02.12 14:06:35; 153,391;0,00;0,00;- 0,96;;
2026.02.12 14:11:35;414328384;USDJPYm;sell;0.05; 153,124; 153,119; 152,618;2026.02.12 14:52:09; 153,119;0,00;0,00; 0,16;;
2026.02.12 14:45:01;414409644;TMUSm;buy;0.02; 220,03; 216,11; 225,91;2026.02.12 14:45:02; 219,67;0,00;0,00;- 0,72;;
2026.02.12 14:55:17;414431482;TMUSm;buy;0.02; 216,21; 216,26; 223,08;2026.02.12 15:59:27; 216,24;0,00;0,00; 0,06;;
2026.02.12 15:50:01;414536097;USDJPYm;sell;0.02; 152,700; 152,649; 152,240;2026.02.12 16:13:59; 152,649;0,00;0,00; 0,67;;
2026.02.12 16:15:00;414615360;BTCUSDm;sell;0.01;66 484,04;66 419,80;65 159,63;2026.02.12 16:36:54;66 419,80;0,00;0,00; 0,64;;
2026.02.12 16:17:11;414631172;TMUSm;buy;0.01; 217,73; 217,78; 222,43;2026.02.12 16:36:05; 217,78;0,00;0,00; 0,05;;
2026.02.12 16:28:59;414687370;USDJPYm;sell;0.01; 152,446; 152,649; 152,037;2026.02.12 16:36:26; 152,649;0,00;0,00;- 1,33;;
2026.02.12 16:54:20;414767953;BTCUSDm;sell;0.01;65 602,99;66 072,68;64 566,98;2026.02.12 17:26:52;66 072,68;0,00;0,00;- 4,70;;
2026.02.12 17:40:28;414872266;BTCUSDm;sell;0.02;65 922,00;65 511,20;64 581,65;2026.02.12 18:46:53;65 511,20;0,00;0,00; 8,22;;
2026.02.12 18:46:54;415012840;BTCUSDm;sell;0.02;65 503,65;65 503,60;64 460,54;2026.02.12 19:15:48;65 503,60;0,00;0,00;0,00;;
Ordens;;;;;;;;;;;;;;
Horário da Abertura;Ordem;Ativo;Tipo;Volume;Preço;S / L;T / P;Horário;Estado;;Comentário;;;
2026.01.29 15:13:35;387362046;USOILm;buy;0.07 / 0.07;market; 63,884; 68,336;2026.01.29 15:13:36;filled;;KAMA Trend (Filtered) [Auto-Swi;;;
2026.01.29 15:15:00;387374321;XAUUSDm;buy;0.01 / 0.01;market;5 305,460;5 583,108;2026.01.29 15:15:00;filled;;Mean Reversion [Auto-Switch];;;
2026.01.29 15:17:15;387395632;XAUUSDm;sell;0.01 / 0.01;5 305,460;;;2026.01.29 15:17:15;filled;;[sl 5305.460];;;
2026.01.29 15:17:15;387395825;XAUUSDm;buy;0.01 / 0.01;market;5 225,164;5 502,812;2026.01.29 15:17:15;filled;;Mean Reversion [Auto-Switch];;;
2026.01.29 15:27:24;387463311;XAUUSDm;sell;0.01 / 0.01;5 225,164;;;2026.01.29 15:27:24;filled;;[sl 5225.164];;;
2026.01.29 15:27:24;387463395;XAUUSDm;buy;0.01 / 0.01;market;5 144,671;5 422,319;2026.01.29 15:27:24;filled;;Mean Reversion [Auto-Switch];;;
2026.01.29 15:27:59;387472376;XAUUSDm;sell;0.01 / 0.01;5 144,671;;;2026.01.29 15:27:59;filled;;[sl 5144.671];;;
2026.01.29 15:27:59;387472674;XAUUSDm;buy;0.01 / 0.01;market;5 062,144;5 339,792;2026.01.29 15:27:59;filled;;Mean Reversion [Auto-Switch];;;
2026.01.29 17:00:00;387853857;US500m;buy;2.15 / 2.15;market;6 868,13;7 026,44;2026.01.29 17:00:00;filled;;KAMA Trend (Filtered) [Auto-Swi;;;
2026.01.29 17:21:36;387919065;XAUUSDm;sell;0.01 / 0.01;5 339,792;;;2026.01.29 17:21:36;filled;;[tp 5339.792];;;
2026.01.29 17:45:00;387991473;XAUUSDm;buy;0.01 / 0.01;market;5 154,028;5 905,867;2026.01.29 17:45:00;filled;;KAMA Trend (Filtered) [Auto-Swi;;;
2026.01.29 21:20:41;388515704;US500m;sell;2.15 / 2.15;market;;;2026.01.29 21:20:42;filled;;;;;
2026.01.29 21:20:42;388515722;US500m;buy;3.09 / 3.09;market;6 932,20;7 046,16;2026.01.29 21:20:43;filled;;KAMA Trend (Filtered) [Adaptive;;;
2026.01.30 00:25:48;388829303;XAUUSDm;sell;0.01 / 0.01;market;;;2026.01.30 00:25:48;filled;;;;;
2026.01.30 00:46:23;388894833;XAUUSDm;buy;0.01 / 0.01;market;5 325,301;5 637,319;2026.01.30 00:46:23;filled;;KAMA Trend (Filtered) [Adaptive;;;
2026.01.30 01:11:43;389007141;XAUUSDm;sell;0.01 / 0.01;5 325,301;;;2026.01.30 01:11:43;filled;;[sl 5325.301];;;
2026.01.30 01:11:43;389007152;XAUUSDm;buy;0.01 / 0.01;market;5 237,140;5 546,278;2026.01.30 01:11:43;filled;;KAMA Trend (Filtered) [Adaptive;;;
2026.01.30 01:42:02;389132548;US500m;sell;3.09 / 3.09;6 932,20;;;2026.01.30 01:42:02;filled;;[sl 6932.20];;;
2026.01.30 02:12:23;389290251;XAUUSDm;sell;0.01 / 0.01;5 237,140;;;2026.01.30 02:12:23;filled;;[sl 5237.140];;;
2026.01.30 02:20:43;389377824;USOILm;sell;0.07 / 0.07; 63,884;;;2026.01.30 02:20:43;filled;;[sl 63.884];;;
2026.01.30 07:00:00;390173737;USTECm;sell;1.09 / 1.09;market;25 731,71;25 420,77;2026.01.30 07:00:00;filled;;KAMA Trend (Filtered) [Adaptive;;;
2026.01.30 11:29:40;390830940;BTCXAGm;buy;0.5 / 0.5;market; 744,133; 964,115;2026.01.30 11:29:41;filled;;KAMA Trend (Filtered) [Adaptive;;;
2026.01.30 11:33:31;390837435;USTECm;buy;1.09 / 1.09;25 731,71;;;2026.01.30 11:33:31;filled;;[sl 25731.71];;;
2026.01.30 11:37:41;390842929;XAUUSDm;buy;0.01 / 0.01;market;4 982,036;5 486,750;2026.01.30 11:37:41;filled;;KAMA Trend (Filtered) [Adaptive;;;
2026.01.30 12:56:49;391025803;BTCXAGm;sell;0.5 / 0.5;market;;;2026.01.30 12:56:49;filled;;;;;
2026.01.30 12:56:49;391025805;BTCXAGm;buy;0.5 / 0.5;market; 788,440; 927,369;2026.01.30 12:56:50;filled;;KAMA Trend (Filtered) [Adaptive;;;
2026.01.30 14:16:01;391291067;BTCXAGm;sell;0.5 / 0.5;market;;;2026.01.30 14:16:01;filled;;;;;
2026.01.30 15:02:46;391464210;XAUUSDm;sell;0.01 / 0.01;4 982,036;;;2026.01.30 15:02:46;filled;;[sl 4982.036];;;
2026.01.30 15:02:46;391464226;XAUUSDm;sell;0.01 / 0.01;market;5 099,532;4 687,890;2026.01.30 15:02:46;filled;;KAMA Trend (Filtered) [Adaptive;;;
2026.01.30 18:39:11;392269414;XAUUSDm;buy;0.01 / 0.01;4 687,890;;;2026.01.30 18:39:11;filled;;[tp 4687.890];;;
2026.02.02 06:00:00;394732194;BTCXAGm;buy;0.5 / 0.5;market; 911,644;1 179,072;2026.02.02 06:00:00;filled;;KAMA Trend (Filtered) [Adaptive;;;
2026.02.02 06:02:12;394739047;XAGUSDm;sell;0.01 / 0.01;market; 93,258; 37,048;2026.02.02 06:02:12;filled;;KAMA Trend (Filtered) [Adaptive;;;
2026.02.02 06:03:30;394742588;USTECm;sell;0.3 / 0.3;market;25 531,86;24 212,01;2026.02.02 06:03:30;filled;;KAMA Trend (Filtered) [Adaptive;;;
2026.02.02 14:30:34;395841804;USTECm;buy;0.3 / 0.3;25 531,86;;;2026.02.02 14:30:34;filled;;[sl 25531.86];;;
2026.02.02 18:33:59;396528029;BTCXAGm;sell;0.5 / 0.5;market;;;2026.02.02 18:33:59;filled;;;;;
2026.02.03 09:42:22;398035729;BTCXAGm;sell;0.5 / 0.5;market; 967,629; 786,231;2026.02.03 09:42:22;filled;;KAMA Trend (Filtered) [Adaptive;;;
2026.02.03 09:53:37;398045317;XAGUSDm;buy;0.01 / 0.01;market;;;2026.02.03 09:53:37;filled;;;;;
2026.02.03 09:53:37;398045323;XAGUSDm;buy;0.01 / 0.01;market; 80,496; 98,147;2026.02.03 09:53:38;filled;;KAMA Trend (Filtered) [Adaptive;;;
2026.02.03 13:44:37;398339880;BTCXAGm;buy;0.5 / 0.5;market;;;2026.02.03 13:44:37;filled;;;;;
2026.02.03 17:45:15;398859173;XAGUSDm;sell;0.01 / 0.01; 83,555;;;2026.02.03 17:45:15;filled;;[sl 83.555];;;
2026.02.04 03:00:00;399814951;USDJPYm;buy;0.57 / 0.57;market; 155,926; 156,786;2026.02.04 03:00:00;filled;;KAMA Trend (Filtered) [Adaptive;;;
2026.02.04 09:33:01;400294999;USDJPYm;sell;0.57 / 0.57;market;;;2026.02.04 09:33:01;filled;;;;;
2026.02.04 09:33:02;400295045;USDJPYm;buy;0.69 / 0.69;market; 156,265; 156,985;2026.02.04 09:33:03;filled;;KAMA Trend (Filtered) [Adaptive;;;
2026.02.04 09:33:03;400295084;USDJPYm;sell;0.69 / 0.69;market;;;2026.02.04 09:33:04;filled;;;;;
2026.02.04 09:33:05;400295151;USDJPYm;buy;0.69 / 0.69;market; 156,261; 156,981;2026.02.04 09:33:05;filled;;KAMA Trend (Filtered) [Adaptive;;;
2026.02.04 09:35:37;400299100;USDJPYm;sell;0.69 / 0.69;market;;;2026.02.04 09:35:37;filled;;;;;
2026.02.04 09:35:40;400299163;USDJPYm;buy;0.69 / 0.69;market; 156,267; 156,987;2026.02.04 09:35:40;filled;;KAMA Trend (Filtered) [Adaptive;;;
2026.02.04 09:35:42;400299199;USDJPYm;sell;0.69 / 0.69;market;;;2026.02.04 09:35:43;filled;;;;;
2026.02.04 09:35:44;400299209;USDJPYm;buy;0.69 / 0.69;market; 156,267; 156,987;2026.02.04 09:35:44;filled;;KAMA Trend (Filtered) [Adaptive;;;
2026.02.04 09:35:45;400299224;USDJPYm;sell;0.69 / 0.69;market;;;2026.02.04 09:35:45;filled;;;;;
2026.02.04 09:35:46;400299251;USDJPYm;buy;0.69 / 0.69;market; 156,267; 156,987;2026.02.04 09:35:46;filled;;KAMA Trend (Filtered) [Adaptive;;;
2026.02.04 09:35:47;400299265;USDJPYm;sell;0.69 / 0.69;market;;;2026.02.04 09:35:47;filled;;;;;
2026.02.04 09:35:49;400299297;USDJPYm;buy;0.69 / 0.69;market; 156,261; 156,981;2026.02.04 09:35:50;filled;;KAMA Trend (Filtered) [Adaptive;;;
2026.02.04 09:35:51;400299329;USDJPYm;sell;0.69 / 0.69;market;;;2026.02.04 09:35:51;filled;;;;;
2026.02.04 09:35:54;400299351;USDJPYm;buy;0.69 / 0.69;market; 156,265; 156,985;2026.02.04 09:35:54;filled;;KAMA Trend (Filtered) [Adaptive;;;
2026.02.04 09:35:55;400299369;USDJPYm;sell;0.69 / 0.69;market;;;2026.02.04 09:35:55;filled;;;;;
2026.02.04 09:35:56;400299376;USDJPYm;buy;0.69 / 0.69;market; 156,267; 156,987;2026.02.04 09:35:56;filled;;KAMA Trend (Filtered) [Adaptive;;;
2026.02.04 09:35:56;400299377;USDJPYm;sell;0.69 / 0.69;market;;;2026.02.04 09:35:56;filled;;;;;
2026.02.04 09:35:57;400299388;USDJPYm;buy;0.69 / 0.69;market; 156,268; 156,988;2026.02.04 09:35:57;filled;;KAMA Trend (Filtered) [Adaptive;;;
2026.02.04 09:35:59;400299393;USDJPYm;sell;0.69 / 0.69;market;;;2026.02.04 09:35:59;filled;;;;;
2026.02.04 09:36:00;400299411;USDJPYm;buy;0.69 / 0.69;market; 156,265; 156,985;2026.02.04 09:36:00;filled;;KAMA Trend (Filtered) [Adaptive;;;
2026.02.04 09:36:01;400299490;USDJPYm;sell;0.69 / 0.69;market;;;2026.02.04 09:36:01;filled;;;;;
2026.02.04 09:36:03;400299539;USDJPYm;buy;0.69 / 0.69;market; 156,269; 156,989;2026.02.04 09:36:03;filled;;KAMA Trend (Filtered) [Adaptive;;;
2026.02.04 09:36:05;400299571;USDJPYm;sell;0.69 / 0.69;market;;;2026.02.04 09:36:05;filled;;;;;
2026.02.04 09:36:07;400299607;USDJPYm;buy;0.69 / 0.69;market; 156,266; 156,986;2026.02.04 09:36:07;filled;;KAMA Trend (Filtered) [Adaptive;;;
2026.02.04 09:36:08;400299619;USDJPYm;sell;0.69 / 0.69;market;;;2026.02.04 09:36:08;filled;;;;;
2026.02.04 09:36:09;400299625;USDJPYm;buy;0.69 / 0.69;market; 156,266; 156,986;2026.02.04 09:36:09;filled;;KAMA Trend (Filtered) [Adaptive;;;
2026.02.04 09:36:16;400299672;USDJPYm;sell;0.69 / 0.69;market;;;2026.02.04 09:36:16;filled;;;;;
2026.02.04 09:36:16;400299678;USDJPYm;buy;0.69 / 0.69;market; 156,263; 156,983;2026.02.04 09:36:16;filled;;KAMA Trend (Filtered) [Adaptive;;;
2026.02.04 09:36:19;400299701;USDJPYm;sell;0.69 / 0.69;market;;;2026.02.04 09:36:19;filled;;;;;
2026.02.04 09:36:20;400299708;USDJPYm;buy;0.69 / 0.69;market; 156,260; 156,980;2026.02.04 09:36:20;filled;;KAMA Trend (Filtered) [Adaptive;;;
2026.02.04 09:36:29;400299776;USDJPYm;sell;0.69 / 0.69;market;;;2026.02.04 09:36:29;filled;;;;;
2026.02.04 09:36:31;400299788;USDJPYm;buy;0.69 / 0.69;market; 156,269; 156,989;2026.02.04 09:36:31;filled;;KAMA Trend (Filtered) [Adaptive;;;
2026.02.04 09:36:35;400299839;USDJPYm;sell;0.69 / 0.69;market;;;2026.02.04 09:36:35;filled;;;;;
2026.02.04 09:36:39;400299905;USDJPYm;buy;0.69 / 0.69;market; 156,269; 156,989;2026.02.04 09:36:39;filled;;KAMA Trend (Filtered) [Adaptive;;;
2026.02.04 09:36:57;400300472;USDJPYm;sell;0.69 / 0.69;market;;;2026.02.04 09:36:57;filled;;;;;
2026.02.04 09:36:58;400300494;USDJPYm;buy;0.69 / 0.69;market; 156,276; 156,996;2026.02.04 09:36:58;filled;;KAMA Trend (Filtered) [Adaptive;;;
2026.02.04 09:36:59;400300504;USDJPYm;sell;0.69 / 0.69;market;;;2026.02.04 09:36:59;filled;;;;;
2026.02.04 09:36:59;400300512;USDJPYm;buy;0.69 / 0.69;market; 156,287; 157,007;2026.02.04 09:36:59;filled;;KAMA Trend (Filtered) [Adaptive;;;
2026.02.04 09:36:59;400300529;USDJPYm;sell;0.69 / 0.69;market;;;2026.02.04 09:36:59;filled;;;;;
2026.02.04 09:37:00;400300623;USDJPYm;buy;0.69 / 0.69;market; 156,286; 157,006;2026.02.04 09:37:01;filled;;KAMA Trend (Filtered) [Adaptive;;;
2026.02.04 09:37:02;400300676;USDJPYm;sell;0.69 / 0.69;market;;;2026.02.04 09:37:02;filled;;;;;
2026.02.04 09:37:03;400300731;USDJPYm;buy;0.69 / 0.69;market; 156,289; 157,009;2026.02.04 09:37:03;filled;;KAMA Trend (Filtered) [Adaptive;;;
2026.02.04 09:37:04;400300755;USDJPYm;sell;0.69 / 0.69;market;;;2026.02.04 09:37:04;filled;;;;;
2026.02.04 09:37:04;400300789;USDJPYm;buy;0.69 / 0.69;market; 156,289; 157,009;2026.02.04 09:37:04;filled;;KAMA Trend (Filtered) [Adaptive;;;
2026.02.04 09:37:05;400300818;USDJPYm;sell;0.69 / 0.69;market;;;2026.02.04 09:37:05;filled;;;;;
2026.02.04 09:37:08;400300878;USDJPYm;buy;0.69 / 0.69;market; 156,287; 157,007;2026.02.04 09:37:08;filled;;KAMA Trend (Filtered) [Adaptive;;;
2026.02.04 09:37:09;400300893;USDJPYm;sell;0.69 / 0.69;market;;;2026.02.04 09:37:09;filled;;;;;
2026.02.04 09:37:10;400300908;USDJPYm;buy;0.69 / 0.69;market; 156,291; 157,011;2026.02.04 09:37:10;filled;;KAMA Trend (Filtered) [Adaptive;;;
2026.02.04 09:37:11;400300929;USDJPYm;sell;0.69 / 0.69;market;;;2026.02.04 09:37:11;filled;;;;;
2026.02.04 09:37:12;400300935;USDJPYm;buy;0.69 / 0.69;market; 156,292; 157,012;2026.02.04 09:37:12;filled;;KAMA Trend (Filtered) [Adaptive;;;
2026.02.04 09:37:13;400300949;USDJPYm;sell;0.69 / 0.69;market;;;2026.02.04 09:37:13;filled;;;;;
2026.02.04 09:37:15;400301002;USDJPYm;buy;0.69 / 0.69;market; 156,291; 157,011;2026.02.04 09:37:15;filled;;KAMA Trend (Filtered) [Adaptive;;;
2026.02.04 09:37:15;400301005;USDJPYm;sell;0.69 / 0.69;market;;;2026.02.04 09:37:15;filled;;;;;
2026.02.04 09:37:18;400301050;USDJPYm;buy;0.69 / 0.69;market; 156,286; 157,006;2026.02.04 09:37:18;filled;;KAMA Trend (Filtered) [Adaptive;;;
2026.02.04 09:37:20;400301071;USDJPYm;sell;0.69 / 0.69;market;;;2026.02.04 09:37:20;filled;;;;;
2026.02.04 09:37:21;400301085;USDJPYm;buy;0.69 / 0.69;market; 156,288; 157,008;2026.02.04 09:37:21;filled;;KAMA Trend (Filtered) [Adaptive;;;
2026.02.04 09:37:22;400301097;USDJPYm;sell;0.69 / 0.69;market;;;2026.02.04 09:37:22;filled;;;;;
2026.02.04 09:37:23;400301119;USDJPYm;buy;0.68 / 0.68;market; 156,286; 157,006;2026.02.04 09:37:23;filled;;KAMA Trend (Filtered) [Adaptive;;;
2026.02.04 09:37:24;400301131;USDJPYm;sell;0.68 / 0.68;market;;;2026.02.04 09:37:24;filled;;;;;
2026.02.04 09:37:25;400301141;USDJPYm;buy;0.68 / 0.68;market; 156,285; 157,005;2026.02.04 09:37:25;filled;;KAMA Trend (Filtered) [Adaptive;;;
2026.02.04 09:37:30;400301318;USDJPYm;sell;0.68 / 0.68;market;;;2026.02.04 09:37:30;filled;;;;;
2026.02.04 09:37:31;400301323;USDJPYm;buy;0.68 / 0.68;market; 156,284; 157,004;2026.02.04 09:37:31;filled;;KAMA Trend (Filtered) [Adaptive;;;
2026.02.04 09:37:31;400301329;USDJPYm;sell;0.68 / 0.68;market;;;2026.02.04 09:37:31;filled;;;;;
2026.02.04 09:37:33;400301370;USDJPYm;buy;0.68 / 0.68;market; 156,281; 157,001;2026.02.04 09:37:33;filled;;KAMA Trend (Filtered) [Adaptive;;;
2026.02.04 09:37:34;400301386;USDJPYm;sell;0.68 / 0.68;market;;;2026.02.04 09:37:34;filled;;;;;
2026.02.04 09:37:36;400301419;USDJPYm;buy;0.68 / 0.68;market; 156,280; 157,000;2026.02.04 09:37:36;filled;;KAMA Trend (Filtered) [Adaptive;;;
2026.02.04 09:37:36;400301440;USDJPYm;sell;0.68 / 0.68;market;;;2026.02.04 09:37:36;filled;;;;;
2026.02.04 09:37:39;400301585;USDJPYm;buy;0.68 / 0.68;market; 156,279; 156,999;2026.02.04 09:37:39;filled;;KAMA Trend (Filtered) [Adaptive;;;
2026.02.04 09:37:46;400301883;USDJPYm;sell;0.68 / 0.68;market;;;2026.02.04 09:37:46;filled;;;;;
2026.02.04 09:37:47;400301896;USDJPYm;buy;0.68 / 0.68;market; 156,285; 157,005;2026.02.04 09:37:47;filled;;KAMA Trend (Filtered) [Adaptive;;;
2026.02.04 09:37:48;400301914;USDJPYm;sell;0.68 / 0.68;market;;;2026.02.04 09:37:48;filled;;;;;
2026.02.04 09:37:50;400301926;USDJPYm;buy;0.68 / 0.68;market; 156,286; 157,006;2026.02.04 09:37:50;filled;;KAMA Trend (Filtered) [Adaptive;;;
2026.02.04 09:37:52;400301944;USDJPYm;sell;0.68 / 0.68;market;;;2026.02.04 09:37:52;filled;;;;;
2026.02.04 09:37:53;400301949;USDJPYm;buy;0.68 / 0.68;market; 156,305; 157,025;2026.02.04 09:37:53;filled;;KAMA Trend (Filtered) [Adaptive;;;
2026.02.04 09:37:55;400301959;USDJPYm;sell;0.68 / 0.68;market;;;2026.02.04 09:37:56;filled;;;;;
2026.02.04 09:37:56;400301972;USDJPYm;buy;0.68 / 0.68;market; 156,302; 157,022;2026.02.04 09:37:57;filled;;KAMA Trend (Filtered) [Adaptive;;;
2026.02.04 09:38:00;400302081;USDJPYm;sell;0.68 / 0.68;market;;;2026.02.04 09:38:00;filled;;;;;
2026.02.04 09:38:01;400302133;USDJPYm;buy;0.68 / 0.68;market; 156,300; 157,020;2026.02.04 09:38:01;filled;;KAMA Trend (Filtered) [Adaptive;;;
2026.02.04 09:38:02;400302176;USDJPYm;sell;0.68 / 0.68;market;;;2026.02.04 09:38:02;filled;;;;;
2026.02.04 09:38:02;400302183;USDJPYm;buy;0.68 / 0.68;market; 156,297; 157,017;2026.02.04 09:38:02;filled;;KAMA Trend (Filtered) [Adaptive;;;
2026.02.04 09:38:03;400302204;USDJPYm;sell;0.68 / 0.68;market;;;2026.02.04 09:38:03;filled;;;;;
2026.02.04 09:38:04;400302227;USDJPYm;buy;0.68 / 0.68;market; 156,297; 157,017;2026.02.04 09:38:04;filled;;KAMA Trend (Filtered) [Adaptive;;;
2026.02.04 09:38:05;400302257;USDJPYm;sell;0.68 / 0.68;market;;;2026.02.04 09:38:05;filled;;;;;
2026.02.04 09:38:06;400302311;USDJPYm;buy;0.68 / 0.68;market; 156,293; 157,013;2026.02.04 09:38:06;filled;;KAMA Trend (Filtered) [Adaptive;;;
2026.02.04 09:38:07;400302354;USDJPYm;sell;0.68 / 0.68;market;;;2026.02.04 09:38:07;filled;;;;;
2026.02.04 09:38:08;400302389;USDJPYm;buy;0.68 / 0.68;market; 156,284; 157,004;2026.02.04 09:38:08;filled;;KAMA Trend (Filtered) [Adaptive;;;
2026.02.04 09:38:09;400302417;USDJPYm;sell;0.68 / 0.68;market;;;2026.02.04 09:38:09;filled;;;;;
2026.02.04 09:38:11;400302453;USDJPYm;buy;0.68 / 0.68;market; 156,288; 157,008;2026.02.04 09:38:11;filled;;KAMA Trend (Filtered) [Adaptive;;;
2026.02.04 09:38:12;400302473;USDJPYm;sell;0.68 / 0.68;market;;;2026.02.04 09:38:12;filled;;;;;
2026.02.04 09:38:14;400302518;USDJPYm;buy;0.68 / 0.68;market; 156,290; 157,010;2026.02.04 09:38:14;filled;;KAMA Trend (Filtered) [Adaptive;;;
2026.02.04 09:38:15;400302523;USDJPYm;sell;0.68 / 0.68;market;;;2026.02.04 09:38:15;filled;;;;;
2026.02.04 09:38:15;400302544;USDJPYm;buy;0.68 / 0.68;market; 156,295; 157,015;2026.02.04 09:38:15;filled;;KAMA Trend (Filtered) [Adaptive;;;
2026.02.04 09:38:16;400302575;USDJPYm;sell;0.68 / 0.68;market;;;2026.02.04 09:38:16;filled;;;;;
2026.02.04 09:38:17;400302580;USDJPYm;buy;0.68 / 0.68;market; 156,285; 157,005;2026.02.04 09:38:17;filled;;KAMA Trend (Filtered) [Adaptive;;;
2026.02.04 09:38:18;400302603;USDJPYm;sell;0.68 / 0.68;market;;;2026.02.04 09:38:18;filled;;;;;
2026.02.04 09:38:19;400302619;USDJPYm;buy;0.68 / 0.68;market; 156,283; 157,003;2026.02.04 09:38:19;filled;;KAMA Trend (Filtered) [Adaptive;;;
2026.02.04 09:38:20;400302634;USDJPYm;sell;0.68 / 0.68;market;;;2026.02.04 09:38:20;filled;;;;;
2026.02.04 09:38:21;400302648;USDJPYm;buy;0.68 / 0.68;market; 156,287; 157,007;2026.02.04 09:38:21;filled;;KAMA Trend (Filtered) [Adaptive;;;
2026.02.04 09:38:21;400302664;USDJPYm;sell;0.68 / 0.68;market;;;2026.02.04 09:38:22;filled;;;;;
2026.02.04 09:38:22;400302667;USDJPYm;buy;0.68 / 0.68;market; 156,281; 157,001;2026.02.04 09:38:22;filled;;KAMA Trend (Filtered) [Adaptive;;;
2026.02.04 09:38:23;400302712;USDJPYm;sell;0.68 / 0.68;market;;;2026.02.04 09:38:23;filled;;;;;
2026.02.04 09:38:24;400302738;USDJPYm;buy;0.68 / 0.68;market; 156,287; 157,007;2026.02.04 09:38:24;filled;;KAMA Trend (Filtered) [Adaptive;;;
2026.02.04 09:38:25;400302770;USDJPYm;sell;0.68 / 0.68;market;;;2026.02.04 09:38:25;filled;;;;;
2026.02.04 09:38:29;400303027;USDJPYm;buy;0.68 / 0.68;market; 156,286; 157,006;2026.02.04 09:38:29;filled;;KAMA Trend (Filtered) [Adaptive;;;
2026.02.04 09:38:31;400303153;USDJPYm;sell;0.68 / 0.68;market;;;2026.02.04 09:38:31;filled;;;;;
2026.02.04 09:38:33;400303170;USDJPYm;buy;0.68 / 0.68;market; 156,286; 157,006;2026.02.04 09:38:33;filled;;KAMA Trend (Filtered) [Adaptive;;;
2026.02.04 09:38:34;400303186;USDJPYm;sell;0.68 / 0.68;market;;;2026.02.04 09:38:34;filled;;;;;
2026.02.04 09:38:35;400303201;USDJPYm;buy;0.68 / 0.68;market; 156,291; 157,011;2026.02.04 09:38:35;filled;;KAMA Trend (Filtered) [Adaptive;;;
2026.02.04 09:38:36;400303226;USDJPYm;sell;0.68 / 0.68;market;;;2026.02.04 09:38:36;filled;;;;;
2026.02.04 09:38:37;400303235;USDJPYm;buy;0.68 / 0.68;market; 156,287; 157,007;2026.02.04 09:38:37;filled;;KAMA Trend (Filtered) [Adaptive;;;
2026.02.04 09:38:38;400303248;USDJPYm;sell;0.68 / 0.68;market;;;2026.02.04 09:38:38;filled;;;;;
2026.02.04 09:38:42;400303283;USDJPYm;buy;0.68 / 0.68;market; 156,284; 157,004;2026.02.04 09:38:42;filled;;KAMA Trend (Filtered) [Adaptive;;;
2026.02.04 09:38:43;400303294;USDJPYm;sell;0.68 / 0.68;market;;;2026.02.04 09:38:43;filled;;;;;
2026.02.04 09:38:44;400303303;USDJPYm;buy;0.68 / 0.68;market; 156,281; 157,001;2026.02.04 09:38:44;filled;;KAMA Trend (Filtered) [Adaptive;;;
2026.02.04 09:38:45;400303314;USDJPYm;sell;0.68 / 0.68;market;;;2026.02.04 09:38:45;filled;;;;;
2026.02.04 09:38:46;400303317;USDJPYm;buy;0.68 / 0.68;market; 156,283; 157,003;2026.02.04 09:38:47;filled;;KAMA Trend (Filtered) [Adaptive;;;
2026.02.04 09:38:47;400303322;USDJPYm;sell;0.68 / 0.68;market;;;2026.02.04 09:38:48;filled;;;;;
2026.02.04 09:38:49;400303331;USDJPYm;buy;0.68 / 0.68;market; 156,280; 157,000;2026.02.04 09:38:49;filled;;KAMA Trend (Filtered) [Adaptive;;;
2026.02.04 09:38:50;400303346;USDJPYm;sell;0.68 / 0.68;market;;;2026.02.04 09:38:50;filled;;;;;
2026.02.04 09:38:50;400303350;USDJPYm;buy;0.68 / 0.68;market; 156,283; 157,003;2026.02.04 09:38:50;filled;;KAMA Trend (Filtered) [Adaptive;;;
2026.02.04 09:38:51;400303368;USDJPYm;sell;0.68 / 0.68;market;;;2026.02.04 09:38:51;filled;;;;;
2026.02.04 09:38:53;400303387;USDJPYm;buy;0.68 / 0.68;market; 156,284; 157,004;2026.02.04 09:38:53;filled;;KAMA Trend (Filtered) [Adaptive;;;
2026.02.04 09:38:54;400303400;USDJPYm;sell;0.68 / 0.68;market;;;2026.02.04 09:38:54;filled;;;;;
2026.02.04 09:38:58;400303442;USDJPYm;buy;0.68 / 0.68;market; 156,282; 157,002;2026.02.04 09:38:58;filled;;KAMA Trend (Filtered) [Adaptive;;;
2026.02.04 09:39:01;400303527;USDJPYm;sell;0.68 / 0.68;market;;;2026.02.04 09:39:01;filled;;;;;
2026.02.04 09:39:03;400303567;USDJPYm;buy;0.68 / 0.68;market; 156,282; 157,002;2026.02.04 09:39:03;filled;;KAMA Trend (Filtered) [Adaptive;;;
2026.02.04 09:39:04;400303583;USDJPYm;sell;0.68 / 0.68;market;;;2026.02.04 09:39:04;filled;;;;;
2026.02.04 09:39:05;400303615;USDJPYm;buy;0.68 / 0.68;market; 156,277; 156,997;2026.02.04 09:39:05;filled;;KAMA Trend (Filtered) [Adaptive;;;
2026.02.04 09:39:06;400303623;USDJPYm;sell;0.68 / 0.68;market;;;2026.02.04 09:39:06;filled;;;;;
2026.02.04 09:39:07;400303633;USDJPYm;buy;0.68 / 0.68;market; 156,278; 156,998;2026.02.04 09:39:08;filled;;KAMA Trend (Filtered) [Adaptive;;;
2026.02.04 09:39:11;400303661;USDJPYm;sell;0.68 / 0.68;market;;;2026.02.04 09:39:11;filled;;;;;
2026.02.04 09:39:11;400303662;USDJPYm;buy;0.68 / 0.68;market; 156,273; 156,993;2026.02.04 09:39:11;filled;;KAMA Trend (Filtered) [Adaptive;;;
2026.02.04 09:39:11;400303672;USDJPYm;sell;0.68 / 0.68;market;;;2026.02.04 09:39:12;filled;;;;;
2026.02.04 09:39:12;400303676;USDJPYm;buy;0.68 / 0.68;market; 156,279; 156,999;2026.02.04 09:39:12;filled;;KAMA Trend (Filtered) [Adaptive;;;
2026.02.04 09:39:12;400303678;USDJPYm;sell;0.68 / 0.68;market;;;2026.02.04 09:39:12;filled;;;;;
2026.02.04 09:39:13;400303690;USDJPYm;buy;0.68 / 0.68;market; 156,278; 156,998;2026.02.04 09:39:13;filled;;KAMA Trend (Filtered) [Adaptive;;;
2026.02.04 09:39:14;400303701;USDJPYm;sell;0.68 / 0.68;market;;;2026.02.04 09:39:14;filled;;;;;
2026.02.04 09:39:15;400303707;USDJPYm;buy;0.68 / 0.68;market; 156,278; 156,998;2026.02.04 09:39:15;filled;;KAMA Trend (Filtered) [Adaptive;;;
2026.02.04 09:39:17;400303715;USDJPYm;sell;0.68 / 0.68;market;;;2026.02.04 09:39:17;filled;;;;;
2026.02.04 09:39:20;400303761;USDJPYm;buy;0.68 / 0.68;market; 156,278; 156,998;2026.02.04 09:39:20;filled;;KAMA Trend (Filtered) [Adaptive;;;
2026.02.04 09:39:21;400303772;USDJPYm;sell;0.68 / 0.68;market;;;2026.02.04 09:39:21;filled;;;;;
2026.02.04 09:39:22;400303791;USDJPYm;buy;0.68 / 0.68;market; 156,278; 156,998;2026.02.04 09:39:22;filled;;KAMA Trend (Filtered) [Adaptive;;;
2026.02.04 09:39:22;400303795;USDJPYm;sell;0.68 / 0.68;market;;;2026.02.04 09:39:22;filled;;;;;
2026.02.04 09:39:23;400303805;USDJPYm;buy;0.68 / 0.68;market; 156,278; 156,998;2026.02.04 09:39:23;filled;;KAMA Trend (Filtered) [Adaptive;;;
2026.02.04 09:39:25;400303830;USDJPYm;sell;0.68 / 0.68;market;;;2026.02.04 09:39:25;filled;;;;;
2026.02.04 09:39:26;400303831;USDJPYm;buy;0.68 / 0.68;market; 156,272; 156,992;2026.02.04 09:39:26;filled;;KAMA Trend (Filtered) [Adaptive;;;
2026.02.04 09:39:27;400303844;USDJPYm;sell;0.68 / 0.68;market;;;2026.02.04 09:39:27;filled;;;;;
2026.02.04 09:39:29;400303860;USDJPYm;buy;0.67 / 0.67;market; 156,270; 156,990;2026.02.04 09:39:29;filled;;KAMA Trend (Filtered) [Adaptive;;;
2026.02.04 09:39:29;400303865;USDJPYm;sell;0.67 / 0.67;market;;;2026.02.04 09:39:29;filled;;;;;
2026.02.04 09:39:30;400303872;USDJPYm;buy;0.67 / 0.67;market; 156,273; 156,993;2026.02.04 09:39:31;filled;;KAMA Trend (Filtered) [Adaptive;;;
2026.02.04 09:39:33;400303884;USDJPYm;sell;0.67 / 0.67;market;;;2026.02.04 09:39:33;filled;;;;;
2026.02.04 09:39:33;400303887;USDJPYm;buy;0.67 / 0.67;market; 156,267; 156,987;2026.02.04 09:39:33;filled;;KAMA Trend (Filtered) [Adaptive;;;
2026.02.04 09:39:34;400303898;USDJPYm;sell;0.67 / 0.67;market;;;2026.02.04 09:39:34;filled;;;;;
2026.02.04 09:39:35;400303900;USDJPYm;buy;0.67 / 0.67;market; 156,266; 156,986;2026.02.04 09:39:35;filled;;KAMA Trend (Filtered) [Adaptive;;;
2026.02.04 09:39:37;400303912;USDJPYm;sell;0.67 / 0.67;market;;;2026.02.04 09:39:37;filled;;;;;
2026.02.04 09:39:37;400303917;USDJPYm;buy;0.67 / 0.67;market; 156,266; 156,986;2026.02.04 09:39:38;filled;;KAMA Trend (Filtered) [Adaptive;;;
2026.02.04 09:39:38;400303919;USDJPYm;sell;0.67 / 0.67;market;;;2026.02.04 09:39:38;filled;;;;;
2026.02.04 09:39:43;400303953;USDJPYm;buy;0.67 / 0.67;market; 156,267; 156,987;2026.02.04 09:39:43;filled;;KAMA Trend (Filtered) [Adaptive;;;
2026.02.04 09:39:48;400303972;USDJPYm;sell;0.67 / 0.67;market;;;2026.02.04 09:39:48;filled;;;;;
2026.02.04 09:39:51;400303994;USDJPYm;buy;0.67 / 0.67;market; 156,270; 156,990;2026.02.04 09:39:51;filled;;KAMA Trend (Filtered) [Adaptive;;;
2026.02.04 09:39:51;400303997;USDJPYm;sell;0.67 / 0.67;market;;;2026.02.04 09:39:51;filled;;;;;
2026.02.04 09:39:52;400304009;USDJPYm;buy;0.67 / 0.67;market; 156,267; 156,987;2026.02.04 09:39:52;filled;;KAMA Trend (Filtered) [Adaptive;;;
2026.02.04 09:39:54;400304031;USDJPYm;sell;0.67 / 0.67;market;;;2026.02.04 09:39:54;filled;;;;;
2026.02.04 09:39:56;400304039;USDJPYm;buy;0.67 / 0.67;market; 156,269; 156,989;2026.02.04 09:39:56;filled;;KAMA Trend (Filtered) [Adaptive;;;
2026.02.04 09:40:00;400304070;USDJPYm;sell;0.67 / 0.67;market;;;2026.02.04 09:40:00;filled;;;;;
2026.02.04 09:40:02;400304199;USDJPYm;buy;0.67 / 0.67;market; 156,268; 156,988;2026.02.04 09:40:02;filled;;KAMA Trend (Filtered) [Adaptive;;;
2026.02.04 09:40:10;400304318;USDJPYm;sell;0.67 / 0.67;market;;;2026.02.04 09:40:10;filled;;;;;
2026.02.04 09:40:15;400304371;USDJPYm;buy;0.67 / 0.67;market; 156,270; 156,990;2026.02.04 09:40:15;filled;;KAMA Trend (Filtered) [Adaptive;;;
2026.02.04 09:40:17;400304383;USDJPYm;sell;0.67 / 0.67;market;;;2026.02.04 09:40:17;filled;;;;;
2026.02.04 09:40:20;400304408;USDJPYm;buy;0.67 / 0.67;market; 156,270; 156,990;2026.02.04 09:40:20;filled;;KAMA Trend (Filtered) [Adaptive;;;
2026.02.04 09:40:21;400304413;USDJPYm;sell;0.67 / 0.67;market;;;2026.02.04 09:40:21;filled;;;;;
2026.02.04 09:40:22;400304416;USDJPYm;buy;0.67 / 0.67;market; 156,272; 156,992;2026.02.04 09:40:22;filled;;KAMA Trend (Filtered) [Adaptive;;;
2026.02.04 09:40:26;400304573;USDJPYm;sell;0.67 / 0.67;market;;;2026.02.04 09:40:26;filled;;;;;
2026.02.04 09:40:29;400304659;USDJPYm;buy;0.67 / 0.67;market; 156,281; 157,001;2026.02.04 09:40:29;filled;;KAMA Trend (Filtered) [Adaptive;;;
2026.02.04 09:40:31;400304710;USDJPYm;sell;0.67 / 0.67;market;;;2026.02.04 09:40:31;filled;;;;;
2026.02.04 09:40:32;400304741;USDJPYm;buy;0.67 / 0.67;market; 156,282; 157,002;2026.02.04 09:40:32;filled;;KAMA Trend (Filtered) [Adaptive;;;
2026.02.04 09:40:37;400304834;USDJPYm;sell;0.67 / 0.67;market;;;2026.02.04 09:40:37;filled;;;;;
2026.02.04 09:40:40;400304881;USDJPYm;buy;0.67 / 0.67;market; 156,282; 157,002;2026.02.04 09:40:40;filled;;KAMA Trend (Filtered) [Adaptive;;;
2026.02.04 09:40:40;400304902;USDJPYm;sell;0.67 / 0.67;market;;;2026.02.04 09:40:40;filled;;;;;
2026.02.04 09:40:43;400304933;USDJPYm;buy;0.67 / 0.67;market; 156,278; 156,998;2026.02.04 09:40:43;filled;;KAMA Trend (Filtered) [Adaptive;;;
2026.02.04 09:40:44;400304945;USDJPYm;sell;0.67 / 0.67;market;;;2026.02.04 09:40:44;filled;;;;;
2026.02.04 09:40:47;400304983;USDJPYm;buy;0.67 / 0.67;market; 156,282; 157,002;2026.02.04 09:40:47;filled;;KAMA Trend (Filtered) [Adaptive;;;
2026.02.04 09:40:52;400305050;USDJPYm;sell;0.67 / 0.67;market;;;2026.02.04 09:40:52;filled;;;;;
2026.02.04 09:40:54;400305081;USDJPYm;buy;0.67 / 0.67;market; 156,282; 157,002;2026.02.04 09:40:55;filled;;KAMA Trend (Filtered) [Adaptive;;;
2026.02.04 09:40:56;400305106;USDJPYm;sell;0.67 / 0.67;market;;;2026.02.04 09:40:56;filled;;;;;
2026.02.04 09:40:59;400305132;USDJPYm;buy;0.67 / 0.67;market; 156,282; 157,002;2026.02.04 09:40:59;filled;;KAMA Trend (Filtered) [Adaptive;;;
2026.02.04 09:41:00;400305170;USDJPYm;sell;0.67 / 0.67;market;;;2026.02.04 09:41:00;filled;;;;;
2026.02.04 09:41:03;400305258;USDJPYm;buy;0.67 / 0.67;market; 156,282; 157,002;2026.02.04 09:41:03;filled;;KAMA Trend (Filtered) [Adaptive;;;
2026.02.04 09:41:10;400305368;USDJPYm;sell;0.67 / 0.67;market;;;2026.02.04 09:41:10;filled;;;;;
2026.02.04 09:41:11;400305383;USDJPYm;buy;0.67 / 0.67;market; 156,282; 157,002;2026.02.04 09:41:11;filled;;KAMA Trend (Filtered) [Adaptive;;;
2026.02.04 09:41:12;400305386;USDJPYm;sell;0.67 / 0.67;market;;;2026.02.04 09:41:12;filled;;;;;
2026.02.04 09:41:13;400305395;USDJPYm;buy;0.67 / 0.67;market; 156,278; 156,998;2026.02.04 09:41:13;filled;;KAMA Trend (Filtered) [Adaptive;;;
2026.02.04 09:41:13;400305423;USDJPYm;sell;0.67 / 0.67;market;;;2026.02.04 09:41:14;filled;;;;;
2026.02.04 09:41:14;400305436;USDJPYm;buy;0.67 / 0.67;market; 156,269; 156,989;2026.02.04 09:41:14;filled;;KAMA Trend (Filtered) [Adaptive;;;
2026.02.04 09:41:15;400305443;USDJPYm;sell;0.67 / 0.67;market;;;2026.02.04 09:41:15;filled;;;;;
2026.02.04 09:41:16;400305455;USDJPYm;buy;0.67 / 0.67;market; 156,269; 156,989;2026.02.04 09:41:17;filled;;KAMA Trend (Filtered) [Adaptive;;;
2026.02.04 09:41:18;400305467;USDJPYm;sell;0.67 / 0.67;market;;;2026.02.04 09:41:18;filled;;;;;
2026.02.04 09:41:21;400305486;USDJPYm;buy;0.67 / 0.67;market; 156,269; 156,989;2026.02.04 09:41:21;filled;;KAMA Trend (Filtered) [Adaptive;;;
2026.02.04 09:41:24;400305527;USDJPYm;sell;0.67 / 0.67;market;;;2026.02.04 09:41:24;filled;;;;;
2026.02.04 09:41:25;400305547;USDJPYm;buy;0.67 / 0.67;market; 156,267; 156,987;2026.02.04 09:41:25;filled;;KAMA Trend (Filtered) [Adaptive;;;
2026.02.04 09:41:26;400305565;USDJPYm;sell;0.67 / 0.67;market;;;2026.02.04 09:41:26;filled;;;;;
2026.02.04 09:41:29;400305603;USDJPYm;buy;0.67 / 0.67;market; 156,271; 156,991;2026.02.04 09:41:29;filled;;KAMA Trend (Filtered) [Adaptive;;;
2026.02.04 09:41:30;400305698;USDJPYm;sell;0.67 / 0.67;market;;;2026.02.04 09:41:30;filled;;;;;
2026.02.04 09:41:31;400305705;USDJPYm;buy;0.67 / 0.67;market; 156,269; 156,989;2026.02.04 09:41:31;filled;;KAMA Trend (Filtered) [Adaptive;;;
2026.02.04 09:41:32;400305730;USDJPYm;sell;0.67 / 0.67;market;;;2026.02.04 09:41:32;filled;;;;;
2026.02.04 09:41:33;400305737;USDJPYm;buy;0.67 / 0.67;market; 156,271; 156,991;2026.02.04 09:41:33;filled;;KAMA Trend (Filtered) [Adaptive;;;
2026.02.04 09:41:34;400305745;USDJPYm;sell;0.67 / 0.67;market;;;2026.02.04 09:41:34;filled;;;;;
2026.02.04 09:41:46;400305831;USDJPYm;buy;0.67 / 0.67;market; 156,271; 156,991;2026.02.04 09:41:47;filled;;KAMA Trend (Filtered) [Adaptive;;;
2026.02.04 09:41:48;400305845;USDJPYm;sell;0.67 / 0.67;market;;;2026.02.04 09:41:48;filled;;;;;
2026.02.04 09:41:49;400305865;USDJPYm;buy;0.67 / 0.67;market; 156,269; 156,989;2026.02.04 09:41:49;filled;;KAMA Trend (Filtered) [Adaptive;;;
2026.02.04 09:41:55;400305964;USDJPYm;sell;0.67 / 0.67;market;;;2026.02.04 09:41:55;filled;;;;;
2026.02.04 09:41:56;400305969;USDJPYm;buy;0.67 / 0.67;market; 156,261; 156,981;2026.02.04 09:41:56;filled;;KAMA Trend (Filtered) [Adaptive;;;
2026.02.04 09:42:12;400306263;USDJPYm;sell;0.67 / 0.67;market;;;2026.02.04 09:42:13;filled;;;;;
2026.02.04 09:42:14;400306277;USDJPYm;buy;0.67 / 0.67;market; 156,267; 156,987;2026.02.04 09:42:14;filled;;KAMA Trend (Filtered) [Adaptive;;;
2026.02.04 09:42:15;400306287;USDJPYm;sell;0.67 / 0.67;market;;;2026.02.04 09:42:15;filled;;;;;
2026.02.04 09:42:16;400306290;USDJPYm;buy;0.67 / 0.67;market; 156,263; 156,983;2026.02.04 09:42:16;filled;;KAMA Trend (Filtered) [Adaptive;;;
2026.02.04 09:42:22;400306345;USDJPYm;sell;0.67 / 0.67;market;;;2026.02.04 09:42:22;filled;;;;;
2026.02.04 09:42:23;400306370;USDJPYm;buy;0.67 / 0.67;market; 156,262; 156,982;2026.02.04 09:42:23;filled;;KAMA Trend (Filtered) [Adaptive;;;
2026.02.04 09:42:26;400306387;USDJPYm;sell;0.67 / 0.67;market;;;2026.02.04 09:42:26;filled;;;;;
2026.02.04 09:42:30;400306422;USDJPYm;buy;0.67 / 0.67;market; 156,262; 156,982;2026.02.04 09:42:30;filled;;KAMA Trend (Filtered) [Adaptive;;;
2026.02.04 09:42:31;400306434;USDJPYm;sell;0.67 / 0.67;market;;;2026.02.04 09:42:31;filled;;;;;
2026.02.04 09:42:33;400306451;USDJPYm;buy;0.67 / 0.67;market; 156,264; 156,984;2026.02.04 09:42:33;filled;;KAMA Trend (Filtered) [Adaptive;;;
2026.02.04 09:42:34;400306467;USDJPYm;sell;0.67 / 0.67;market;;;2026.02.04 09:42:34;filled;;;;;
2026.02.04 09:42:36;400306489;USDJPYm;buy;0.67 / 0.67;market; 156,264; 156,984;2026.02.04 09:42:36;filled;;KAMA Trend (Filtered) [Adaptive;;;
2026.02.04 09:42:37;400306499;USDJPYm;sell;0.67 / 0.67;market;;;2026.02.04 09:42:37;filled;;;;;
2026.02.04 09:42:38;400306505;USDJPYm;buy;0.67 / 0.67;market; 156,262; 156,982;2026.02.04 09:42:38;filled;;KAMA Trend (Filtered) [Adaptive;;;
2026.02.04 09:42:41;400306805;USDJPYm;sell;0.67 / 0.67;market;;;2026.02.04 09:42:41;filled;;;;;
2026.02.04 09:42:41;400306819;USDJPYm;buy;0.67 / 0.67;market; 156,265; 156,985;2026.02.04 09:42:41;filled;;KAMA Trend (Filtered) [Adaptive;;;
2026.02.04 09:42:48;400306957;USDJPYm;sell;0.67 / 0.67;market;;;2026.02.04 09:42:48;filled;;;;;
2026.02.04 09:42:48;400306964;USDJPYm;buy;0.67 / 0.67;market; 156,267; 156,987;2026.02.04 09:42:48;filled;;KAMA Trend (Filtered) [Adaptive;;;
2026.02.04 09:42:49;400306969;USDJPYm;sell;0.67 / 0.67;market;;;2026.02.04 09:42:49;filled;;;;;
2026.02.04 09:42:50;400306976;USDJPYm;buy;0.67 / 0.67;market; 156,264; 156,984;2026.02.04 09:42:50;filled;;KAMA Trend (Filtered) [Adaptive;;;
2026.02.04 09:42:51;400306988;USDJPYm;sell;0.67 / 0.67;market;;;2026.02.04 09:42:51;filled;;;;;
2026.02.04 09:42:52;400307028;USDJPYm;buy;0.67 / 0.67;market; 156,262; 156,982;2026.02.04 09:42:52;filled;;KAMA Trend (Filtered) [Adaptive;;;
2026.02.04 09:43:39;400308097;USDJPYm;sell;0.67 / 0.67;market;;;2026.02.04 09:43:39;filled;;;;;
2026.02.04 09:43:40;400308117;USDJPYm;buy;0.67 / 0.67;market; 156,270; 156,990;2026.02.04 09:43:40;filled;;KAMA Trend (Filtered) [Adaptive;;;
2026.02.04 09:43:41;400308142;USDJPYm;sell;0.67 / 0.67;market;;;2026.02.04 09:43:41;filled;;;;;
2026.02.04 09:43:42;400308144;USDJPYm;buy;0.66 / 0.66;market; 156,271; 156,991;2026.02.04 09:43:42;filled;;KAMA Trend (Filtered) [Adaptive;;;
2026.02.04 09:43:43;400308163;USDJPYm;sell;0.66 / 0.66;market;;;2026.02.04 09:43:43;filled;;;;;
2026.02.04 09:43:44;400308186;USDJPYm;buy;0.66 / 0.66;market; 156,270; 156,990;2026.02.04 09:43:44;filled;;KAMA Trend (Filtered) [Adaptive;;;
2026.02.04 09:43:47;400308207;USDJPYm;sell;0.66 / 0.66;market;;;2026.02.04 09:43:47;filled;;;;;
2026.02.04 09:43:50;400308229;USDJPYm;buy;0.66 / 0.66;market; 156,270; 156,990;2026.02.04 09:43:50;filled;;KAMA Trend (Filtered) [Adaptive;;;
2026.02.04 09:43:52;400308243;USDJPYm;sell;0.66 / 0.66;market;;;2026.02.04 09:43:52;filled;;;;;
2026.02.04 09:43:54;400308298;USDJPYm;buy;0.66 / 0.66;market; 156,268; 156,988;2026.02.04 09:43:54;filled;;KAMA Trend (Filtered) [Adaptive;;;
2026.02.04 09:43:55;400308309;USDJPYm;sell;0.66 / 0.66;market;;;2026.02.04 09:43:55;filled;;;;;
2026.02.04 09:43:58;400308334;USDJPYm;buy;0.66 / 0.66;market; 156,268; 156,988;2026.02.04 09:43:58;filled;;KAMA Trend (Filtered) [Adaptive;;;
2026.02.04 09:44:00;400308396;USDJPYm;sell;0.66 / 0.66;market;;;2026.02.04 09:44:01;filled;;;;;
2026.02.04 09:44:02;400308441;USDJPYm;buy;0.66 / 0.66;market; 156,271; 156,991;2026.02.04 09:44:02;filled;;KAMA Trend (Filtered) [Adaptive;;;
2026.02.04 09:44:03;400308472;USDJPYm;sell;0.66 / 0.66;market;;;2026.02.04 09:44:03;filled;;;;;
2026.02.04 09:44:04;400308528;USDJPYm;buy;0.66 / 0.66;market; 156,269; 156,989;2026.02.04 09:44:04;filled;;KAMA Trend (Filtered) [Adaptive;;;
2026.02.04 09:44:06;400308569;USDJPYm;sell;0.66 / 0.66;market;;;2026.02.04 09:44:06;filled;;;;;
2026.02.04 09:44:07;400308597;USDJPYm;buy;0.66 / 0.66;market; 156,268; 156,988;2026.02.04 09:44:07;filled;;KAMA Trend (Filtered) [Adaptive;;;
2026.02.04 09:44:10;400308617;USDJPYm;sell;0.66 / 0.66;market;;;2026.02.04 09:44:10;filled;;;;;
2026.02.04 09:44:11;400308621;USDJPYm;buy;0.66 / 0.66;market; 156,272; 156,992;2026.02.04 09:44:11;filled;;KAMA Trend (Filtered) [Adaptive;;;
2026.02.04 09:44:12;400308628;USDJPYm;sell;0.66 / 0.66;market;;;2026.02.04 09:44:12;filled;;;;;
2026.02.04 09:44:13;400308635;USDJPYm;buy;0.66 / 0.66;market; 156,270; 156,990;2026.02.04 09:44:13;filled;;KAMA Trend (Filtered) [Adaptive;;;
2026.02.04 09:44:13;400308638;USDJPYm;sell;0.66 / 0.66;market;;;2026.02.04 09:44:13;filled;;;;;
2026.02.04 09:44:15;400308667;USDJPYm;buy;0.66 / 0.66;market; 156,271; 156,991;2026.02.04 09:44:15;filled;;KAMA Trend (Filtered) [Adaptive;;;
2026.02.04 09:44:20;400308802;USDJPYm;sell;0.66 / 0.66;market;;;2026.02.04 09:44:20;filled;;;;;
2026.02.04 09:44:21;400308809;USDJPYm;buy;0.66 / 0.66;market; 156,272; 156,992;2026.02.04 09:44:21;filled;;KAMA Trend (Filtered) [Adaptive;;;
2026.02.04 09:44:24;400308857;USDJPYm;sell;0.66 / 0.66;market;;;2026.02.04 09:44:24;filled;;;;;
2026.02.04 09:44:24;400308864;USDJPYm;buy;0.66 / 0.66;market; 156,273; 156,993;2026.02.04 09:44:25;filled;;KAMA Trend (Filtered) [Adaptive;;;
2026.02.04 09:44:25;400308873;USDJPYm;sell;0.66 / 0.66;market;;;2026.02.04 09:44:25;filled;;;;;
2026.02.04 09:44:26;400308888;USDJPYm;buy;0.66 / 0.66;market; 156,275; 156,995;2026.02.04 09:44:26;filled;;KAMA Trend (Filtered) [Adaptive;;;
2026.02.04 09:44:27;400308899;USDJPYm;sell;0.66 / 0.66;market;;;2026.02.04 09:44:27;filled;;;;;
2026.02.04 09:44:28;400308905;USDJPYm;buy;0.66 / 0.66;market; 156,275; 156,995;2026.02.04 09:44:28;filled;;KAMA Trend (Filtered) [Adaptive;;;
2026.02.04 09:44:30;400308920;USDJPYm;sell;0.66 / 0.66;market;;;2026.02.04 09:44:30;filled;;;;;
2026.02.04 09:44:31;400308923;USDJPYm;buy;0.66 / 0.66;market; 156,275; 156,995;2026.02.04 09:44:31;filled;;KAMA Trend (Filtered) [Adaptive;;;
2026.02.04 09:44:32;400308962;USDJPYm;sell;0.66 / 0.66;market;;;2026.02.04 09:44:32;filled;;;;;
2026.02.04 09:44:34;400309016;USDJPYm;buy;0.66 / 0.66;market; 156,281; 157,001;2026.02.04 09:44:34;filled;;KAMA Trend (Filtered) [Adaptive;;;
2026.02.04 09:44:38;400309126;USDJPYm;sell;0.66 / 0.66;market;;;2026.02.04 09:44:38;filled;;;;;
2026.02.04 09:44:39;400309139;USDJPYm;buy;0.66 / 0.66;market; 156,289; 157,009;2026.02.04 09:44:39;filled;;KAMA Trend (Filtered) [Adaptive;;;
2026.02.04 09:44:39;400309141;USDJPYm;sell;0.66 / 0.66;market;;;2026.02.04 09:44:39;filled;;;;;
2026.02.04 09:44:40;400309280;USDJPYm;buy;0.66 / 0.66;market; 156,297; 157,017;2026.02.04 09:44:40;filled;;KAMA Trend (Filtered) [Adaptive;;;
2026.02.04 09:44:45;400309450;USDJPYm;sell;0.66 / 0.66;market;;;2026.02.04 09:44:45;filled;;;;;
2026.02.04 09:44:46;400309488;USDJPYm;buy;0.66 / 0.66;market; 156,299; 157,019;2026.02.04 09:44:46;filled;;KAMA Trend (Filtered) [Adaptive;;;
2026.02.04 09:44:47;400309500;USDJPYm;sell;0.66 / 0.66;market;;;2026.02.04 09:44:47;filled;;;;;
2026.02.04 09:44:48;400309520;USDJPYm;buy;0.66 / 0.66;market; 156,295; 157,015;2026.02.04 09:44:48;filled;;KAMA Trend (Filtered) [Adaptive;;;
2026.02.04 09:44:49;400309542;USDJPYm;sell;0.66 / 0.66;market;;;2026.02.04 09:44:49;filled;;;;;
2026.02.04 09:44:51;400309566;USDJPYm;buy;0.66 / 0.66;market; 156,297; 157,017;2026.02.04 09:44:52;filled;;KAMA Trend (Filtered) [Adaptive;;;
2026.02.04 09:45:00;400309725;USDJPYm;sell;0.66 / 0.66;market;;;2026.02.04 09:45:00;filled;;;;;
2026.02.04 09:45:02;400309845;USDJPYm;buy;0.66 / 0.66;market; 156,298; 157,018;2026.02.04 09:45:02;filled;;KAMA Trend (Filtered) [Adaptive;;;
2026.02.04 09:45:05;400309891;USDJPYm;sell;0.66 / 0.66;market;;;2026.02.04 09:45:05;filled;;;;;
2026.02.04 09:45:06;400309920;USDJPYm;buy;0.66 / 0.66;market; 156,295; 157,015;2026.02.04 09:45:06;filled;;KAMA Trend (Filtered) [Adaptive;;;
2026.02.04 09:45:06;400309942;USDJPYm;sell;0.66 / 0.66;market;;;2026.02.04 09:45:06;filled;;;;;
2026.02.04 09:45:08;400309976;USDJPYm;buy;0.66 / 0.66;market; 156,297; 157,017;2026.02.04 09:45:08;filled;;KAMA Trend (Filtered) [Adaptive;;;
2026.02.04 09:45:09;400309990;USDJPYm;sell;0.66 / 0.66;market;;;2026.02.04 09:45:09;filled;;;;;
2026.02.04 09:45:10;400310012;USDJPYm;buy;0.66 / 0.66;market; 156,297; 157,017;2026.02.04 09:45:10;filled;;KAMA Trend (Filtered) [Adaptive;;;
2026.02.04 09:45:11;400310035;USDJPYm;sell;0.66 / 0.66;market;;;2026.02.04 09:45:11;filled;;;;;
2026.02.04 09:45:13;400310050;USDJPYm;buy;0.66 / 0.66;market; 156,302; 157,022;2026.02.04 09:45:13;filled;;KAMA Trend (Filtered) [Adaptive;;;
2026.02.04 09:45:15;400310067;USDJPYm;sell;0.66 / 0.66;market;;;2026.02.04 09:45:15;filled;;;;;
2026.02.04 09:45:16;400310091;USDJPYm;buy;0.66 / 0.66;market; 156,303; 157,023;2026.02.04 09:45:16;filled;;KAMA Trend (Filtered) [Adaptive;;;
2026.02.04 09:45:17;400310106;USDJPYm;sell;0.66 / 0.66;market;;;2026.02.04 09:45:17;filled;;;;;
2026.02.04 09:45:19;400310124;USDJPYm;buy;0.66 / 0.66;market; 156,300; 157,020;2026.02.04 09:45:19;filled;;KAMA Trend (Filtered) [Adaptive;;;
2026.02.04 09:45:23;400310152;USDJPYm;sell;0.66 / 0.66;market;;;2026.02.04 09:45:23;filled;;;;;
2026.02.04 09:45:25;400310171;USDJPYm;buy;0.66 / 0.66;market; 156,303; 157,023;2026.02.04 09:45:25;filled;;KAMA Trend (Filtered) [Adaptive;;;
2026.02.04 09:45:25;400310173;USDJPYm;sell;0.66 / 0.66;market;;;2026.02.04 09:45:25;filled;;;;;
2026.02.04 09:45:26;400310186;USDJPYm;buy;0.66 / 0.66;market; 156,303; 157,023;2026.02.04 09:45:26;filled;;KAMA Trend (Filtered) [Adaptive;;;
2026.02.04 09:45:28;400310196;USDJPYm;sell;0.66 / 0.66;market;;;2026.02.04 09:45:28;filled;;;;;
2026.02.04 09:45:28;400310201;USDJPYm;buy;0.66 / 0.66;market; 156,300; 157,020;2026.02.04 09:45:28;filled;;KAMA Trend (Filtered) [Adaptive;;;
2026.02.04 09:45:29;400310203;USDJPYm;sell;0.66 / 0.66;market;;;2026.02.04 09:45:29;filled;;;;;
2026.02.04 09:45:31;400310212;USDJPYm;buy;0.66 / 0.66;market; 156,300; 157,020;2026.02.04 09:45:31;filled;;KAMA Trend (Filtered) [Adaptive;;;
2026.02.04 09:45:33;400310220;USDJPYm;sell;0.66 / 0.66;market;;;2026.02.04 09:45:33;filled;;;;;
2026.02.04 09:45:35;400310232;USDJPYm;buy;0.66 / 0.66;market; 156,304; 157,024;2026.02.04 09:45:35;filled;;KAMA Trend (Filtered) [Adaptive;;;
2026.02.04 09:45:38;400310244;USDJPYm;sell;0.66 / 0.66;market;;;2026.02.04 09:45:38;filled;;;;;
2026.02.04 09:45:39;400310259;USDJPYm;buy;0.66 / 0.66;market; 156,305; 157,025;2026.02.04 09:45:39;filled;;KAMA Trend (Filtered) [Adaptive;;;
2026.02.04 09:45:40;400310277;USDJPYm;sell;0.66 / 0.66;market;;;2026.02.04 09:45:40;filled;;;;;
2026.02.04 09:45:42;400310298;USDJPYm;buy;0.66 / 0.66;market; 156,307; 157,027;2026.02.04 09:45:42;filled;;KAMA Trend (Filtered) [Adaptive;;;
2026.02.04 09:45:43;400310304;USDJPYm;sell;0.66 / 0.66;market;;;2026.02.04 09:45:44;filled;;;;;
2026.02.04 09:45:45;400310311;USDJPYm;buy;0.66 / 0.66;market; 156,306; 157,026;2026.02.04 09:45:45;filled;;KAMA Trend (Filtered) [Adaptive;;;
2026.02.04 09:45:47;400310327;USDJPYm;sell;0.66 / 0.66;market;;;2026.02.04 09:45:47;filled;;;;;
2026.02.04 09:45:48;400310330;USDJPYm;buy;0.66 / 0.66;market; 156,302; 157,022;2026.02.04 09:45:48;filled;;KAMA Trend (Filtered) [Adaptive;;;
2026.02.04 09:45:50;400310338;USDJPYm;sell;0.66 / 0.66;market;;;2026.02.04 09:45:50;filled;;;;;
2026.02.04 09:45:53;400310367;USDJPYm;buy;0.66 / 0.66;market; 156,306; 157,026;2026.02.04 09:45:53;filled;;KAMA Trend (Filtered) [Adaptive;;;
2026.02.04 09:45:59;400310394;USDJPYm;sell;0.66 / 0.66;market;;;2026.02.04 09:45:59;filled;;;;;
2026.02.04 09:46:00;400310436;USDJPYm;buy;0.66 / 0.66;market; 156,304; 157,024;2026.02.04 09:46:00;filled;;KAMA Trend (Filtered) [Adaptive;;;
2026.02.04 09:46:01;400310467;USDJPYm;sell;0.66 / 0.66;market;;;2026.02.04 09:46:01;filled;;;;;
2026.02.04 09:46:02;400310490;USDJPYm;buy;0.66 / 0.66;market; 156,303; 157,023;2026.02.04 09:46:02;filled;;KAMA Trend (Filtered) [Adaptive;;;
2026.02.04 09:46:03;400310532;USDJPYm;sell;0.66 / 0.66;market;;;2026.02.04 09:46:03;filled;;;;;
2026.02.04 09:46:04;400310551;USDJPYm;buy;0.66 / 0.66;market; 156,305; 157,025;2026.02.04 09:46:05;filled;;KAMA Trend (Filtered) [Adaptive;;;
2026.02.04 09:46:07;400310628;USDJPYm;sell;0.66 / 0.66;market;;;2026.02.04 09:46:07;filled;;;;;
2026.02.04 09:46:08;400310649;USDJPYm;buy;0.66 / 0.66;market; 156,305; 157,025;2026.02.04 09:46:08;filled;;KAMA Trend (Filtered) [Adaptive;;;
2026.02.04 09:46:10;400310678;USDJPYm;sell;0.66 / 0.66;market;;;2026.02.04 09:46:10;filled;;;;;
2026.02.04 09:46:11;400310695;USDJPYm;buy;0.66 / 0.66;market; 156,305; 157,025;2026.02.04 09:46:11;filled;;KAMA Trend (Filtered) [Adaptive;;;
2026.02.04 09:46:13;400310752;USDJPYm;sell;0.66 / 0.66;market;;;2026.02.04 09:46:13;filled;;;;;
2026.02.04 09:46:15;400310763;USDJPYm;buy;0.66 / 0.66;market; 156,306; 157,026;2026.02.04 09:46:15;filled;;KAMA Trend (Filtered) [Adaptive;;;
2026.02.04 09:46:15;400310775;USDJPYm;sell;0.66 / 0.66;market;;;2026.02.04 09:46:15;filled;;;;;
2026.02.04 09:46:17;400310807;USDJPYm;buy;0.66 / 0.66;market; 156,316; 157,036;2026.02.04 09:46:17;filled;;KAMA Trend (Filtered) [Adaptive;;;
2026.02.04 09:46:19;400310822;USDJPYm;sell;0.66 / 0.66;market;;;2026.02.04 09:46:19;filled;;;;;
2026.02.04 09:46:20;400310831;USDJPYm;buy;0.66 / 0.66;market; 156,310; 157,030;2026.02.04 09:46:20;filled;;KAMA Trend (Filtered) [Adaptive;;;
2026.02.04 09:46:21;400310848;USDJPYm;sell;0.66 / 0.66;market;;;2026.02.04 09:46:21;filled;;;;;
2026.02.04 09:46:21;400310851;USDJPYm;buy;0.65 / 0.65;market; 156,310; 157,030;2026.02.04 09:46:21;filled;;KAMA Trend (Filtered) [Adaptive;;;
2026.02.04 09:46:22;400310875;USDJPYm;sell;0.65 / 0.65;market;;;2026.02.04 09:46:22;filled;;;;;
2026.02.04 09:46:25;400310904;USDJPYm;buy;0.65 / 0.65;market; 156,308; 157,028;2026.02.04 09:46:25;filled;;KAMA Trend (Filtered) [Adaptive;;;
2026.02.04 09:46:27;400310925;USDJPYm;sell;0.65 / 0.65;market;;;2026.02.04 09:46:27;filled;;;;;
2026.02.04 09:46:28;400310948;USDJPYm;buy;0.65 / 0.65;market; 156,306; 157,026;2026.02.04 09:46:28;filled;;KAMA Trend (Filtered) [Adaptive;;;
2026.02.04 09:46:33;400310981;USDJPYm;sell;0.65 / 0.65;market;;;2026.02.04 09:46:33;filled;;;;;
2026.02.04 09:46:34;400311070;USDJPYm;buy;0.65 / 0.65;market; 156,313; 157,033;2026.02.04 09:46:34;filled;;KAMA Trend (Filtered) [Adaptive;;;
2026.02.04 09:46:35;400311163;USDJPYm;sell;0.65 / 0.65;market;;;2026.02.04 09:46:35;filled;;;;;
2026.02.04 09:46:37;400311229;USDJPYm;buy;0.65 / 0.65;market; 156,314; 157,034;2026.02.04 09:46:37;filled;;KAMA Trend (Filtered) [Adaptive;;;
2026.02.04 09:46:39;400311276;USDJPYm;sell;0.65 / 0.65;market;;;2026.02.04 09:46:39;filled;;;;;
2026.02.04 09:46:39;400311282;USDJPYm;buy;0.65 / 0.65;market; 156,335; 157,055;2026.02.04 09:46:39;filled;;KAMA Trend (Filtered) [Adaptive;;;
2026.02.04 09:46:39;400311286;USDJPYm;sell;0.65 / 0.65;market;;;2026.02.04 09:46:39;filled;;;;;
2026.02.04 09:46:40;400311312;USDJPYm;buy;0.65 / 0.65;market; 156,329; 157,049;2026.02.04 09:46:40;filled;;KAMA Trend (Filtered) [Adaptive;;;
2026.02.04 09:46:41;400311319;USDJPYm;sell;0.65 / 0.65;market;;;2026.02.04 09:46:41;filled;;;;;
2026.02.04 09:46:44;400311434;USDJPYm;buy;0.65 / 0.65;market; 156,344; 157,064;2026.02.04 09:46:44;filled;;KAMA Trend (Filtered) [Adaptive;;;
2026.02.04 09:46:48;400311532;USDJPYm;sell;0.65 / 0.65;market;;;2026.02.04 09:46:48;filled;;;;;
2026.02.04 09:46:50;400311565;USDJPYm;buy;0.65 / 0.65;market; 156,340; 157,060;2026.02.04 09:46:50;filled;;KAMA Trend (Filtered) [Adaptive;;;
2026.02.04 09:46:51;400311577;USDJPYm;sell;0.65 / 0.65;market;;;2026.02.04 09:46:51;filled;;;;;
2026.02.04 09:46:52;400311588;USDJPYm;buy;0.65 / 0.65;market; 156,342; 157,062;2026.02.04 09:46:52;filled;;KAMA Trend (Filtered) [Adaptive;;;
2026.02.04 09:46:54;400311607;USDJPYm;sell;0.65 / 0.65;market;;;2026.02.04 09:46:54;filled;;;;;
2026.02.04 09:46:55;400311612;USDJPYm;buy;0.65 / 0.65;market; 156,347; 157,067;2026.02.04 09:46:55;filled;;KAMA Trend (Filtered) [Adaptive;;;
2026.02.04 09:46:56;400311616;USDJPYm;sell;0.65 / 0.65;market;;;2026.02.04 09:46:56;filled;;;;;
2026.02.04 09:46:57;400311622;USDJPYm;buy;0.65 / 0.65;market; 156,347; 157,067;2026.02.04 09:46:57;filled;;KAMA Trend (Filtered) [Adaptive;;;
2026.02.04 09:46:58;400311646;USDJPYm;sell;0.65 / 0.65;market;;;2026.02.04 09:46:58;filled;;;;;
2026.02.04 09:46:59;400311656;USDJPYm;buy;0.65 / 0.65;market; 156,347; 157,067;2026.02.04 09:46:59;filled;;KAMA Trend (Filtered) [Adaptive;;;
2026.02.04 09:47:00;400311701;USDJPYm;sell;0.65 / 0.65;market;;;2026.02.04 09:47:00;filled;;;;;
2026.02.04 09:47:03;400311811;USDJPYm;buy;0.65 / 0.65;market; 156,345; 157,065;2026.02.04 09:47:03;filled;;KAMA Trend (Filtered) [Adaptive;;;
2026.02.04 09:47:04;400311834;USDJPYm;sell;0.65 / 0.65;market;;;2026.02.04 09:47:04;filled;;;;;
2026.02.04 09:47:06;400311873;USDJPYm;buy;0.65 / 0.65;market; 156,341; 157,061;2026.02.04 09:47:06;filled;;KAMA Trend (Filtered) [Adaptive;;;
2026.02.04 09:47:08;400311937;USDJPYm;sell;0.65 / 0.65;market;;;2026.02.04 09:47:08;filled;;;;;
2026.02.04 09:47:08;400311941;USDJPYm;buy;0.65 / 0.65;market; 156,333; 157,053;2026.02.04 09:47:08;filled;;KAMA Trend (Filtered) [Adaptive;;;
2026.02.04 09:47:08;400311944;USDJPYm;sell;0.65 / 0.65;market;;;2026.02.04 09:47:08;filled;;;;;
2026.02.04 09:47:09;400311953;USDJPYm;buy;0.65 / 0.65;market; 156,338; 157,058;2026.02.04 09:47:09;filled;;KAMA Trend (Filtered) [Adaptive;;;
2026.02.04 09:47:10;400311957;USDJPYm;sell;0.65 / 0.65;market;;;2026.02.04 09:47:10;filled;;;;;
2026.02.04 09:47:10;400311961;USDJPYm;buy;0.65 / 0.65;market; 156,333; 157,053;2026.02.04 09:47:10;filled;;KAMA Trend (Filtered) [Adaptive;;;
2026.02.04 09:47:11;400311969;USDJPYm;sell;0.65 / 0.65;market;;;2026.02.04 09:47:11;filled;;;;;
2026.02.04 09:47:13;400311984;USDJPYm;buy;0.65 / 0.65;market; 156,337; 157,057;2026.02.04 09:47:13;filled;;KAMA Trend (Filtered) [Adaptive;;;
2026.02.04 09:47:13;400311985;USDJPYm;sell;0.65 / 0.65;market;;;2026.02.04 09:47:13;filled;;;;;
2026.02.04 09:47:15;400311997;USDJPYm;buy;0.65 / 0.65;market; 156,336; 157,056;2026.02.04 09:47:15;filled;;KAMA Trend (Filtered) [Adaptive;;;
2026.02.04 09:47:16;400312005;USDJPYm;sell;0.65 / 0.65;market;;;2026.02.04 09:47:16;filled;;;;;
2026.02.04 09:47:17;400312015;USDJPYm;buy;0.65 / 0.65;market; 156,335; 157,055;2026.02.04 09:47:17;filled;;KAMA Trend (Filtered) [Adaptive;;;
2026.02.04 09:47:18;400312024;USDJPYm;sell;0.65 / 0.65;market;;;2026.02.04 09:47:18;filled;;;;;
2026.02.04 09:47:20;400312060;USDJPYm;buy;0.65 / 0.65;market; 156,330; 157,050;2026.02.04 09:47:20;filled;;KAMA Trend (Filtered) [Adaptive;;;
2026.02.04 09:47:21;400312068;USDJPYm;sell;0.65 / 0.65;market;;;2026.02.04 09:47:21;filled;;;;;
2026.02.04 09:47:22;400312074;USDJPYm;buy;0.65 / 0.65;market; 156,332; 157,052;2026.02.04 09:47:22;filled;;KAMA Trend (Filtered) [Adaptive;;;
2026.02.04 09:47:24;400312098;USDJPYm;sell;0.65 / 0.65;market;;;2026.02.04 09:47:24;filled;;;;;
2026.02.04 09:47:26;400312130;USDJPYm;buy;0.65 / 0.65;market; 156,332; 157,052;2026.02.04 09:47:26;filled;;KAMA Trend (Filtered) [Adaptive;;;
2026.02.04 09:47:27;400312138;USDJPYm;sell;0.65 / 0.65;market;;;2026.02.04 09:47:27;filled;;;;;
2026.02.04 09:47:28;400312144;USDJPYm;buy;0.65 / 0.65;market; 156,333; 157,053;2026.02.04 09:47:28;filled;;KAMA Trend (Filtered) [Adaptive;;;
2026.02.04 09:47:29;400312156;USDJPYm;sell;0.65 / 0.65;market;;;2026.02.04 09:47:30;filled;;;;;
2026.02.04 09:47:31;400312179;USDJPYm;buy;0.65 / 0.65;market; 156,335; 157,055;2026.02.04 09:47:31;filled;;KAMA Trend (Filtered) [Adaptive;;;
2026.02.04 09:47:34;400312220;USDJPYm;sell;0.65 / 0.65;market;;;2026.02.04 09:47:34;filled;;;;;
2026.02.04 09:47:35;400312231;USDJPYm;buy;0.65 / 0.65;market; 156,337; 157,057;2026.02.04 09:47:35;filled;;KAMA Trend (Filtered) [Adaptive;;;
2026.02.04 09:47:36;400312253;USDJPYm;sell;0.65 / 0.65;market;;;2026.02.04 09:47:36;filled;;;;;
2026.02.04 09:47:37;400312264;USDJPYm;buy;0.65 / 0.65;market; 156,344; 157,064;2026.02.04 09:47:37;filled;;KAMA Trend (Filtered) [Adaptive;;;
2026.02.04 09:47:38;400312278;USDJPYm;sell;0.65 / 0.65;market;;;2026.02.04 09:47:38;filled;;;;;
2026.02.04 09:47:39;400312290;USDJPYm;buy;0.65 / 0.65;market; 156,345; 157,065;2026.02.04 09:47:39;filled;;KAMA Trend (Filtered) [Adaptive;;;
2026.02.04 09:47:42;400312304;USDJPYm;sell;0.65 / 0.65;market;;;2026.02.04 09:47:42;filled;;;;;
2026.02.04 09:47:43;400312308;USDJPYm;buy;0.65 / 0.65;market; 156,343; 157,063;2026.02.04 09:47:43;filled;;KAMA Trend (Filtered) [Adaptive;;;
2026.02.04 09:47:44;400312315;USDJPYm;sell;0.65 / 0.65;market;;;2026.02.04 09:47:44;filled;;;;;
2026.02.04 09:47:45;400312340;USDJPYm;buy;0.65 / 0.65;market; 156,347; 157,067;2026.02.04 09:47:45;filled;;KAMA Trend (Filtered) [Adaptive;;;
2026.02.04 09:47:49;400312395;USDJPYm;sell;0.65 / 0.65;market;;;2026.02.04 09:47:49;filled;;;;;
2026.02.04 09:47:50;400312406;USDJPYm;buy;0.65 / 0.65;market; 156,348; 157,068;2026.02.04 09:47:50;filled;;KAMA Trend (Filtered) [Adaptive;;;
2026.02.04 09:47:51;400312414;USDJPYm;sell;0.65 / 0.65;market;;;2026.02.04 09:47:51;filled;;;;;
2026.02.04 09:47:52;400312422;USDJPYm;buy;0.65 / 0.65;market; 156,351; 157,071;2026.02.04 09:47:52;filled;;KAMA Trend (Filtered) [Adaptive;;;
2026.02.04 09:47:54;400312442;USDJPYm;sell;0.65 / 0.65;market;;;2026.02.04 09:47:54;filled;;;;;
2026.02.04 09:47:57;400312485;USDJPYm;buy;0.65 / 0.65;market; 156,349; 157,069;2026.02.04 09:47:57;filled;;KAMA Trend (Filtered) [Adaptive;;;
2026.02.04 09:47:59;400312506;USDJPYm;sell;0.65 / 0.65;market;;;2026.02.04 09:48:00;filled;;;;;
2026.02.04 09:48:01;400312610;USDJPYm;buy;0.65 / 0.65;market; 156,351; 157,071;2026.02.04 09:48:01;filled;;KAMA Trend (Filtered) [Adaptive;;;
2026.02.04 09:48:02;400312669;USDJPYm;sell;0.65 / 0.65;market;;;2026.02.04 09:48:02;filled;;;;;
2026.02.04 09:48:02;400312675;USDJPYm;buy;0.65 / 0.65;market; 156,360; 157,080;2026.02.04 09:48:02;filled;;KAMA Trend (Filtered) [Adaptive;;;
2026.02.04 09:48:02;400312681;USDJPYm;sell;0.65 / 0.65;market;;;2026.02.04 09:48:03;filled;;;;;
2026.02.04 09:48:03;400312697;USDJPYm;buy;0.65 / 0.65;market; 156,353; 157,073;2026.02.04 09:48:03;filled;;KAMA Trend (Filtered) [Adaptive;;;
2026.02.04 09:48:03;400312708;USDJPYm;sell;0.65 / 0.65;market;;;2026.02.04 09:48:03;filled;;;;;
2026.02.04 09:48:04;400312737;USDJPYm;buy;0.65 / 0.65;market; 156,349; 157,069;2026.02.04 09:48:04;filled;;KAMA Trend (Filtered) [Adaptive;;;
2026.02.04 09:48:06;400312857;USDJPYm;sell;0.65 / 0.65;market;;;2026.02.04 09:48:06;filled;;;;;
2026.02.04 09:48:07;400312872;USDJPYm;buy;0.65 / 0.65;market; 156,349; 157,069;2026.02.04 09:48:07;filled;;KAMA Trend (Filtered) [Adaptive;;;
2026.02.04 09:48:07;400312906;USDJPYm;sell;0.65 / 0.65;market;;;2026.02.04 09:48:07;filled;;;;;
2026.02.04 09:48:08;400312940;USDJPYm;buy;0.65 / 0.65;market; 156,345; 157,065;2026.02.04 09:48:08;filled;;KAMA Trend (Filtered) [Adaptive;;;
2026.02.04 09:48:10;400312989;USDJPYm;sell;0.65 / 0.65;market;;;2026.02.04 09:48:10;filled;;;;;
2026.02.04 09:48:11;400312995;USDJPYm;buy;0.65 / 0.65;market; 156,345; 157,065;2026.02.04 09:48:11;filled;;KAMA Trend (Filtered) [Adaptive;;;
2026.02.04 09:48:11;400313013;USDJPYm;sell;0.65 / 0.65;market;;;2026.02.04 09:48:12;filled;;;;;
2026.02.04 09:48:12;400313021;USDJPYm;buy;0.65 / 0.65;market; 156,336; 157,056;2026.02.04 09:48:12;filled;;KAMA Trend (Filtered) [Adaptive;;;
2026.02.04 09:48:12;400313033;USDJPYm;sell;0.65 / 0.65;market;;;2026.02.04 09:48:13;filled;;;;;
2026.02.04 09:48:14;400313065;USDJPYm;buy;0.65 / 0.65;market; 156,330; 157,050;2026.02.04 09:48:14;filled;;KAMA Trend (Filtered) [Adaptive;;;
2026.02.04 09:48:15;400313072;USDJPYm;sell;0.65 / 0.65;market;;;2026.02.04 09:48:15;filled;;;;;
2026.02.04 09:48:16;400313095;USDJPYm;buy;0.65 / 0.65;market; 156,330; 157,050;2026.02.04 09:48:16;filled;;KAMA Trend (Filtered) [Adaptive;;;
2026.02.04 09:48:17;400313106;USDJPYm;sell;0.65 / 0.65;market;;;2026.02.04 09:48:17;filled;;;;;
2026.02.04 09:48:18;400313118;USDJPYm;buy;0.64 / 0.64;market; 156,327; 157,047;2026.02.04 09:48:18;filled;;KAMA Trend (Filtered) [Adaptive;;;
2026.02.04 09:48:19;400313132;USDJPYm;sell;0.64 / 0.64;market;;;2026.02.04 09:48:19;filled;;;;;
2026.02.04 09:48:22;400313162;USDJPYm;buy;0.64 / 0.64;market; 156,329; 157,049;2026.02.04 09:48:22;filled;;KAMA Trend (Filtered) [Adaptive;;;
2026.02.04 09:48:23;400313170;USDJPYm;sell;0.64 / 0.64;market;;;2026.02.04 09:48:23;filled;;;;;
2026.02.04 09:48:24;400313172;USDJPYm;buy;0.64 / 0.64;market; 156,327; 157,047;2026.02.04 09:48:24;filled;;KAMA Trend (Filtered) [Adaptive;;;
2026.02.04 09:48:25;400313187;USDJPYm;sell;0.64 / 0.64;market;;;2026.02.04 09:48:25;filled;;;;;
2026.02.04 09:48:27;400313194;USDJPYm;buy;0.64 / 0.64;market; 156,324; 157,044;2026.02.04 09:48:27;filled;;KAMA Trend (Filtered) [Adaptive;;;
2026.02.04 09:48:27;400313195;USDJPYm;sell;0.64 / 0.64;market;;;2026.02.04 09:48:27;filled;;;;;
2026.02.04 09:48:28;400313200;USDJPYm;buy;0.64 / 0.64;market; 156,329; 157,049;2026.02.04 09:48:28;filled;;KAMA Trend (Filtered) [Adaptive;;;
2026.02.04 09:48:29;400313211;USDJPYm;sell;0.64 / 0.64;market;;;2026.02.04 09:48:30;filled;;;;;
2026.02.04 09:48:30;400313292;USDJPYm;buy;0.64 / 0.64;market; 156,334; 157,054;2026.02.04 09:48:31;filled;;KAMA Trend (Filtered) [Adaptive;;;
2026.02.04 09:48:31;400313298;USDJPYm;sell;0.64 / 0.64;market;;;2026.02.04 09:48:31;filled;;;;;
2026.02.04 09:48:31;400313306;USDJPYm;buy;0.64 / 0.64;market; 156,338; 157,058;2026.02.04 09:48:31;filled;;KAMA Trend (Filtered) [Adaptive;;;
2026.02.04 09:48:32;400313321;USDJPYm;sell;0.64 / 0.64;market;;;2026.02.04 09:48:32;filled;;;;;
2026.02.04 09:48:33;400313346;USDJPYm;buy;0.64 / 0.64;market; 156,341; 157,061;2026.02.04 09:48:33;filled;;KAMA Trend (Filtered) [Adaptive;;;
2026.02.04 09:48:33;400313356;USDJPYm;sell;0.64 / 0.64;market;;;2026.02.04 09:48:33;filled;;;;;
2026.02.04 09:48:35;400313385;USDJPYm;buy;0.64 / 0.64;market; 156,343; 157,063;2026.02.04 09:48:35;filled;;KAMA Trend (Filtered) [Adaptive;;;
2026.02.04 09:48:37;400313416;USDJPYm;sell;0.64 / 0.64;market;;;2026.02.04 09:48:37;filled;;;;;
2026.02.04 09:48:38;400313425;USDJPYm;buy;0.64 / 0.64;market; 156,342; 157,062;2026.02.04 09:48:39;filled;;KAMA Trend (Filtered) [Adaptive;;;
2026.02.04 09:48:39;400313435;USDJPYm;sell;0.64 / 0.64;market;;;2026.02.04 09:48:39;filled;;;;;
2026.02.04 09:48:41;400313455;USDJPYm;buy;0.64 / 0.64;market; 156,342; 157,062;2026.02.04 09:48:41;filled;;KAMA Trend (Filtered) [Adaptive;;;
2026.02.04 09:48:44;400313502;USDJPYm;sell;0.64 / 0.64;market;;;2026.02.04 09:48:44;filled;;;;;
2026.02.04 09:48:45;400313533;USDJPYm;buy;0.64 / 0.64;market; 156,346; 157,066;2026.02.04 09:48:46;filled;;KAMA Trend (Filtered) [Adaptive;;;
2026.02.04 09:48:47;400313552;USDJPYm;sell;0.64 / 0.64;market;;;2026.02.04 09:48:47;filled;;;;;
2026.02.04 09:48:48;400313603;USDJPYm;buy;0.64 / 0.64;market; 156,345; 157,065;2026.02.04 09:48:48;filled;;KAMA Trend (Filtered) [Adaptive;;;
2026.02.04 09:48:49;400313631;USDJPYm;sell;0.64 / 0.64;market;;;2026.02.04 09:48:49;filled;;;;;
2026.02.04 09:48:49;400313650;USDJPYm;buy;0.64 / 0.64;market; 156,343; 157,063;2026.02.04 09:48:49;filled;;KAMA Trend (Filtered) [Adaptive;;;
2026.02.04 09:48:49;400313706;USDJPYm;sell;0.64 / 0.64;market;;;2026.02.04 09:48:49;filled;;;;;
2026.02.04 09:48:50;400313750;USDJPYm;buy;0.64 / 0.64;market; 156,348; 157,068;2026.02.04 09:48:50;filled;;KAMA Trend (Filtered) [Adaptive;;;
2026.02.04 09:48:50;400313777;USDJPYm;sell;0.64 / 0.64;market;;;2026.02.04 09:48:50;filled;;;;;
2026.02.04 09:48:51;400313815;USDJPYm;buy;0.64 / 0.64;market; 156,347; 157,067;2026.02.04 09:48:51;filled;;KAMA Trend (Filtered) [Adaptive;;;
2026.02.04 09:48:53;400313846;USDJPYm;sell;0.64 / 0.64;market;;;2026.02.04 09:48:53;filled;;;;;
2026.02.04 09:48:54;400313862;USDJPYm;buy;0.64 / 0.64;market; 156,345; 157,065;2026.02.04 09:48:54;filled;;KAMA Trend (Filtered) [Adaptive;;;
2026.02.04 09:48:55;400313887;USDJPYm;sell;0.64 / 0.64;market;;;2026.02.04 09:48:55;filled;;;;;
2026.02.04 09:48:56;400313899;USDJPYm;buy;0.64 / 0.64;market; 156,347; 157,067;2026.02.04 09:48:56;filled;;KAMA Trend (Filtered) [Adaptive;;;
2026.02.04 09:48:56;400313906;USDJPYm;sell;0.64 / 0.64;market;;;2026.02.04 09:48:56;filled;;;;;
2026.02.04 09:48:58;400313950;USDJPYm;buy;0.64 / 0.64;market; 156,346; 157,066;2026.02.04 09:48:58;filled;;KAMA Trend (Filtered) [Adaptive;;;
2026.02.04 09:48:59;400313968;USDJPYm;sell;0.64 / 0.64;market;;;2026.02.04 09:48:59;filled;;;;;
2026.02.04 09:49:01;400314016;USDJPYm;buy;0.64 / 0.64;market; 156,345; 157,065;2026.02.04 09:49:01;filled;;KAMA Trend (Filtered) [Adaptive;;;
2026.02.04 09:49:01;400314048;USDJPYm;sell;0.64 / 0.64;market;;;2026.02.04 09:49:01;filled;;;;;
2026.02.04 09:49:02;400314071;USDJPYm;buy;0.64 / 0.64;market; 156,334; 157,054;2026.02.04 09:49:02;filled;;KAMA Trend (Filtered) [Adaptive;;;
2026.02.04 09:49:03;400314098;USDJPYm;sell;0.64 / 0.64;market;;;2026.02.04 09:49:03;filled;;;;;
2026.02.04 09:49:03;400314109;USDJPYm;buy;0.64 / 0.64;market; 156,336; 157,056;2026.02.04 09:49:03;filled;;KAMA Trend (Filtered) [Adaptive;;;
2026.02.04 09:49:04;400314130;USDJPYm;sell;0.64 / 0.64;market;;;2026.02.04 09:49:04;filled;;;;;
2026.02.04 09:49:05;400314146;USDJPYm;buy;0.64 / 0.64;market; 156,341; 157,061;2026.02.04 09:49:05;filled;;KAMA Trend (Filtered) [Adaptive;;;
2026.02.04 09:49:05;400314162;USDJPYm;sell;0.64 / 0.64;market;;;2026.02.04 09:49:05;filled;;;;;
2026.02.04 09:49:07;400314179;USDJPYm;buy;0.64 / 0.64;market; 156,342; 157,062;2026.02.04 09:49:07;filled;;KAMA Trend (Filtered) [Adaptive;;;
2026.02.04 09:49:10;400314191;USDJPYm;sell;0.64 / 0.64;market;;;2026.02.04 09:49:10;filled;;;;;
2026.02.04 09:49:10;400314196;USDJPYm;buy;0.64 / 0.64;market; 156,344; 157,064;2026.02.04 09:49:10;filled;;KAMA Trend (Filtered) [Adaptive;;;
2026.02.04 09:49:12;400314231;USDJPYm;sell;0.64 / 0.64;market;;;2026.02.04 09:49:12;filled;;;;;
2026.02.04 09:49:13;400314240;USDJPYm;buy;0.64 / 0.64;market; 156,344; 157,064;2026.02.04 09:49:13;filled;;KAMA Trend (Filtered) [Adaptive;;;
2026.02.04 09:49:16;400314281;USDJPYm;sell;0.64 / 0.64;market;;;2026.02.04 09:49:16;filled;;;;;
2026.02.04 09:49:17;400314308;USDJPYm;buy;0.64 / 0.64;market; 156,332; 157,052;2026.02.04 09:49:17;filled;;KAMA Trend (Filtered) [Adaptive;;;
2026.02.04 09:49:17;400314329;USDJPYm;sell;0.64 / 0.64;market;;;2026.02.04 09:49:18;filled;;;;;
2026.02.04 09:49:19;400314340;USDJPYm;buy;0.64 / 0.64;market; 156,330; 157,050;2026.02.04 09:49:19;filled;;KAMA Trend (Filtered) [Adaptive;;;
2026.02.04 09:49:20;400314382;USDJPYm;sell;0.64 / 0.64;market;;;2026.02.04 09:49:20;filled;;;;;
2026.02.04 09:49:22;400314460;USDJPYm;buy;0.64 / 0.64;market; 156,328; 157,048;2026.02.04 09:49:22;filled;;KAMA Trend (Filtered) [Adaptive;;;
2026.02.04 09:49:22;400314474;USDJPYm;sell;0.64 / 0.64;market;;;2026.02.04 09:49:22;filled;;;;;
2026.02.04 09:49:24;400314509;USDJPYm;buy;0.64 / 0.64;market; 156,329; 157,049;2026.02.04 09:49:24;filled;;KAMA Trend (Filtered) [Adaptive;;;
2026.02.04 09:49:25;400314519;USDJPYm;sell;0.64 / 0.64;market;;;2026.02.04 09:49:25;filled;;;;;
2026.02.04 09:49:25;400314530;USDJPYm;buy;0.64 / 0.64;market; 156,334; 157,054;2026.02.04 09:49:25;filled;;KAMA Trend (Filtered) [Adaptive;;;
2026.02.04 09:49:26;400314540;USDJPYm;sell;0.64 / 0.64;market;;;2026.02.04 09:49:26;filled;;;;;
2026.02.04 09:49:27;400314547;USDJPYm;buy;0.64 / 0.64;market; 156,337; 157,057;2026.02.04 09:49:27;filled;;KAMA Trend (Filtered) [Adaptive;;;
2026.02.04 09:49:28;400314551;USDJPYm;sell;0.64 / 0.64;market;;;2026.02.04 09:49:28;filled;;;;;
2026.02.04 09:49:29;400314557;USDJPYm;buy;0.64 / 0.64;market; 156,337; 157,057;2026.02.04 09:49:29;filled;;KAMA Trend (Filtered) [Adaptive;;;
2026.02.04 09:49:29;400314560;USDJPYm;sell;0.64 / 0.64;market;;;2026.02.04 09:49:29;filled;;;;;
2026.02.04 09:49:30;400314567;USDJPYm;buy;0.64 / 0.64;market; 156,339; 157,059;2026.02.04 09:49:30;filled;;KAMA Trend (Filtered) [Adaptive;;;
2026.02.04 09:49:36;400314604;USDJPYm;sell;0.64 / 0.64;market;;;2026.02.04 09:49:36;filled;;;;;
2026.02.04 09:49:37;400314610;USDJPYm;buy;0.64 / 0.64;market; 156,340; 157,060;2026.02.04 09:49:37;filled;;KAMA Trend (Filtered) [Adaptive;;;
2026.02.04 09:49:37;400314619;USDJPYm;sell;0.64 / 0.64;market;;;2026.02.04 09:49:38;filled;;;;;
2026.02.04 09:49:38;400314622;USDJPYm;buy;0.64 / 0.64;market; 156,341; 157,061;2026.02.04 09:49:39;filled;;KAMA Trend (Filtered) [Adaptive;;;
2026.02.04 09:49:40;400314633;USDJPYm;sell;0.64 / 0.64;market;;;2026.02.04 09:49:40;filled;;;;;
2026.02.04 09:49:40;400314641;USDJPYm;buy;0.64 / 0.64;market; 156,345; 157,065;2026.02.04 09:49:40;filled;;KAMA Trend (Filtered) [Adaptive;;;
2026.02.04 09:49:41;400314692;USDJPYm;sell;0.64 / 0.64;market;;;2026.02.04 09:49:41;filled;;;;;
2026.02.04 09:49:42;400314751;USDJPYm;buy;0.64 / 0.64;market; 156,343; 157,063;2026.02.04 09:49:42;filled;;KAMA Trend (Filtered) [Adaptive;;;
2026.02.04 09:49:43;400314786;USDJPYm;sell;0.64 / 0.64;market;;;2026.02.04 09:49:43;filled;;;;;
2026.02.04 09:49:47;400314829;USDJPYm;buy;0.64 / 0.64;market; 156,343; 157,063;2026.02.04 09:49:47;filled;;KAMA Trend (Filtered) [Adaptive;;;
2026.02.04 09:49:49;400314838;USDJPYm;sell;0.64 / 0.64;market;;;2026.02.04 09:49:49;filled;;;;;
2026.02.04 09:49:50;400314850;USDJPYm;buy;0.64 / 0.64;market; 156,341; 157,061;2026.02.04 09:49:50;filled;;KAMA Trend (Filtered) [Adaptive;;;
2026.02.04 09:49:53;400314906;USDJPYm;sell;0.64 / 0.64;market;;;2026.02.04 09:49:53;filled;;;;;
2026.02.04 09:49:54;400314915;USDJPYm;buy;0.64 / 0.64;market; 156,344; 157,064;2026.02.04 09:49:54;filled;;KAMA Trend (Filtered) [Adaptive;;;
2026.02.04 09:49:55;400314933;USDJPYm;sell;0.64 / 0.64;market;;;2026.02.04 09:49:55;filled;;;;;
2026.02.04 09:49:58;400314963;USDJPYm;buy;0.64 / 0.64;market; 156,345; 157,065;2026.02.04 09:49:58;filled;;KAMA Trend (Filtered) [Adaptive;;;
2026.02.04 09:49:59;400314974;USDJPYm;sell;0.64 / 0.64;market;;;2026.02.04 09:49:59;filled;;;;;
2026.02.04 09:50:00;400315000;USDJPYm;buy;0.64 / 0.64;market; 156,345; 157,065;2026.02.04 09:50:00;filled;;KAMA Trend (Filtered) [Adaptive;;;
2026.02.04 09:50:01;400315079;USDJPYm;sell;0.64 / 0.64;market;;;2026.02.04 09:50:01;filled;;;;;
2026.02.04 09:50:02;400315168;USDJPYm;buy;0.64 / 0.64;market; 156,347; 157,067;2026.02.04 09:50:02;filled;;KAMA Trend (Filtered) [Adaptive;;;
2026.02.04 09:50:04;400315196;USDJPYm;sell;0.64 / 0.64;market;;;2026.02.04 09:50:04;filled;;;;;
2026.02.04 09:50:05;400315223;USDJPYm;buy;0.64 / 0.64;market; 156,350; 157,070;2026.02.04 09:50:05;filled;;KAMA Trend (Filtered) [Adaptive;;;
2026.02.04 09:50:08;400315327;USDJPYm;sell;0.64 / 0.64;market;;;2026.02.04 09:50:08;filled;;;;;
2026.02.04 09:50:10;400315382;USDJPYm;buy;0.63 / 0.63;market; 156,349; 157,069;2026.02.04 09:50:11;filled;;KAMA Trend (Filtered) [Adaptive;;;
2026.02.04 09:50:12;400315406;USDJPYm;sell;0.63 / 0.63;market;;;2026.02.04 09:50:12;filled;;;;;
2026.02.04 09:50:15;400315462;USDJPYm;buy;0.63 / 0.63;market; 156,346; 157,066;2026.02.04 09:50:15;filled;;KAMA Trend (Filtered) [Adaptive;;;
2026.02.04 09:50:15;400315469;USDJPYm;sell;0.63 / 0.63;market;;;2026.02.04 09:50:15;filled;;;;;
2026.02.04 09:50:16;400315484;USDJPYm;buy;0.63 / 0.63;market; 156,342; 157,062;2026.02.04 09:50:16;filled;;KAMA Trend (Filtered) [Adaptive;;;
2026.02.04 09:50:17;400315510;USDJPYm;sell;0.63 / 0.63;market;;;2026.02.04 09:50:18;filled;;;;;
2026.02.04 09:50:20;400315519;USDJPYm;buy;0.63 / 0.63;market; 156,343; 157,063;2026.02.04 09:50:20;filled;;KAMA Trend (Filtered) [Adaptive;;;
2026.02.04 09:50:23;400315541;USDJPYm;sell;0.63 / 0.63;market;;;2026.02.04 09:50:23;filled;;;;;
2026.02.04 09:50:25;400315558;USDJPYm;buy;0.63 / 0.63;market; 156,339; 157,059;2026.02.04 09:50:25;filled;;KAMA Trend (Filtered) [Adaptive;;;
2026.02.04 09:50:26;400315567;USDJPYm;sell;0.63 / 0.63;market;;;2026.02.04 09:50:26;filled;;;;;
2026.02.04 09:50:27;400315575;USDJPYm;buy;0.63 / 0.63;market; 156,335; 157,055;2026.02.04 09:50:27;filled;;KAMA Trend (Filtered) [Adaptive;;;
2026.02.04 09:50:27;400315579;USDJPYm;sell;0.63 / 0.63;market;;;2026.02.04 09:50:27;filled;;;;;
2026.02.04 09:50:28;400315589;USDJPYm;buy;0.63 / 0.63;market; 156,321; 157,041;2026.02.04 09:50:28;filled;;KAMA Trend (Filtered) [Adaptive;;;
2026.02.04 09:50:28;400315591;USDJPYm;sell;0.63 / 0.63;market;;;2026.02.04 09:50:29;filled;;;;;
2026.02.04 09:50:30;400315595;USDJPYm;buy;0.63 / 0.63;market; 156,324; 157,044;2026.02.04 09:50:30;filled;;KAMA Trend (Filtered) [Adaptive;;;
2026.02.04 09:50:31;400315635;USDJPYm;sell;0.63 / 0.63;market;;;2026.02.04 09:50:31;filled;;;;;
2026.02.04 09:50:32;400315654;USDJPYm;buy;0.63 / 0.63;market; 156,323; 157,043;2026.02.04 09:50:32;filled;;KAMA Trend (Filtered) [Adaptive;;;
2026.02.04 09:50:35;400315704;USDJPYm;sell;0.63 / 0.63;market;;;2026.02.04 09:50:35;filled;;;;;
2026.02.04 09:50:35;400315709;USDJPYm;buy;0.63 / 0.63;market; 156,329; 157,049;2026.02.04 09:50:36;filled;;KAMA Trend (Filtered) [Adaptive;;;
2026.02.04 09:50:37;400315735;USDJPYm;sell;0.63 / 0.63;market;;;2026.02.04 09:50:37;filled;;;;;
2026.02.04 09:50:42;400315793;USDJPYm;buy;0.63 / 0.63;market; 156,327; 157,047;2026.02.04 09:50:42;filled;;KAMA Trend (Filtered) [Adaptive;;;
2026.02.04 09:50:42;400315804;USDJPYm;sell;0.63 / 0.63;market;;;2026.02.04 09:50:43;filled;;;;;
2026.02.04 09:50:43;400315813;USDJPYm;buy;0.63 / 0.63;market; 156,334; 157,054;2026.02.04 09:50:44;filled;;KAMA Trend (Filtered) [Adaptive;;;
2026.02.04 09:50:45;400315825;USDJPYm;sell;0.63 / 0.63;market;;;2026.02.04 09:50:45;filled;;;;;
2026.02.04 09:50:48;400315860;USDJPYm;buy;0.63 / 0.63;market; 156,330; 157,050;2026.02.04 09:50:48;filled;;KAMA Trend (Filtered) [Adaptive;;;
2026.02.04 09:50:49;400315919;USDJPYm;sell;0.63 / 0.63;market;;;2026.02.04 09:50:49;filled;;;;;
2026.02.04 09:50:52;400315954;USDJPYm;buy;0.63 / 0.63;market; 156,333; 157,053;2026.02.04 09:50:52;filled;;KAMA Trend (Filtered) [Adaptive;;;
2026.02.04 09:50:56;400316011;USDJPYm;sell;0.63 / 0.63;market;;;2026.02.04 09:50:56;filled;;;;;
2026.02.04 09:50:57;400316018;USDJPYm;buy;0.63 / 0.63;market; 156,330; 157,050;2026.02.04 09:50:57;filled;;KAMA Trend (Filtered) [Adaptive;;;
2026.02.04 09:50:59;400316054;USDJPYm;sell;0.63 / 0.63;market;;;2026.02.04 09:51:00;filled;;;;;
2026.02.04 09:51:01;400316111;USDJPYm;buy;0.63 / 0.63;market; 156,331; 157,051;2026.02.04 09:51:01;filled;;KAMA Trend (Filtered) [Adaptive;;;
2026.02.04 09:51:02;400316131;USDJPYm;sell;0.63 / 0.63;market;;;2026.02.04 09:51:03;filled;;;;;
2026.02.04 09:51:06;400316175;USDJPYm;buy;0.63 / 0.63;market; 156,330; 157,050;2026.02.04 09:51:06;filled;;KAMA Trend (Filtered) [Adaptive;;;
2026.02.04 09:51:07;400316233;USDJPYm;sell;0.63 / 0.63;market;;;2026.02.04 09:51:07;filled;;;;;
2026.02.04 09:51:10;400316326;USDJPYm;buy;0.63 / 0.63;market; 156,333; 157,053;2026.02.04 09:51:10;filled;;KAMA Trend (Filtered) [Adaptive;;;
2026.02.04 09:51:11;400316364;USDJPYm;sell;0.63 / 0.63;market;;;2026.02.04 09:51:11;filled;;;;;
2026.02.04 09:51:13;400316392;USDJPYm;buy;0.63 / 0.63;market; 156,334; 157,054;2026.02.04 09:51:13;filled;;KAMA Trend (Filtered) [Adaptive;;;
2026.02.04 09:51:16;400316562;USDJPYm;sell;0.63 / 0.63;market;;;2026.02.04 09:51:16;filled;;;;;
2026.02.04 09:51:18;400316648;USDJPYm;buy;0.63 / 0.63;market; 156,332; 157,052;2026.02.04 09:51:18;filled;;KAMA Trend (Filtered) [Adaptive;;;
2026.02.04 09:51:19;400316656;USDJPYm;sell;0.63 / 0.63;market;;;2026.02.04 09:51:19;filled;;;;;
2026.02.04 09:51:21;400316720;USDJPYm;buy;0.63 / 0.63;market; 156,333; 157,053;2026.02.04 09:51:21;filled;;KAMA Trend (Filtered) [Adaptive;;;
2026.02.04 09:51:25;400316822;USDJPYm;sell;0.63 / 0.63;market;;;2026.02.04 09:51:25;filled;;;;;
2026.02.04 09:51:27;400316870;USDJPYm;buy;0.63 / 0.63;market; 156,336; 157,056;2026.02.04 09:51:27;filled;;KAMA Trend (Filtered) [Adaptive;;;
2026.02.04 09:51:29;400316913;USDJPYm;sell;0.63 / 0.63;market;;;2026.02.04 09:51:29;filled;;;;;
2026.02.04 09:51:31;400316951;USDJPYm;buy;0.63 / 0.63;market; 156,337; 157,057;2026.02.04 09:51:31;filled;;KAMA Trend (Filtered) [Adaptive;;;
2026.02.04 09:51:31;400316960;USDJPYm;sell;0.63 / 0.63;market;;;2026.02.04 09:51:32;filled;;;;;
2026.02.04 09:51:33;400316985;USDJPYm;buy;0.63 / 0.63;market; 156,342; 157,062;2026.02.04 09:51:33;filled;;KAMA Trend (Filtered) [Adaptive;;;
2026.02.04 09:51:34;400317007;USDJPYm;sell;0.63 / 0.63;market;;;2026.02.04 09:51:34;filled;;;;;
2026.02.04 09:51:35;400317016;USDJPYm;buy;0.63 / 0.63;market; 156,340; 157,060;2026.02.04 09:51:35;filled;;KAMA Trend (Filtered) [Adaptive;;;
2026.02.04 09:51:38;400317058;USDJPYm;sell;0.63 / 0.63;market;;;2026.02.04 09:51:38;filled;;;;;
2026.02.04 09:51:40;400317076;USDJPYm;buy;0.63 / 0.63;market; 156,335; 157,055;2026.02.04 09:51:40;filled;;KAMA Trend (Filtered) [Adaptive;;;
2026.02.04 09:51:40;400317078;USDJPYm;sell;0.63 / 0.63;market;;;2026.02.04 09:51:40;filled;;;;;
2026.02.04 09:51:41;400317079;USDJPYm;buy;0.63 / 0.63;market; 156,340; 157,060;2026.02.04 09:51:41;filled;;KAMA Trend (Filtered) [Adaptive;;;
2026.02.04 09:51:42;400317083;USDJPYm;sell;0.63 / 0.63;market;;;2026.02.04 09:51:42;filled;;;;;
2026.02.04 09:51:43;400317088;USDJPYm;buy;0.63 / 0.63;market; 156,344; 157,064;2026.02.04 09:51:43;filled;;KAMA Trend (Filtered) [Adaptive;;;
2026.02.04 09:51:44;400317097;USDJPYm;sell;0.63 / 0.63;market;;;2026.02.04 09:51:44;filled;;;;;
2026.02.04 09:51:46;400317109;USDJPYm;buy;0.63 / 0.63;market; 156,348; 157,068;2026.02.04 09:51:47;filled;;KAMA Trend (Filtered) [Adaptive;;;
2026.02.04 09:51:47;400317115;USDJPYm;sell;0.63 / 0.63;market;;;2026.02.04 09:51:48;filled;;;;;
2026.02.04 09:51:49;400317131;USDJPYm;buy;0.63 / 0.63;market; 156,351; 157,071;2026.02.04 09:51:50;filled;;KAMA Trend (Filtered) [Adaptive;;;
2026.02.04 09:51:52;400317146;USDJPYm;sell;0.63 / 0.63;market;;;2026.02.04 09:51:52;filled;;;;;
2026.02.04 09:51:53;400317152;USDJPYm;buy;0.63 / 0.63;market; 156,350; 157,070;2026.02.04 09:51:53;filled;;KAMA Trend (Filtered) [Adaptive;;;
2026.02.04 09:51:57;400317184;USDJPYm;sell;0.63 / 0.63;market;;;2026.02.04 09:51:57;filled;;;;;
2026.02.04 09:51:58;400317222;USDJPYm;buy;0.63 / 0.63;market; 156,353; 157,073;2026.02.04 09:51:58;filled;;KAMA Trend (Filtered) [Adaptive;;;
2026.02.04 09:51:59;400317247;USDJPYm;sell;0.63 / 0.63;market;;;2026.02.04 09:51:59;filled;;;;;
2026.02.04 09:52:01;400317348;USDJPYm;buy;0.63 / 0.63;market; 156,352; 157,072;2026.02.04 09:52:01;filled;;KAMA Trend (Filtered) [Adaptive;;;
2026.02.04 09:52:02;400317404;USDJPYm;sell;0.63 / 0.63;market;;;2026.02.04 09:52:02;filled;;;;;
2026.02.04 09:52:02;400317416;USDJPYm;buy;0.63 / 0.63;market; 156,354; 157,074;2026.02.04 09:52:03;filled;;KAMA Trend (Filtered) [Adaptive;;;
2026.02.04 09:52:03;400317426;USDJPYm;sell;0.63 / 0.63;market;;;2026.02.04 09:52:03;filled;;;;;
2026.02.04 09:52:04;400317467;USDJPYm;buy;0.63 / 0.63;market; 156,357; 157,077;2026.02.04 09:52:04;filled;;KAMA Trend (Filtered) [Adaptive;;;
2026.02.04 09:52:08;400317528;USDJPYm;sell;0.63 / 0.63;market;;;2026.02.04 09:52:08;filled;;;;;
2026.02.04 09:52:09;400317553;USDJPYm;buy;0.63 / 0.63;market; 156,360; 157,080;2026.02.04 09:52:09;filled;;KAMA Trend (Filtered) [Adaptive;;;
2026.02.04 09:52:10;400317598;USDJPYm;sell;0.63 / 0.63;market;;;2026.02.04 09:52:10;filled;;;;;
2026.02.04 09:52:12;400317682;USDJPYm;buy;0.63 / 0.63;market; 156,363; 157,083;2026.02.04 09:52:12;filled;;KAMA Trend (Filtered) [Adaptive;;;
2026.02.04 09:52:13;400317716;USDJPYm;sell;0.63 / 0.63;market;;;2026.02.04 09:52:13;filled;;;;;
2026.02.04 09:52:14;400317733;USDJPYm;buy;0.63 / 0.63;market; 156,362; 157,082;2026.02.04 09:52:14;filled;;KAMA Trend (Filtered) [Adaptive;;;
2026.02.04 09:52:14;400317745;USDJPYm;sell;0.63 / 0.63;market;;;2026.02.04 09:52:14;filled;;;;;
2026.02.04 09:52:17;400317826;USDJPYm;buy;0.63 / 0.63;market; 156,356; 157,076;2026.02.04 09:52:17;filled;;KAMA Trend (Filtered) [Adaptive;;;
2026.02.04 09:52:18;400317844;USDJPYm;sell;0.63 / 0.63;market;;;2026.02.04 09:52:18;filled;;;;;
2026.02.04 09:52:21;400317936;USDJPYm;buy;0.63 / 0.63;market; 156,354; 157,074;2026.02.04 09:52:21;filled;;KAMA Trend (Filtered) [Adaptive;;;
2026.02.04 09:52:22;400317960;USDJPYm;sell;0.63 / 0.63;market;;;2026.02.04 09:52:22;filled;;;;;
2026.02.04 09:52:24;400318028;USDJPYm;buy;0.63 / 0.63;market; 156,351; 157,071;2026.02.04 09:52:24;filled;;KAMA Trend (Filtered) [Adaptive;;;
2026.02.04 09:52:25;400318051;USDJPYm;sell;0.63 / 0.63;market;;;2026.02.04 09:52:25;filled;;;;;
2026.02.04 09:52:26;400318068;USDJPYm;buy;0.63 / 0.63;market; 156,348; 157,068;2026.02.04 09:52:26;filled;;KAMA Trend (Filtered) [Adaptive;;;
2026.02.04 09:52:27;400318094;USDJPYm;sell;0.63 / 0.63;market;;;2026.02.04 09:52:27;filled;;;;;
2026.02.04 09:52:30;400318131;USDJPYm;buy;0.63 / 0.63;market; 156,346; 157,066;2026.02.04 09:52:30;filled;;KAMA Trend (Filtered) [Adaptive;;;
2026.02.04 09:52:31;400318143;USDJPYm;sell;0.63 / 0.63;market;;;2026.02.04 09:52:31;filled;;;;;
2026.02.04 09:52:33;400318167;USDJPYm;buy;0.63 / 0.63;market; 156,347; 157,067;2026.02.04 09:52:33;filled;;KAMA Trend (Filtered) [Adaptive;;;
2026.02.04 09:52:34;400318181;USDJPYm;sell;0.63 / 0.63;market;;;2026.02.04 09:52:34;filled;;;;;
2026.02.04 09:52:35;400318230;USDJPYm;buy;0.62 / 0.62;market; 156,347; 157,067;2026.02.04 09:52:35;filled;;KAMA Trend (Filtered) [Adaptive;;;
2026.02.04 09:52:36;400318265;USDJPYm;sell;0.62 / 0.62;market;;;2026.02.04 09:52:36;filled;;;;;
2026.02.04 09:52:40;400318314;USDJPYm;buy;0.62 / 0.62;market; 156,353; 157,073;2026.02.04 09:52:40;filled;;KAMA Trend (Filtered) [Adaptive;;;
2026.02.04 09:52:41;400318323;USDJPYm;sell;0.62 / 0.62;market;;;2026.02.04 09:52:41;filled;;;;;
2026.02.04 09:52:43;400318334;USDJPYm;buy;0.62 / 0.62;market; 156,352; 157,072;2026.02.04 09:52:43;filled;;KAMA Trend (Filtered) [Adaptive;;;
2026.02.04 09:52:47;400318382;USDJPYm;sell;0.62 / 0.62;market;;;2026.02.04 09:52:47;filled;;;;;
2026.02.04 09:52:48;400318387;USDJPYm;buy;0.62 / 0.62;market; 156,352; 157,072;2026.02.04 09:52:49;filled;;KAMA Trend (Filtered) [Adaptive;;;
2026.02.04 09:52:54;400318435;USDJPYm;sell;0.62 / 0.62;market;;;2026.02.04 09:52:55;filled;;;;;
2026.02.04 09:52:55;400318446;USDJPYm;buy;0.62 / 0.62;market; 156,358; 157,078;2026.02.04 09:52:55;filled;;KAMA Trend (Filtered) [Adaptive;;;
2026.02.04 09:53:00;400318499;USDJPYm;sell;0.62 / 0.62;market;;;2026.02.04 09:53:00;filled;;;;;
2026.02.04 09:53:01;400318556;USDJPYm;buy;0.62 / 0.62;market; 156,359; 157,079;2026.02.04 09:53:01;filled;;KAMA Trend (Filtered) [Adaptive;;;
2026.02.04 09:53:03;400318613;USDJPYm;sell;0.62 / 0.62;market;;;2026.02.04 09:53:03;filled;;;;;
2026.02.04 09:53:04;400318640;USDJPYm;buy;0.62 / 0.62;market; 156,357; 157,077;2026.02.04 09:53:05;filled;;KAMA Trend (Filtered) [Adaptive;;;
2026.02.04 09:53:07;400318662;USDJPYm;sell;0.62 / 0.62;market;;;2026.02.04 09:53:07;filled;;;;;
2026.02.04 09:53:08;400318689;USDJPYm;buy;0.62 / 0.62;market; 156,355; 157,075;2026.02.04 09:53:08;filled;;KAMA Trend (Filtered) [Adaptive;;;
2026.02.04 09:53:09;400318697;USDJPYm;sell;0.62 / 0.62;market;;;2026.02.04 09:53:09;filled;;;;;
2026.02.04 09:53:11;400318710;USDJPYm;buy;0.62 / 0.62;market; 156,355; 157,075;2026.02.04 09:53:11;filled;;KAMA Trend (Filtered) [Adaptive;;;
2026.02.04 09:53:13;400318716;USDJPYm;sell;0.62 / 0.62;market;;;2026.02.04 09:53:13;filled;;;;;
2026.02.04 09:53:14;400318721;USDJPYm;buy;0.62 / 0.62;market; 156,351; 157,071;2026.02.04 09:53:14;filled;;KAMA Trend (Filtered) [Adaptive;;;
2026.02.04 09:53:15;400318731;USDJPYm;sell;0.62 / 0.62;market;;;2026.02.04 09:53:16;filled;;;;;
2026.02.04 09:53:17;400318736;USDJPYm;buy;0.62 / 0.62;market; 156,352; 157,072;2026.02.04 09:53:17;filled;;KAMA Trend (Filtered) [Adaptive;;;
2026.02.04 09:53:18;400318745;USDJPYm;sell;0.62 / 0.62;market;;;2026.02.04 09:53:18;filled;;;;;
2026.02.04 09:53:19;400318754;USDJPYm;buy;0.62 / 0.62;market; 156,346; 157,066;2026.02.04 09:53:19;filled;;KAMA Trend (Filtered) [Adaptive;;;
2026.02.04 09:53:19;400318758;USDJPYm;sell;0.62 / 0.62;market;;;2026.02.04 09:53:19;filled;;;;;
2026.02.04 09:53:21;400318778;USDJPYm;buy;0.62 / 0.62;market; 156,345; 157,065;2026.02.04 09:53:21;filled;;KAMA Trend (Filtered) [Adaptive;;;
2026.02.04 09:53:25;400318824;USDJPYm;sell;0.62 / 0.62;market;;;2026.02.04 09:53:25;filled;;;;;
2026.02.04 09:53:29;400318841;USDJPYm;buy;0.62 / 0.62;market; 156,354; 157,074;2026.02.04 09:53:29;filled;;KAMA Trend (Filtered) [Adaptive;;;
2026.02.04 09:53:29;400318855;USDJPYm;sell;0.62 / 0.62;market;;;2026.02.04 09:53:29;filled;;;;;
2026.02.04 09:53:33;400318889;USDJPYm;buy;0.62 / 0.62;market; 156,357; 157,077;2026.02.04 09:53:34;filled;;KAMA Trend (Filtered) [Adaptive;;;
2026.02.04 09:53:34;400318894;USDJPYm;sell;0.62 / 0.62;market;;;2026.02.04 09:53:34;filled;;;;;
2026.02.04 09:53:38;400318935;USDJPYm;buy;0.62 / 0.62;market; 156,360; 157,080;2026.02.04 09:53:38;filled;;KAMA Trend (Filtered) [Adaptive;;;
2026.02.04 09:53:39;400318938;USDJPYm;sell;0.62 / 0.62;market;;;2026.02.04 09:53:39;filled;;;;;
2026.02.04 09:53:54;400319031;USDJPYm;buy;0.62 / 0.62;market; 156,360; 157,080;2026.02.04 09:53:54;filled;;KAMA Trend (Filtered) [Adaptive;;;
2026.02.04 09:53:55;400319044;USDJPYm;sell;0.62 / 0.62;market;;;2026.02.04 09:53:55;filled;;;;;
2026.02.04 09:54:00;400319133;USDJPYm;buy;0.62 / 0.62;market; 156,361; 157,081;2026.02.04 09:54:01;filled;;KAMA Trend (Filtered) [Adaptive;;;
2026.02.04 09:54:04;400319239;USDJPYm;sell;0.62 / 0.62;market;;;2026.02.04 09:54:04;filled;;;;;
2026.02.04 09:54:05;400319262;USDJPYm;buy;0.62 / 0.62;market; 156,360; 157,080;2026.02.04 09:54:05;filled;;KAMA Trend (Filtered) [Adaptive;;;
2026.02.04 09:54:06;400319308;USDJPYm;sell;0.62 / 0.62;market;;;2026.02.04 09:54:06;filled;;;;;
2026.02.04 09:54:07;400319333;USDJPYm;buy;0.62 / 0.62;market; 156,359; 157,079;2026.02.04 09:54:08;filled;;KAMA Trend (Filtered) [Adaptive;;;
2026.02.04 09:54:08;400319343;USDJPYm;sell;0.62 / 0.62;market;;;2026.02.04 09:54:08;filled;;;;;
2026.02.04 09:54:10;400319396;USDJPYm;buy;0.62 / 0.62;market; 156,364; 157,084;2026.02.04 09:54:10;filled;;KAMA Trend (Filtered) [Adaptive;;;
2026.02.04 09:54:12;400319418;USDJPYm;sell;0.62 / 0.62;market;;;2026.02.04 09:54:12;filled;;;;;
2026.02.04 09:54:17;400319466;USDJPYm;buy;0.62 / 0.62;market; 156,361; 157,081;2026.02.04 09:54:17;filled;;KAMA Trend (Filtered) [Adaptive;;;
2026.02.04 09:54:18;400319470;USDJPYm;sell;0.62 / 0.62;market;;;2026.02.04 09:54:18;filled;;;;;
2026.02.04 09:54:21;400319495;USDJPYm;buy;0.62 / 0.62;market; 156,355; 157,075;2026.02.04 09:54:21;filled;;KAMA Trend (Filtered) [Adaptive;;;
2026.02.04 09:54:26;400319520;USDJPYm;sell;0.62 / 0.62;market;;;2026.02.04 09:54:26;filled;;;;;
2026.02.04 09:54:29;400319557;USDJPYm;buy;0.62 / 0.62;market; 156,356; 157,076;2026.02.04 09:54:29;filled;;KAMA Trend (Filtered) [Adaptive;;;
2026.02.04 09:54:30;400319565;USDJPYm;sell;0.62 / 0.62;market;;;2026.02.04 09:54:30;filled;;;;;
2026.02.04 09:54:32;400319585;USDJPYm;buy;0.62 / 0.62;market; 156,359; 157,079;2026.02.04 09:54:32;filled;;KAMA Trend (Filtered) [Adaptive;;;
2026.02.04 09:54:33;400319594;USDJPYm;sell;0.62 / 0.62;market;;;2026.02.04 09:54:33;filled;;;;;
2026.02.04 09:54:36;400319605;USDJPYm;buy;0.62 / 0.62;market; 156,357; 157,077;2026.02.04 09:54:36;filled;;KAMA Trend (Filtered) [Adaptive;;;
2026.02.04 09:54:38;400319619;USDJPYm;sell;0.62 / 0.62;market;;;2026.02.04 09:54:38;filled;;;;;
2026.02.04 09:54:38;400319620;USDJPYm;buy;0.62 / 0.62;market; 156,358; 157,078;2026.02.04 09:54:38;filled;;KAMA Trend (Filtered) [Adaptive;;;
2026.02.04 09:54:42;400319674;USDJPYm;sell;0.62 / 0.62;market;;;2026.02.04 09:54:42;filled;;;;;
2026.02.04 09:54:43;400319680;USDJPYm;buy;0.62 / 0.62;market; 156,358; 157,078;2026.02.04 09:54:44;filled;;KAMA Trend (Filtered) [Adaptive;;;
2026.02.04 09:54:44;400319683;USDJPYm;sell;0.62 / 0.62;market;;;2026.02.04 09:54:44;filled;;;;;
2026.02.04 09:54:45;400319692;USDJPYm;buy;0.62 / 0.62;market; 156,352; 157,072;2026.02.04 09:54:46;filled;;KAMA Trend (Filtered) [Adaptive;;;
2026.02.04 09:54:48;400319707;USDJPYm;sell;0.62 / 0.62;market;;;2026.02.04 09:54:48;filled;;;;;
2026.02.04 09:54:49;400319715;USDJPYm;buy;0.62 / 0.62;market; 156,348; 157,068;2026.02.04 09:54:49;filled;;KAMA Trend (Filtered) [Adaptive;;;
2026.02.04 09:54:50;400319718;USDJPYm;sell;0.62 / 0.62;market;;;2026.02.04 09:54:50;filled;;;;;
2026.02.04 09:54:52;400319730;USDJPYm;buy;0.62 / 0.62;market; 156,347; 157,067;2026.02.04 09:54:52;filled;;KAMA Trend (Filtered) [Adaptive;;;
2026.02.04 09:54:53;400319737;USDJPYm;sell;0.62 / 0.62;market;;;2026.02.04 09:54:53;filled;;;;;
2026.02.04 09:54:54;400319740;USDJPYm;buy;0.62 / 0.62;market; 156,344; 157,064;2026.02.04 09:54:54;filled;;KAMA Trend (Filtered) [Adaptive;;;
2026.02.04 09:54:55;400319745;USDJPYm;sell;0.62 / 0.62;market;;;2026.02.04 09:54:55;filled;;;;;
2026.02.04 09:55:00;400319764;USDJPYm;buy;0.62 / 0.62;market; 156,348; 157,068;2026.02.04 09:55:00;filled;;KAMA Trend (Filtered) [Adaptive;;;
2026.02.04 09:55:01;400319807;USDJPYm;sell;0.62 / 0.62;market;;;2026.02.04 09:55:01;filled;;;;;
2026.02.04 09:55:10;400319947;USDJPYm;buy;0.62 / 0.62;market; 156,346; 157,066;2026.02.04 09:55:10;filled;;KAMA Trend (Filtered) [Adaptive;;;
2026.02.04 09:55:12;400319959;USDJPYm;sell;0.62 / 0.62;market;;;2026.02.04 09:55:12;filled;;;;;
2026.02.04 09:55:24;400320059;USDJPYm;buy;0.62 / 0.62;market; 156,344; 157,064;2026.02.04 09:55:25;filled;;KAMA Trend (Filtered) [Adaptive;;;
2026.02.04 09:55:25;400320065;USDJPYm;sell;0.62 / 0.62;market;;;2026.02.04 09:55:25;filled;;;;;
2026.02.04 09:55:26;400320071;USDJPYm;buy;0.62 / 0.62;market; 156,353; 157,073;2026.02.04 09:55:26;filled;;KAMA Trend (Filtered) [Adaptive;;;
2026.02.04 09:55:27;400320075;USDJPYm;sell;0.62 / 0.62;market;;;2026.02.04 09:55:27;filled;;;;;
2026.02.04 09:55:28;400320080;USDJPYm;buy;0.62 / 0.62;market; 156,349; 157,069;2026.02.04 09:55:28;filled;;KAMA Trend (Filtered) [Adaptive;;;
2026.02.04 09:55:29;400320087;USDJPYm;sell;0.62 / 0.62;market;;;2026.02.04 09:55:29;filled;;;;;
2026.02.04 09:55:30;400320091;USDJPYm;buy;0.62 / 0.62;market; 156,351; 157,071;2026.02.04 09:55:30;filled;;KAMA Trend (Filtered) [Adaptive;;;
2026.02.04 09:55:31;400320098;USDJPYm;sell;0.62 / 0.62;market;;;2026.02.04 09:55:31;filled;;;;;
2026.02.04 09:55:32;400320102;USDJPYm;buy;0.62 / 0.62;market; 156,350; 157,070;2026.02.04 09:55:32;filled;;KAMA Trend (Filtered) [Adaptive;;;
2026.02.04 09:55:33;400320107;USDJPYm;sell;0.62 / 0.62;market;;;2026.02.04 09:55:33;filled;;;;;
2026.02.04 09:55:35;400320118;USDJPYm;buy;0.62 / 0.62;market; 156,350; 157,070;2026.02.04 09:55:35;filled;;KAMA Trend (Filtered) [Adaptive;;;
2026.02.04 09:55:36;400320123;USDJPYm;sell;0.62 / 0.62;market;;;2026.02.04 09:55:36;filled;;;;;
2026.02.04 09:55:37;400320129;USDJPYm;buy;0.62 / 0.62;market; 156,351; 157,071;2026.02.04 09:55:37;filled;;KAMA Trend (Filtered) [Adaptive;;;
2026.02.04 09:55:37;400320133;USDJPYm;sell;0.62 / 0.62;market;;;2026.02.04 09:55:37;filled;;;;;
2026.02.04 09:55:38;400320138;USDJPYm;buy;0.62 / 0.62;market; 156,353; 157,073;2026.02.04 09:55:38;filled;;KAMA Trend (Filtered) [Adaptive;;;
2026.02.04 09:55:43;400320161;USDJPYm;sell;0.62 / 0.62;market;;;2026.02.04 09:55:43;filled;;;;;
2026.02.04 09:55:45;400320169;USDJPYm;buy;0.62 / 0.62;market; 156,350; 157,070;2026.02.04 09:55:45;filled;;KAMA Trend (Filtered) [Adaptive;;;
2026.02.04 09:55:47;400320182;USDJPYm;sell;0.62 / 0.62;market;;;2026.02.04 09:55:47;filled;;;;;
2026.02.04 09:55:51;400320203;USDJPYm;buy;0.62 / 0.62;market; 156,352; 157,072;2026.02.04 09:55:51;filled;;KAMA Trend (Filtered) [Adaptive;;;
2026.02.04 09:55:52;400320207;USDJPYm;sell;0.62 / 0.62;market;;;2026.02.04 09:55:53;filled;;;;;
2026.02.04 09:55:54;400320228;USDJPYm;buy;0.62 / 0.62;market; 156,354; 157,074;2026.02.04 09:55:54;filled;;KAMA Trend (Filtered) [Adaptive;;;
2026.02.04 09:55:55;400320244;USDJPYm;sell;0.62 / 0.62;market;;;2026.02.04 09:55:55;filled;;;;;
2026.02.04 09:55:57;400320254;USDJPYm;buy;0.62 / 0.62;market; 156,354; 157,074;2026.02.04 09:55:57;filled;;KAMA Trend (Filtered) [Adaptive;;;
2026.02.04 09:55:58;400320261;USDJPYm;sell;0.62 / 0.62;market;;;2026.02.04 09:55:58;filled;;;;;
2026.02.04 09:56:00;400320281;USDJPYm;buy;0.62 / 0.62;market; 156,359; 157,079;2026.02.04 09:56:00;filled;;KAMA Trend (Filtered) [Adaptive;;;
2026.02.04 09:56:01;400320321;USDJPYm;sell;0.62 / 0.62;market;;;2026.02.04 09:56:01;filled;;;;;
2026.02.04 09:56:02;400320356;USDJPYm;buy;0.62 / 0.62;market; 156,358; 157,078;2026.02.04 09:56:02;filled;;KAMA Trend (Filtered) [Adaptive;;;
2026.02.04 09:56:18;400320601;USDJPYm;sell;0.62 / 0.62;market;;;2026.02.04 09:56:18;filled;;;;;
2026.02.04 09:56:20;400320611;USDJPYm;buy;0.61 / 0.61;market; 156,360; 157,080;2026.02.04 09:56:20;filled;;KAMA Trend (Filtered) [Adaptive;;;
2026.02.04 09:56:23;400320618;USDJPYm;sell;0.61 / 0.61;market;;;2026.02.04 09:56:23;filled;;;;;
2026.02.04 09:56:25;400320645;USDJPYm;buy;0.61 / 0.61;market; 156,361; 157,081;2026.02.04 09:56:25;filled;;KAMA Trend (Filtered) [Adaptive;;;
2026.02.04 09:56:27;400320683;USDJPYm;sell;0.61 / 0.61;market;;;2026.02.04 09:56:27;filled;;;;;
2026.02.04 09:56:30;400320720;USDJPYm;buy;0.61 / 0.61;market; 156,361; 157,081;2026.02.04 09:56:30;filled;;KAMA Trend (Filtered) [Adaptive;;;
2026.02.04 09:56:32;400320750;USDJPYm;sell;0.61 / 0.61;market;;;2026.02.04 09:56:32;filled;;;;;
2026.02.04 09:56:34;400320764;USDJPYm;buy;0.61 / 0.61;market; 156,361; 157,081;2026.02.04 09:56:34;filled;;KAMA Trend (Filtered) [Adaptive;;;
2026.02.04 09:56:35;400320774;USDJPYm;sell;0.61 / 0.61;market;;;2026.02.04 09:56:35;filled;;;;;
2026.02.04 09:56:35;400320778;USDJPYm;buy;0.61 / 0.61;market; 156,365; 157,085;2026.02.04 09:56:36;filled;;KAMA Trend (Filtered) [Adaptive;;;
2026.02.04 09:56:36;400320783;USDJPYm;sell;0.61 / 0.61;market;;;2026.02.04 09:56:36;filled;;;;;
2026.02.04 09:56:37;400320800;USDJPYm;buy;0.61 / 0.61;market; 156,371; 157,091;2026.02.04 09:56:37;filled;;KAMA Trend (Filtered) [Adaptive;;;
2026.02.04 09:56:37;400320804;USDJPYm;sell;0.61 / 0.61;market;;;2026.02.04 09:56:37;filled;;;;;
2026.02.04 09:56:38;400320810;USDJPYm;buy;0.61 / 0.61;market; 156,379; 157,099;2026.02.04 09:56:38;filled;;KAMA Trend (Filtered) [Adaptive;;;
2026.02.04 09:56:40;400320822;USDJPYm;sell;0.61 / 0.61;market;;;2026.02.04 09:56:40;filled;;;;;
2026.02.04 09:56:41;400320831;USDJPYm;buy;0.61 / 0.61;market; 156,379; 157,099;2026.02.04 09:56:41;filled;;KAMA Trend (Filtered) [Adaptive;;;
2026.02.04 09:56:43;400320837;USDJPYm;sell;0.61 / 0.61;market;;;2026.02.04 09:56:43;filled;;;;;
2026.02.04 09:56:43;400320843;USDJPYm;buy;0.61 / 0.61;market; 156,369; 157,089;2026.02.04 09:56:43;filled;;KAMA Trend (Filtered) [Adaptive;;;
2026.02.04 09:56:45;400320858;USDJPYm;sell;0.61 / 0.61;market;;;2026.02.04 09:56:45;filled;;;;;
2026.02.04 09:56:46;400320868;USDJPYm;buy;0.61 / 0.61;market; 156,372; 157,092;2026.02.04 09:56:46;filled;;KAMA Trend (Filtered) [Adaptive;;;
2026.02.04 09:56:47;400320882;USDJPYm;sell;0.61 / 0.61;market;;;2026.02.04 09:56:47;filled;;;;;
2026.02.04 09:56:50;400320897;USDJPYm;buy;0.61 / 0.61;market; 156,372; 157,092;2026.02.04 09:56:50;filled;;KAMA Trend (Filtered) [Adaptive;;;
2026.02.04 09:56:51;400320908;USDJPYm;sell;0.61 / 0.61;market;;;2026.02.04 09:56:51;filled;;;;;
2026.02.04 09:56:52;400320913;USDJPYm;buy;0.61 / 0.61;market; 156,370; 157,090;2026.02.04 09:56:52;filled;;KAMA Trend (Filtered) [Adaptive;;;
2026.02.04 09:56:54;400320930;USDJPYm;sell;0.61 / 0.61;market;;;2026.02.04 09:56:54;filled;;;;;
2026.02.04 09:56:55;400320945;USDJPYm;buy;0.61 / 0.61;market; 156,372; 157,092;2026.02.04 09:56:55;filled;;KAMA Trend (Filtered) [Adaptive;;;
2026.02.04 09:56:57;400320964;USDJPYm;sell;0.61 / 0.61;market;;;2026.02.04 09:56:57;filled;;;;;
2026.02.04 09:57:00;400320991;USDJPYm;buy;0.61 / 0.61;market; 156,371; 157,091;2026.02.04 09:57:00;filled;;KAMA Trend (Filtered) [Adaptive;;;
2026.02.04 09:57:04;400321101;USDJPYm;sell;0.61 / 0.61;market;;;2026.02.04 09:57:04;filled;;;;;
2026.02.04 09:57:07;400321155;USDJPYm;buy;0.61 / 0.61;market; 156,374; 157,094;2026.02.04 09:57:07;filled;;KAMA Trend (Filtered) [Adaptive;;;
2026.02.04 09:57:07;400321159;USDJPYm;sell;0.61 / 0.61;market;;;2026.02.04 09:57:07;filled;;;;;
2026.02.04 09:57:07;400321162;USDJPYm;buy;0.61 / 0.61;market; 156,383; 157,103;2026.02.04 09:57:08;filled;;KAMA Trend (Filtered) [Adaptive;;;
2026.02.04 09:57:12;400321225;USDJPYm;sell;0.61 / 0.61;market;;;2026.02.04 09:57:12;filled;;;;;
2026.02.04 09:57:13;400321236;USDJPYm;buy;0.61 / 0.61;market; 156,383; 157,103;2026.02.04 09:57:13;filled;;KAMA Trend (Filtered) [Adaptive;;;
2026.02.04 09:57:14;400321239;USDJPYm;sell;0.61 / 0.61;market;;;2026.02.04 09:57:14;filled;;;;;
2026.02.04 09:57:20;400321314;USDJPYm;buy;0.61 / 0.61;market; 156,383; 157,103;2026.02.04 09:57:20;filled;;KAMA Trend (Filtered) [Adaptive;;;
2026.02.04 09:57:22;400321333;USDJPYm;sell;0.61 / 0.61;market;;;2026.02.04 09:57:22;filled;;;;;
2026.02.04 09:57:24;400321371;USDJPYm;buy;0.61 / 0.61;market; 156,385; 157,105;2026.02.04 09:57:24;filled;;KAMA Trend (Filtered) [Adaptive;;;
2026.02.04 09:57:26;400321395;USDJPYm;sell;0.61 / 0.61;market;;;2026.02.04 09:57:26;filled;;;;;
2026.02.04 09:57:27;400321398;USDJPYm;buy;0.61 / 0.61;market; 156,383; 157,103;2026.02.04 09:57:28;filled;;KAMA Trend (Filtered) [Adaptive;;;
2026.02.04 09:57:29;400321412;USDJPYm;sell;0.61 / 0.61;market;;;2026.02.04 09:57:29;filled;;;;;
2026.02.04 09:57:31;400321431;USDJPYm;buy;0.61 / 0.61;market; 156,384; 157,104;2026.02.04 09:57:31;filled;;KAMA Trend (Filtered) [Adaptive;;;
2026.02.04 09:57:34;400321447;USDJPYm;sell;0.61 / 0.61;market;;;2026.02.04 09:57:34;filled;;;;;
2026.02.04 09:57:34;400321450;USDJPYm;buy;0.61 / 0.61;market; 156,377; 157,097;2026.02.04 09:57:34;filled;;KAMA Trend (Filtered) [Adaptive;;;
2026.02.04 09:57:36;400321464;USDJPYm;sell;0.61 / 0.61;market;;;2026.02.04 09:57:36;filled;;;;;
2026.02.04 09:57:37;400321466;USDJPYm;buy;0.61 / 0.61;market; 156,379; 157,099;2026.02.04 09:57:37;filled;;KAMA Trend (Filtered) [Adaptive;;;
2026.02.04 09:57:40;400321482;USDJPYm;sell;0.61 / 0.61;market;;;2026.02.04 09:57:40;filled;;;;;
2026.02.04 09:57:42;400321495;USDJPYm;buy;0.61 / 0.61;market; 156,377; 157,097;2026.02.04 09:57:42;filled;;KAMA Trend (Filtered) [Adaptive;;;
2026.02.04 09:57:43;400321498;USDJPYm;sell;0.61 / 0.61;market;;;2026.02.04 09:57:43;filled;;;;;
2026.02.04 09:57:45;400321513;USDJPYm;buy;0.61 / 0.61;market; 156,378; 157,098;2026.02.04 09:57:45;filled;;KAMA Trend (Filtered) [Adaptive;;;
2026.02.04 09:57:46;400321525;USDJPYm;sell;0.61 / 0.61;market;;;2026.02.04 09:57:46;filled;;;;;
2026.02.04 09:57:55;400321575;USDJPYm;buy;0.61 / 0.61;market; 156,378; 157,098;2026.02.04 09:57:55;filled;;KAMA Trend (Filtered) [Adaptive;;;
2026.02.04 09:57:57;400321585;USDJPYm;sell;0.61 / 0.61;market;;;2026.02.04 09:57:57;filled;;;;;
2026.02.04 09:58:00;400321619;USDJPYm;buy;0.61 / 0.61;market; 156,378; 157,098;2026.02.04 09:58:01;filled;;KAMA Trend (Filtered) [Adaptive;;;
2026.02.04 09:58:02;400321699;USDJPYm;sell;0.61 / 0.61;market;;;2026.02.04 09:58:02;filled;;;;;
2026.02.04 09:58:03;400321718;USDJPYm;buy;0.61 / 0.61;market; 156,374; 157,094;2026.02.04 09:58:03;filled;;KAMA Trend (Filtered) [Adaptive;;;
2026.02.04 09:58:08;400321789;USDJPYm;sell;0.61 / 0.61;market;;;2026.02.04 09:58:08;filled;;;;;
2026.02.04 09:58:15;400321865;USDJPYm;buy;0.61 / 0.61;market; 156,378; 157,098;2026.02.04 09:58:15;filled;;KAMA Trend (Filtered) [Adaptive;;;
2026.02.04 09:58:17;400321890;USDJPYm;sell;0.61 / 0.61;market;;;2026.02.04 09:58:17;filled;;;;;
2026.02.04 09:58:23;400321943;USDJPYm;buy;0.61 / 0.61;market; 156,376; 157,096;2026.02.04 09:58:23;filled;;KAMA Trend (Filtered) [Adaptive;;;
2026.02.04 09:58:23;400321949;USDJPYm;sell;0.61 / 0.61;market;;;2026.02.04 09:58:24;filled;;;;;
2026.02.04 09:58:24;400321951;USDJPYm;buy;0.61 / 0.61;market; 156,370; 157,090;2026.02.04 09:58:24;filled;;KAMA Trend (Filtered) [Adaptive;;;
2026.02.04 09:58:25;400321959;USDJPYm;sell;0.61 / 0.61;market;;;2026.02.04 09:58:25;filled;;;;;
2026.02.04 09:58:30;400321999;USDJPYm;buy;0.61 / 0.61;market; 156,368; 157,088;2026.02.04 09:58:30;filled;;KAMA Trend (Filtered) [Adaptive;;;
2026.02.04 09:58:31;400322009;USDJPYm;sell;0.61 / 0.61;market;;;2026.02.04 09:58:31;filled;;;;;
2026.02.04 09:58:33;400322022;USDJPYm;buy;0.61 / 0.61;market; 156,361; 157,081;2026.02.04 09:58:33;filled;;KAMA Trend (Filtered) [Adaptive;;;
2026.02.04 09:58:34;400322044;USDJPYm;sell;0.61 / 0.61;market;;;2026.02.04 09:58:34;filled;;;;;
2026.02.04 09:58:35;400322070;USDJPYm;buy;0.61 / 0.61;market; 156,364; 157,084;2026.02.04 09:58:35;filled;;KAMA Trend (Filtered) [Adaptive;;;
2026.02.04 09:58:36;400322075;USDJPYm;sell;0.61 / 0.61;market;;;2026.02.04 09:58:36;filled;;;;;
2026.02.04 09:58:38;400322109;USDJPYm;buy;0.61 / 0.61;market; 156,364; 157,084;2026.02.04 09:58:38;filled;;KAMA Trend (Filtered) [Adaptive;;;
2026.02.04 09:58:44;400322173;USDJPYm;sell;0.61 / 0.61;market;;;2026.02.04 09:58:44;filled;;;;;
2026.02.04 09:58:45;400322176;USDJPYm;buy;0.61 / 0.61;market; 156,358; 157,078;2026.02.04 09:58:45;filled;;KAMA Trend (Filtered) [Adaptive;;;
2026.02.04 09:58:47;400322201;USDJPYm;sell;0.61 / 0.61;market;;;2026.02.04 09:58:48;filled;;;;;
2026.02.04 09:58:53;400322230;USDJPYm;buy;0.61 / 0.61;market; 156,358; 157,078;2026.02.04 09:58:53;filled;;KAMA Trend (Filtered) [Adaptive;;;
2026.02.04 09:58:54;400322232;USDJPYm;sell;0.61 / 0.61;market;;;2026.02.04 09:58:55;filled;;;;;
2026.02.04 09:59:00;400322263;USDJPYm;buy;0.61 / 0.61;market; 156,353; 157,073;2026.02.04 09:59:00;filled;;KAMA Trend (Filtered) [Adaptive;;;
2026.02.04 09:59:00;400322287;USDJPYm;sell;0.61 / 0.61;market;;;2026.02.04 09:59:00;filled;;;;;
2026.02.04 09:59:04;400322321;USDJPYm;buy;0.61 / 0.61;market; 156,357; 157,077;2026.02.04 09:59:04;filled;;KAMA Trend (Filtered) [Adaptive;;;
2026.02.04 09:59:10;400322374;USDJPYm;sell;0.61 / 0.61;market;;;2026.02.04 09:59:10;filled;;;;;
2026.02.04 09:59:16;400322397;USDJPYm;buy;0.61 / 0.61;market; 156,361; 157,081;2026.02.04 09:59:16;filled;;KAMA Trend (Filtered) [Adaptive;;;
2026.02.04 09:59:17;400322409;USDJPYm;sell;0.61 / 0.61;market;;;2026.02.04 09:59:17;filled;;;;;
2026.02.04 09:59:23;400322448;USDJPYm;buy;0.61 / 0.61;market; 156,360; 157,080;2026.02.04 09:59:23;filled;;KAMA Trend (Filtered) [Adaptive;;;
2026.02.04 09:59:25;400322458;USDJPYm;sell;0.61 / 0.61;market;;;2026.02.04 09:59:25;filled;;;;;
2026.02.04 09:59:32;400322521;USDJPYm;buy;0.61 / 0.61;market; 156,362; 157,082;2026.02.04 09:59:32;filled;;KAMA Trend (Filtered) [Adaptive;;;
2026.02.04 09:59:36;400322550;USDJPYm;sell;0.61 / 0.61;market;;;2026.02.04 09:59:36;filled;;;;;
2026.02.04 09:59:48;400322603;USDJPYm;buy;0.61 / 0.61;market; 156,363; 157,083;2026.02.04 09:59:48;filled;;KAMA Trend (Filtered) [Adaptive;;;
2026.02.04 09:59:55;400322650;USDJPYm;sell;0.61 / 0.61;market;;;2026.02.04 09:59:55;filled;;;;;
2026.02.04 09:59:58;400322664;USDJPYm;buy;0.61 / 0.61;market; 156,359; 157,079;2026.02.04 09:59:58;filled;;KAMA Trend (Filtered) [Adaptive;;;
2026.02.04 09:59:59;400322675;USDJPYm;sell;0.61 / 0.61;market;;;2026.02.04 09:59:59;filled;;;;;
2026.02.04 09:59:59;400322681;USDJPYm;buy;0.61 / 0.61;market; 156,363; 157,083;2026.02.04 10:00:00;filled;;KAMA Trend (Filtered) [Adaptive;;;
2026.02.04 10:00:00;400322755;USDJPYm;sell;0.61 / 0.61;market;;;2026.02.04 10:00:00;filled;;;;;
2026.02.04 10:00:01;400322858;USDJPYm;buy;0.57 / 0.57;market; 156,344; 157,107;2026.02.04 10:00:01;filled;;KAMA Trend (Filtered) [Adaptive;;;
2026.02.04 10:00:04;400322965;USDJPYm;sell;0.57 / 0.57;market;;;2026.02.04 10:00:04;filled;;;;;
2026.02.04 10:00:06;400323065;USDJPYm;buy;0.57 / 0.57;market; 156,344; 157,107;2026.02.04 10:00:06;filled;;KAMA Trend (Filtered) [Adaptive;;;
2026.02.04 10:00:08;400323090;USDJPYm;sell;0.57 / 0.57;market;;;2026.02.04 10:00:08;filled;;;;;
2026.02.04 10:00:09;400323101;USDJPYm;buy;0.57 / 0.57;market; 156,344; 157,107;2026.02.04 10:00:09;filled;;KAMA Trend (Filtered) [Adaptive;;;
2026.02.04 10:00:10;400323163;USDJPYm;sell;0.57 / 0.57;market;;;2026.02.04 10:00:10;filled;;;;;
2026.02.04 10:00:11;400323202;USDJPYm;buy;0.57 / 0.57;market; 156,342; 157,105;2026.02.04 10:00:11;filled;;KAMA Trend (Filtered) [Adaptive;;;
2026.02.04 10:00:12;400323244;USDJPYm;sell;0.57 / 0.57;market;;;2026.02.04 10:00:12;filled;;;;;
2026.02.04 10:00:13;400323273;USDJPYm;buy;0.57 / 0.57;market; 156,342; 157,105;2026.02.04 10:00:13;filled;;KAMA Trend (Filtered) [Adaptive;;;
2026.02.04 10:00:15;400323325;USDJPYm;sell;0.57 / 0.57;market;;;2026.02.04 10:00:15;filled;;;;;
2026.02.04 10:00:16;400323358;USDJPYm;buy;0.57 / 0.57;market; 156,355; 157,118;2026.02.04 10:00:16;filled;;KAMA Trend (Filtered) [Adaptive;;;
2026.02.04 10:00:17;400323374;USDJPYm;sell;0.57 / 0.57;market;;;2026.02.04 10:00:17;filled;;;;;
2026.02.04 10:00:18;400323388;USDJPYm;buy;0.57 / 0.57;market; 156,358; 157,121;2026.02.04 10:00:18;filled;;KAMA Trend (Filtered) [Adaptive;;;
2026.02.04 10:00:19;400323410;USDJPYm;sell;0.57 / 0.57;market;;;2026.02.04 10:00:19;filled;;;;;
2026.02.04 10:00:21;400323449;USDJPYm;buy;0.57 / 0.57;market; 156,358; 157,121;2026.02.04 10:00:21;filled;;KAMA Trend (Filtered) [Adaptive;;;
2026.02.04 10:00:22;400323462;USDJPYm;sell;0.57 / 0.57;market;;;2026.02.04 10:00:22;filled;;;;;
2026.02.04 10:00:25;400323491;USDJPYm;buy;0.57 / 0.57;market; 156,359; 157,122;2026.02.04 10:00:25;filled;;KAMA Trend (Filtered) [Adaptive;;;
2026.02.04 10:00:26;400323495;USDJPYm;sell;0.57 / 0.57;market;;;2026.02.04 10:00:26;filled;;;;;
2026.02.04 10:00:27;400323502;USDJPYm;buy;0.57 / 0.57;market; 156,352; 157,115;2026.02.04 10:00:27;filled;;KAMA Trend (Filtered) [Adaptive;;;
2026.02.04 10:00:29;400323518;USDJPYm;sell;0.57 / 0.57;market;;;2026.02.04 10:00:29;filled;;;;;
2026.02.04 10:00:34;400323546;USDJPYm;buy;0.57 / 0.57;market; 156,355; 157,118;2026.02.04 10:00:34;filled;;KAMA Trend (Filtered) [Adaptive;;;
2026.02.04 10:00:34;400323554;USDJPYm;sell;0.57 / 0.57;market;;;2026.02.04 10:00:34;filled;;;;;
2026.02.04 10:00:34;400323558;USDJPYm;buy;0.57 / 0.57;market; 156,344; 157,107;2026.02.04 10:00:35;filled;;KAMA Trend (Filtered) [Adaptive;;;
2026.02.04 10:00:37;400323577;USDJPYm;sell;0.57 / 0.57;market;;;2026.02.04 10:00:37;filled;;;;;
2026.02.04 10:00:39;400323608;USDJPYm;buy;0.57 / 0.57;market; 156,344; 157,107;2026.02.04 10:00:39;filled;;KAMA Trend (Filtered) [Adaptive;;;
2026.02.04 10:00:41;400323613;USDJPYm;sell;0.57 / 0.57;market;;;2026.02.04 10:00:41;filled;;;;;
2026.02.04 10:00:45;400323659;USDJPYm;buy;0.57 / 0.57;market; 156,344; 157,107;2026.02.04 10:00:45;filled;;KAMA Trend (Filtered) [Adaptive;;;
2026.02.04 10:00:53;400323728;USDJPYm;sell;0.57 / 0.57;market;;;2026.02.04 10:00:53;filled;;;;;
2026.02.04 10:00:54;400323742;USDJPYm;buy;0.57 / 0.57;market; 156,342; 157,105;2026.02.04 10:00:54;filled;;KAMA Trend (Filtered) [Adaptive;;;
2026.02.04 10:00:55;400323746;USDJPYm;sell;0.57 / 0.57;market;;;2026.02.04 10:00:55;filled;;;;;
2026.02.04 10:01:01;400323812;USDJPYm;buy;0.57 / 0.57;market; 156,345; 157,108;2026.02.04 10:01:01;filled;;KAMA Trend (Filtered) [Adaptive;;;
2026.02.04 10:01:03;400323850;USDJPYm;sell;0.57 / 0.57;market;;;2026.02.04 10:01:03;filled;;;;;
2026.02.04 10:01:08;400323921;USDJPYm;buy;0.57 / 0.57;market; 156,345; 157,108;2026.02.04 10:01:08;filled;;KAMA Trend (Filtered) [Adaptive;;;
2026.02.04 10:01:11;400323998;USDJPYm;sell;0.57 / 0.57;market;;;2026.02.04 10:01:11;filled;;;;;
2026.02.04 10:01:12;400324016;USDJPYm;buy;0.57 / 0.57;market; 156,345; 157,108;2026.02.04 10:01:13;filled;;KAMA Trend (Filtered) [Adaptive;;;
2026.02.04 10:01:13;400324024;USDJPYm;sell;0.57 / 0.57;market;;;2026.02.04 10:01:13;filled;;;;;
2026.02.04 10:01:15;400324070;USDJPYm;buy;0.57 / 0.57;market; 156,353; 157,116;2026.02.04 10:01:15;filled;;KAMA Trend (Filtered) [Adaptive;;;
2026.02.04 10:01:16;400324082;USDJPYm;sell;0.57 / 0.57;market;;;2026.02.04 10:01:16;filled;;;;;
2026.02.04 10:01:18;400324103;USDJPYm;buy;0.57 / 0.57;market; 156,347; 157,110;2026.02.04 10:01:18;filled;;KAMA Trend (Filtered) [Adaptive;;;
2026.02.04 10:01:19;400324120;USDJPYm;sell;0.57 / 0.57;market;;;2026.02.04 10:01:19;filled;;;;;
2026.02.04 10:01:21;400324162;USDJPYm;buy;0.57 / 0.57;market; 156,348; 157,111;2026.02.04 10:01:22;filled;;KAMA Trend (Filtered) [Adaptive;;;
2026.02.04 10:01:27;400324218;USDJPYm;sell;0.57 / 0.57;market;;;2026.02.04 10:01:27;filled;;;;;
2026.02.04 10:01:28;400324228;USDJPYm;buy;0.57 / 0.57;market; 156,343; 157,106;2026.02.04 10:01:28;filled;;KAMA Trend (Filtered) [Adaptive;;;
2026.02.04 10:01:30;400324261;USDJPYm;sell;0.57 / 0.57;market;;;2026.02.04 10:01:31;filled;;;;;
2026.02.04 10:01:33;400324288;USDJPYm;buy;0.57 / 0.57;market; 156,343; 157,106;2026.02.04 10:01:33;filled;;KAMA Trend (Filtered) [Adaptive;;;
2026.02.04 10:01:36;400324320;USDJPYm;sell;0.57 / 0.57;market;;;2026.02.04 10:01:36;filled;;;;;
2026.02.04 10:01:37;400324356;USDJPYm;buy;0.57 / 0.57;market; 156,347; 157,110;2026.02.04 10:01:37;filled;;KAMA Trend (Filtered) [Adaptive;;;
2026.02.04 10:01:38;400324375;USDJPYm;sell;0.57 / 0.57;market;;;2026.02.04 10:01:38;filled;;;;;
2026.02.04 10:01:40;400324396;USDJPYm;buy;0.57 / 0.57;market; 156,343; 157,106;2026.02.04 10:01:40;filled;;KAMA Trend (Filtered) [Adaptive;;;
2026.02.04 10:01:41;400324419;USDJPYm;sell;0.57 / 0.57;market;;;2026.02.04 10:01:41;filled;;;;;
2026.02.04 10:01:44;400324439;USDJPYm;buy;0.57 / 0.57;market; 156,343; 157,106;2026.02.04 10:01:44;filled;;KAMA Trend (Filtered) [Adaptive;;;
2026.02.04 10:02:00;400324693;USDJPYm;sell;0.57 / 0.57;market;;;2026.02.04 10:02:00;filled;;;;;
2026.02.04 10:02:07;400324962;USDJPYm;buy;0.57 / 0.57;market; 156,345; 157,108;2026.02.04 10:02:07;filled;;KAMA Trend (Filtered) [Adaptive;;;
2026.02.04 10:02:14;400325160;USDJPYm;sell;0.57 / 0.57;market;;;2026.02.04 10:02:14;filled;;;;;
2026.02.04 10:02:15;400325182;USDJPYm;buy;0.57 / 0.57;market; 156,345; 157,108;2026.02.04 10:02:15;filled;;KAMA Trend (Filtered) [Adaptive;;;
2026.02.04 10:02:16;400325207;USDJPYm;sell;0.57 / 0.57;market;;;2026.02.04 10:02:16;filled;;;;;
2026.02.04 10:02:17;400325220;USDJPYm;buy;0.57 / 0.57;market; 156,348; 157,111;2026.02.04 10:02:17;filled;;KAMA Trend (Filtered) [Adaptive;;;
2026.02.04 10:02:18;400325228;USDJPYm;sell;0.57 / 0.57;market;;;2026.02.04 10:02:18;filled;;;;;
2026.02.04 10:02:20;400325260;USDJPYm;buy;0.57 / 0.57;market; 156,349; 157,112;2026.02.04 10:02:20;filled;;KAMA Trend (Filtered) [Adaptive;;;
2026.02.04 10:02:25;400325427;USDJPYm;sell;0.57 / 0.57;market;;;2026.02.04 10:02:25;filled;;;;;
2026.02.04 10:02:31;400325649;USDJPYm;buy;0.57 / 0.57;market; 156,351; 157,114;2026.02.04 10:02:32;filled;;KAMA Trend (Filtered) [Adaptive;;;
2026.02.04 10:02:33;400325684;USDJPYm;sell;0.57 / 0.57;market;;;2026.02.04 10:02:33;filled;;;;;
2026.02.04 10:02:34;400325720;USDJPYm;buy;0.57 / 0.57;market; 156,346; 157,109;2026.02.04 10:02:34;filled;;KAMA Trend (Filtered) [Adaptive;;;
2026.02.04 10:02:35;400325758;USDJPYm;sell;0.57 / 0.57;market;;;2026.02.04 10:02:35;filled;;;;;
2026.02.04 10:02:59;400326185;USDJPYm;buy;0.57 / 0.57;market; 156,346; 157,109;2026.02.04 10:02:59;filled;;KAMA Trend (Filtered) [Adaptive;;;
2026.02.04 10:03:00;400326195;USDJPYm;sell;0.57 / 0.57;market;;;2026.02.04 10:03:00;filled;;;;;
2026.02.04 10:03:01;400326252;USDJPYm;buy;0.57 / 0.57;market; 156,346; 157,109;2026.02.04 10:03:01;filled;;KAMA Trend (Filtered) [Adaptive;;;
2026.02.04 10:03:04;400326392;USDJPYm;sell;0.57 / 0.57;market;;;2026.02.04 10:03:04;filled;;;;;
2026.02.04 10:03:19;400326828;USDJPYm;buy;0.57 / 0.57;market; 156,346; 157,109;2026.02.04 10:03:19;filled;;KAMA Trend (Filtered) [Adaptive;;;
2026.02.04 10:03:23;400326878;USDJPYm;sell;0.57 / 0.57;market;;;2026.02.04 10:03:23;filled;;;;;
2026.02.04 10:03:42;400327026;USDJPYm;buy;0.56 / 0.56;market; 156,345; 157,108;2026.02.04 10:03:42;filled;;KAMA Trend (Filtered) [Adaptive;;;
2026.02.04 10:03:43;400327033;USDJPYm;sell;0.56 / 0.56;market;;;2026.02.04 10:03:43;filled;;;;;
2026.02.04 10:03:44;400327044;USDJPYm;buy;0.56 / 0.56;market; 156,352; 157,115;2026.02.04 10:03:44;filled;;KAMA Trend (Filtered) [Adaptive;;;
2026.02.04 10:03:46;400327062;USDJPYm;sell;0.56 / 0.56;market;;;2026.02.04 10:03:46;filled;;;;;
2026.02.04 10:03:47;400327092;USDJPYm;buy;0.56 / 0.56;market; 156,363; 157,126;2026.02.04 10:03:47;filled;;KAMA Trend (Filtered) [Adaptive;;;
2026.02.04 10:03:49;400327120;USDJPYm;sell;0.56 / 0.56;market;;;2026.02.04 10:03:49;filled;;;;;
2026.02.04 10:03:50;400327125;USDJPYm;buy;0.56 / 0.56;market; 156,358; 157,121;2026.02.04 10:03:50;filled;;KAMA Trend (Filtered) [Adaptive;;;
2026.02.04 10:03:50;400327129;USDJPYm;sell;0.56 / 0.56;market;;;2026.02.04 10:03:50;filled;;;;;
2026.02.04 10:03:50;400327147;USDJPYm;buy;0.56 / 0.56;market; 156,352; 157,115;2026.02.04 10:03:51;filled;;KAMA Trend (Filtered) [Adaptive;;;
2026.02.04 10:03:51;400327160;USDJPYm;sell;0.56 / 0.56;market;;;2026.02.04 10:03:52;filled;;;;;
2026.02.04 10:03:53;400327174;USDJPYm;buy;0.56 / 0.56;market; 156,343; 157,106;2026.02.04 10:03:53;filled;;KAMA Trend (Filtered) [Adaptive;;;
2026.02.04 10:03:54;400327190;USDJPYm;sell;0.56 / 0.56;market;;;2026.02.04 10:03:54;filled;;;;;
2026.02.04 10:03:55;400327205;USDJPYm;buy;0.56 / 0.56;market; 156,340; 157,103;2026.02.04 10:03:55;filled;;KAMA Trend (Filtered) [Adaptive;;;
2026.02.04 10:03:56;400327217;USDJPYm;sell;0.56 / 0.56;market;;;2026.02.04 10:03:57;filled;;;;;
2026.02.04 10:03:57;400327234;USDJPYm;buy;0.56 / 0.56;market; 156,340; 157,103;2026.02.04 10:03:58;filled;;KAMA Trend (Filtered) [Adaptive;;;
2026.02.04 10:03:59;400327246;USDJPYm;sell;0.56 / 0.56;market;;;2026.02.04 10:03:59;filled;;;;;
2026.02.04 10:03:59;400327255;USDJPYm;buy;0.56 / 0.56;market; 156,337; 157,100;2026.02.04 10:03:59;filled;;KAMA Trend (Filtered) [Adaptive;;;
2026.02.04 10:04:01;400327307;USDJPYm;sell;0.56 / 0.56;market;;;2026.02.04 10:04:01;filled;;;;;
2026.02.04 10:04:01;400327329;USDJPYm;buy;0.56 / 0.56;market; 156,340; 157,103;2026.02.04 10:04:01;filled;;KAMA Trend (Filtered) [Adaptive;;;
2026.02.04 10:04:04;400327390;USDJPYm;sell;0.56 / 0.56;market;;;2026.02.04 10:04:04;filled;;;;;
2026.02.04 10:04:08;400327481;USDJPYm;buy;0.56 / 0.56;market; 156,340; 157,103;2026.02.04 10:04:08;filled;;KAMA Trend (Filtered) [Adaptive;;;
2026.02.04 10:04:11;400327563;USDJPYm;sell;0.56 / 0.56;market;;;2026.02.04 10:04:12;filled;;;;;
2026.02.04 10:04:12;400327596;USDJPYm;buy;0.56 / 0.56;market; 156,343; 157,106;2026.02.04 10:04:12;filled;;KAMA Trend (Filtered) [Adaptive;;;
2026.02.04 10:04:13;400327633;USDJPYm;sell;0.56 / 0.56;market;;;2026.02.04 10:04:13;filled;;;;;
2026.02.04 10:04:14;400327654;USDJPYm;buy;0.56 / 0.56;market; 156,351; 157,114;2026.02.04 10:04:15;filled;;KAMA Trend (Filtered) [Adaptive;;;
2026.02.04 10:04:17;400327697;USDJPYm;sell;0.56 / 0.56;market;;;2026.02.04 10:04:17;filled;;;;;
2026.02.04 10:04:23;400327809;USDJPYm;buy;0.56 / 0.56;market; 156,348; 157,111;2026.02.04 10:04:24;filled;;KAMA Trend (Filtered) [Adaptive;;;
2026.02.04 10:04:25;400327822;USDJPYm;sell;0.56 / 0.56;market;;;2026.02.04 10:04:25;filled;;;;;
2026.02.04 10:04:26;400327835;USDJPYm;buy;0.56 / 0.56;market; 156,348; 157,111;2026.02.04 10:04:26;filled;;KAMA Trend (Filtered) [Adaptive;;;
2026.02.04 10:04:28;400327917;USDJPYm;sell;0.56 / 0.56;market;;;2026.02.04 10:04:28;filled;;;;;
2026.02.04 10:04:28;400327919;USDJPYm;buy;0.56 / 0.56;market; 156,345; 157,108;2026.02.04 10:04:28;filled;;KAMA Trend (Filtered) [Adaptive;;;
2026.02.04 10:04:29;400327935;USDJPYm;sell;0.56 / 0.56;market;;;2026.02.04 10:04:30;filled;;;;;
2026.02.04 10:04:31;400327960;USDJPYm;buy;0.56 / 0.56;market; 156,347; 157,110;2026.02.04 10:04:32;filled;;KAMA Trend (Filtered) [Adaptive;;;
2026.02.04 10:04:34;400327973;USDJPYm;sell;0.56 / 0.56;market;;;2026.02.04 10:04:34;filled;;;;;
2026.02.04 10:04:40;400328021;USDJPYm;buy;0.56 / 0.56;market; 156,346; 157,109;2026.02.04 10:04:40;filled;;KAMA Trend (Filtered) [Adaptive;;;
2026.02.04 10:04:41;400328025;USDJPYm;sell;0.56 / 0.56;market;;;2026.02.04 10:04:41;filled;;;;;
2026.02.04 10:04:43;400328041;USDJPYm;buy;0.56 / 0.56;market; 156,340; 157,103;2026.02.04 10:04:43;filled;;KAMA Trend (Filtered) [Adaptive;;;
2026.02.04 10:04:50;400328062;USDJPYm;sell;0.56 / 0.56;market;;;2026.02.04 10:04:50;filled;;;;;
2026.02.04 10:04:52;400328067;USDJPYm;buy;0.56 / 0.56;market; 156,348; 157,111;2026.02.04 10:04:52;filled;;KAMA Trend (Filtered) [Adaptive;;;
2026.02.04 10:04:52;400328071;USDJPYm;sell;0.56 / 0.56;market;;;2026.02.04 10:04:52;filled;;;;;
2026.02.04 10:04:53;400328073;USDJPYm;buy;0.56 / 0.56;market; 156,339; 157,102;2026.02.04 10:04:53;filled;;KAMA Trend (Filtered) [Adaptive;;;
2026.02.04 10:04:54;400328119;USDJPYm;sell;0.56 / 0.56;market;;;2026.02.04 10:04:54;filled;;;;;
2026.02.04 10:04:56;400328150;USDJPYm;buy;0.56 / 0.56;market; 156,343; 157,106;2026.02.04 10:04:56;filled;;KAMA Trend (Filtered) [Adaptive;;;
2026.02.04 10:04:58;400328183;USDJPYm;sell;0.56 / 0.56;market;;;2026.02.04 10:04:59;filled;;;;;
2026.02.04 10:05:00;400328194;USDJPYm;buy;0.56 / 0.56;market; 156,340; 157,103;2026.02.04 10:05:00;filled;;KAMA Trend (Filtered) [Adaptive;;;
2026.02.04 10:05:00;400328257;USDJPYm;sell;0.56 / 0.56;market;;;2026.02.04 10:05:00;filled;;;;;
2026.02.04 10:05:01;400328273;USDJPYm;buy;0.56 / 0.56;market; 156,336; 157,099;2026.02.04 10:05:02;filled;;KAMA Trend (Filtered) [Adaptive;;;
2026.02.04 10:05:02;400328286;USDJPYm;sell;0.56 / 0.56;market;;;2026.02.04 10:05:03;filled;;;;;
2026.02.04 10:05:07;400328309;USDJPYm;buy;0.56 / 0.56;market; 156,338; 157,101;2026.02.04 10:05:07;filled;;KAMA Trend (Filtered) [Adaptive;;;
2026.02.04 10:05:08;400328312;USDJPYm;sell;0.56 / 0.56;market;;;2026.02.04 10:05:08;filled;;;;;
2026.02.04 10:05:09;400328364;USDJPYm;buy;0.56 / 0.56;market; 156,326; 157,089;2026.02.04 10:05:09;filled;;KAMA Trend (Filtered) [Adaptive;;;
2026.02.04 10:05:10;400328404;USDJPYm;sell;0.56 / 0.56;market;;;2026.02.04 10:05:10;filled;;;;;
2026.02.04 10:05:11;400328425;USDJPYm;buy;0.56 / 0.56;market; 156,328; 157,091;2026.02.04 10:05:11;filled;;KAMA Trend (Filtered) [Adaptive;;;
2026.02.04 10:05:15;400328461;USDJPYm;sell;0.56 / 0.56;market;;;2026.02.04 10:05:15;filled;;;;;
2026.02.04 10:05:17;400328490;USDJPYm;buy;0.56 / 0.56;market; 156,330; 157,093;2026.02.04 10:05:17;filled;;KAMA Trend (Filtered) [Adaptive;;;
2026.02.04 10:05:18;400328504;USDJPYm;sell;0.56 / 0.56;market;;;2026.02.04 10:05:18;filled;;;;;
2026.02.04 10:05:20;400328518;USDJPYm;buy;0.56 / 0.56;market; 156,328; 157,091;2026.02.04 10:05:20;filled;;KAMA Trend (Filtered) [Adaptive;;;
2026.02.04 10:05:21;400328523;USDJPYm;sell;0.56 / 0.56;market;;;2026.02.04 10:05:21;filled;;;;;
2026.02.04 10:05:23;400328550;USDJPYm;buy;0.56 / 0.56;market; 156,324; 157,087;2026.02.04 10:05:23;filled;;KAMA Trend (Filtered) [Adaptive;;;
2026.02.04 10:05:35;400328678;USDJPYm;sell;0.56 / 0.56;market;;;2026.02.04 10:05:35;filled;;;;;
2026.02.04 10:05:36;400328686;USDJPYm;buy;0.56 / 0.56;market; 156,326; 157,089;2026.02.04 10:05:36;filled;;KAMA Trend (Filtered) [Adaptive;;;
2026.02.04 10:05:37;400328696;USDJPYm;sell;0.56 / 0.56;market;;;2026.02.04 10:05:37;filled;;;;;
2026.02.04 10:05:38;400328707;USDJPYm;buy;0.56 / 0.56;market; 156,324; 157,087;2026.02.04 10:05:39;filled;;KAMA Trend (Filtered) [Adaptive;;;
2026.02.04 10:05:53;400328818;USDJPYm;sell;0.56 / 0.56;market;;;2026.02.04 10:05:53;filled;;;;;
2026.02.04 10:05:55;400328826;USDJPYm;buy;0.56 / 0.56;market; 156,325; 157,088;2026.02.04 10:05:55;filled;;KAMA Trend (Filtered) [Adaptive;;;
2026.02.04 10:06:08;400329044;USDJPYm;sell;0.56 / 0.56;market;;;2026.02.04 10:06:08;filled;;;;;
2026.02.04 10:06:09;400329103;USDJPYm;buy;0.56 / 0.56;market; 156,325; 157,088;2026.02.04 10:06:09;filled;;KAMA Trend (Filtered) [Adaptive;;;
2026.02.04 10:06:15;400329181;USDJPYm;sell;0.56 / 0.56;market;;;2026.02.04 10:06:15;filled;;;;;
2026.02.04 10:06:18;400329214;USDJPYm;buy;0.56 / 0.56;market; 156,324; 157,087;2026.02.04 10:06:18;filled;;KAMA Trend (Filtered) [Adaptive;;;
2026.02.04 10:06:35;400329419;USDJPYm;sell;0.56 / 0.56;market;;;2026.02.04 10:06:35;filled;;;;;
2026.02.04 10:06:37;400329471;USDJPYm;buy;0.56 / 0.56;market; 156,325; 157,088;2026.02.04 10:06:37;filled;;KAMA Trend (Filtered) [Adaptive;;;
2026.02.04 10:06:40;400329543;USDJPYm;sell;0.56 / 0.56;market;;;2026.02.04 10:06:40;filled;;;;;
2026.02.04 10:06:40;400329547;USDJPYm;buy;0.56 / 0.56;market; 156,324; 157,087;2026.02.04 10:06:40;filled;;KAMA Trend (Filtered) [Adaptive;;;
2026.02.04 10:06:49;400329954;USDJPYm;sell;0.56 / 0.56;market;;;2026.02.04 10:06:49;filled;;;;;
2026.02.04 10:06:51;400329990;USDJPYm;buy;0.56 / 0.56;market; 156,324; 157,087;2026.02.04 10:06:51;filled;;KAMA Trend (Filtered) [Adaptive;;;
2026.02.04 10:07:29;400330789;USDJPYm;sell;0.56 / 0.56;market;;;2026.02.04 10:07:29;filled;;;;;
2026.02.04 10:07:30;400330804;USDJPYm;buy;0.56 / 0.56;market; 156,324; 157,087;2026.02.04 10:07:30;filled;;KAMA Trend (Filtered) [Adaptive;;;
2026.02.04 10:07:31;400330838;USDJPYm;sell;0.56 / 0.56;market;;;2026.02.04 10:07:31;filled;;;;;
2026.02.04 10:07:34;400330889;USDJPYm;buy;0.56 / 0.56;market; 156,327; 157,090;2026.02.04 10:07:34;filled;;KAMA Trend (Filtered) [Adaptive;;;
2026.02.04 10:07:35;400330897;USDJPYm;sell;0.56 / 0.56;market;;;2026.02.04 10:07:35;filled;;;;;
2026.02.04 10:07:40;400330970;USDJPYm;buy;0.56 / 0.56;market; 156,327; 157,090;2026.02.04 10:07:40;filled;;KAMA Trend (Filtered) [Adaptive;;;
2026.02.04 10:07:42;400330984;USDJPYm;sell;0.56 / 0.56;market;;;2026.02.04 10:07:42;filled;;;;;
2026.02.04 10:07:44;400331005;USDJPYm;buy;0.56 / 0.56;market; 156,325; 157,088;2026.02.04 10:07:44;filled;;KAMA Trend (Filtered) [Adaptive;;;
2026.02.04 10:07:50;400331033;USDJPYm;sell;0.56 / 0.56;market;;;2026.02.04 10:07:50;filled;;;;;
2026.02.04 10:07:56;400331065;USDJPYm;buy;0.56 / 0.56;market; 156,327; 157,090;2026.02.04 10:07:56;filled;;KAMA Trend (Filtered) [Adaptive;;;
2026.02.04 10:08:00;400331146;USDJPYm;sell;0.56 / 0.56;market;;;2026.02.04 10:08:00;filled;;;;;
2026.02.04 10:08:05;400331315;USDJPYm;buy;0.56 / 0.56;market; 156,327; 157,090;2026.02.04 10:08:05;filled;;KAMA Trend (Filtered) [Adaptive;;;
2026.02.04 10:08:06;400331327;USDJPYm;sell;0.56 / 0.56;market;;;2026.02.04 10:08:06;filled;;;;;
2026.02.04 10:08:08;400331371;USDJPYm;buy;0.56 / 0.56;market; 156,325; 157,088;2026.02.04 10:08:08;filled;;KAMA Trend (Filtered) [Adaptive;;;
2026.02.04 10:08:09;400331375;USDJPYm;sell;0.56 / 0.56;market;;;2026.02.04 10:08:09;filled;;;;;
2026.02.04 10:08:10;400331392;USDJPYm;buy;0.56 / 0.56;market; 156,332; 157,095;2026.02.04 10:08:10;filled;;KAMA Trend (Filtered) [Adaptive;;;
2026.02.04 10:08:11;400331399;USDJPYm;sell;0.56 / 0.56;market;;;2026.02.04 10:08:11;filled;;;;;
2026.02.04 10:08:13;400331423;USDJPYm;buy;0.56 / 0.56;market; 156,340; 157,103;2026.02.04 10:08:13;filled;;KAMA Trend (Filtered) [Adaptive;;;
2026.02.04 10:08:14;400331432;USDJPYm;sell;0.56 / 0.56;market;;;2026.02.04 10:08:14;filled;;;;;
2026.02.04 10:08:15;400331449;USDJPYm;buy;0.56 / 0.56;market; 156,338; 157,101;2026.02.04 10:08:15;filled;;KAMA Trend (Filtered) [Adaptive;;;
2026.02.04 10:08:18;400331483;USDJPYm;sell;0.56 / 0.56;market;;;2026.02.04 10:08:18;filled;;;;;
2026.02.04 10:08:19;400331492;USDJPYm;buy;0.56 / 0.56;market; 156,340; 157,103;2026.02.04 10:08:19;filled;;KAMA Trend (Filtered) [Adaptive;;;
2026.02.04 10:08:19;400331499;USDJPYm;sell;0.56 / 0.56;market;;;2026.02.04 10:08:19;filled;;;;;
2026.02.04 10:08:20;400331511;USDJPYm;buy;0.56 / 0.56;market; 156,346; 157,109;2026.02.04 10:08:20;filled;;KAMA Trend (Filtered) [Adaptive;;;
2026.02.04 10:08:22;400331524;USDJPYm;sell;0.56 / 0.56;market;;;2026.02.04 10:08:22;filled;;;;;
2026.02.04 10:08:25;400331565;USDJPYm;buy;0.56 / 0.56;market; 156,343; 157,106;2026.02.04 10:08:25;filled;;KAMA Trend (Filtered) [Adaptive;;;
2026.02.04 10:08:26;400331602;USDJPYm;sell;0.56 / 0.56;market;;;2026.02.04 10:08:26;filled;;;;;
2026.02.04 10:08:27;400331624;USDJPYm;buy;0.56 / 0.56;market; 156,347; 157,110;2026.02.04 10:08:27;filled;;KAMA Trend (Filtered) [Adaptive;;;
2026.02.04 10:08:29;400331649;USDJPYm;sell;0.56 / 0.56;market;;;2026.02.04 10:08:29;filled;;;;;
2026.02.04 10:08:30;400331667;USDJPYm;buy;0.56 / 0.56;market; 156,349; 157,112;2026.02.04 10:08:30;filled;;KAMA Trend (Filtered) [Adaptive;;;
2026.02.04 10:08:31;400331676;USDJPYm;sell;0.56 / 0.56;market;;;2026.02.04 10:08:31;filled;;;;;
2026.02.04 10:08:35;400331704;USDJPYm;buy;0.56 / 0.56;market; 156,350; 157,113;2026.02.04 10:08:35;filled;;KAMA Trend (Filtered) [Adaptive;;;
2026.02.04 10:08:39;400331726;USDJPYm;sell;0.56 / 0.56;market;;;2026.02.04 10:08:39;filled;;;;;
2026.02.04 10:08:43;400331742;USDJPYm;buy;0.56 / 0.56;market; 156,348; 157,111;2026.02.04 10:08:43;filled;;KAMA Trend (Filtered) [Adaptive;;;
2026.02.04 10:08:44;400331753;USDJPYm;sell;0.56 / 0.56;market;;;2026.02.04 10:08:44;filled;;;;;
2026.02.04 10:08:45;400331760;USDJPYm;buy;0.56 / 0.56;market; 156,337; 157,100;2026.02.04 10:08:45;filled;;KAMA Trend (Filtered) [Adaptive;;;
2026.02.04 10:08:45;400331763;USDJPYm;sell;0.56 / 0.56;market;;;2026.02.04 10:08:45;filled;;;;;
2026.02.04 10:08:47;400331775;USDJPYm;buy;0.56 / 0.56;market; 156,344; 157,107;2026.02.04 10:08:47;filled;;KAMA Trend (Filtered) [Adaptive;;;
2026.02.04 10:08:48;400331783;USDJPYm;sell;0.56 / 0.56;market;;;2026.02.04 10:08:48;filled;;;;;
2026.02.04 10:08:52;400331930;USDJPYm;buy;0.55 / 0.55;market; 156,344; 157,107;2026.02.04 10:08:52;filled;;KAMA Trend (Filtered) [Adaptive;;;
2026.02.04 10:08:53;400331937;USDJPYm;sell;0.55 / 0.55;market;;;2026.02.04 10:08:53;filled;;;;;
2026.02.04 10:08:54;400331941;USDJPYm;buy;0.55 / 0.55;market; 156,344; 157,107;2026.02.04 10:08:54;filled;;KAMA Trend (Filtered) [Adaptive;;;
2026.02.04 10:08:54;400331945;USDJPYm;sell;0.55 / 0.55;market;;;2026.02.04 10:08:55;filled;;;;;
2026.02.04 10:08:56;400331949;USDJPYm;buy;0.55 / 0.55;market; 156,341; 157,104;2026.02.04 10:08:56;filled;;KAMA Trend (Filtered) [Adaptive;;;
2026.02.04 10:08:57;400331951;USDJPYm;sell;0.55 / 0.55;market;;;2026.02.04 10:08:57;filled;;;;;
2026.02.04 10:08:58;400331958;USDJPYm;buy;0.55 / 0.55;market; 156,341; 157,104;2026.02.04 10:08:58;filled;;KAMA Trend (Filtered) [Adaptive;;;
2026.02.04 10:09:00;400331971;USDJPYm;sell;0.55 / 0.55;market;;;2026.02.04 10:09:00;filled;;;;;
2026.02.04 10:09:01;400332046;USDJPYm;buy;0.55 / 0.55;market; 156,343; 157,106;2026.02.04 10:09:02;filled;;KAMA Trend (Filtered) [Adaptive;;;
2026.02.04 10:09:02;400332056;USDJPYm;sell;0.55 / 0.55;market;;;2026.02.04 10:09:02;filled;;;;;
2026.02.04 10:09:04;400332088;USDJPYm;buy;0.55 / 0.55;market; 156,340; 157,103;2026.02.04 10:09:04;filled;;KAMA Trend (Filtered) [Adaptive;;;
2026.02.04 10:09:05;400332101;USDJPYm;sell;0.55 / 0.55;market;;;2026.02.04 10:09:05;filled;;;;;
2026.02.04 10:09:10;400332120;USDJPYm;buy;0.55 / 0.55;market; 156,343; 157,106;2026.02.04 10:09:10;filled;;KAMA Trend (Filtered) [Adaptive;;;
2026.02.04 10:09:12;400332130;USDJPYm;sell;0.55 / 0.55;market;;;2026.02.04 10:09:12;filled;;;;;
2026.02.04 10:09:12;400332131;USDJPYm;buy;0.55 / 0.55;market; 156,343; 157,106;2026.02.04 10:09:12;filled;;KAMA Trend (Filtered) [Adaptive;;;
2026.02.04 10:09:13;400332137;USDJPYm;sell;0.55 / 0.55;market;;;2026.02.04 10:09:13;filled;;;;;
2026.02.04 10:09:21;400332408;USDJPYm;buy;0.55 / 0.55;market; 156,340; 157,103;2026.02.04 10:09:21;filled;;KAMA Trend (Filtered) [Adaptive;;;
2026.02.04 10:09:23;400332414;USDJPYm;sell;0.55 / 0.55;market;;;2026.02.04 10:09:23;filled;;;;;
2026.02.04 10:09:26;400332431;USDJPYm;buy;0.55 / 0.55;market; 156,341; 157,104;2026.02.04 10:09:27;filled;;KAMA Trend (Filtered) [Adaptive;;;
2026.02.04 10:09:27;400332441;USDJPYm;sell;0.55 / 0.55;market;;;2026.02.04 10:09:28;filled;;;;;
2026.02.04 10:09:29;400332451;USDJPYm;buy;0.55 / 0.55;market; 156,339; 157,102;2026.02.04 10:09:29;filled;;KAMA Trend (Filtered) [Adaptive;;;
2026.02.04 10:09:30;400332462;USDJPYm;sell;0.55 / 0.55;market;;;2026.02.04 10:09:30;filled;;;;;
2026.02.04 10:09:32;400332466;USDJPYm;buy;0.55 / 0.55;market; 156,339; 157,102;2026.02.04 10:09:32;filled;;KAMA Trend (Filtered) [Adaptive;;;
2026.02.04 10:09:35;400332489;USDJPYm;sell;0.55 / 0.55;market;;;2026.02.04 10:09:35;filled;;;;;
2026.02.04 10:09:38;400332508;USDJPYm;buy;0.55 / 0.55;market; 156,340; 157,103;2026.02.04 10:09:38;filled;;KAMA Trend (Filtered) [Adaptive;;;
2026.02.04 10:09:39;400332552;USDJPYm;sell;0.55 / 0.55;market;;;2026.02.04 10:09:39;filled;;;;;
2026.02.04 10:09:40;400332595;USDJPYm;buy;0.55 / 0.55;market; 156,335; 157,098;2026.02.04 10:09:40;filled;;KAMA Trend (Filtered) [Adaptive;;;
2026.02.04 10:09:41;400332612;USDJPYm;sell;0.55 / 0.55;market;;;2026.02.04 10:09:41;filled;;;;;
2026.02.04 10:09:45;400332657;USDJPYm;buy;0.55 / 0.55;market; 156,335; 157,098;2026.02.04 10:09:45;filled;;KAMA Trend (Filtered) [Adaptive;;;
2026.02.04 10:09:47;400332678;USDJPYm;sell;0.55 / 0.55;market;;;2026.02.04 10:09:47;filled;;;;;
2026.02.04 10:09:49;400332694;USDJPYm;buy;0.55 / 0.55;market; 156,336; 157,099;2026.02.04 10:09:49;filled;;KAMA Trend (Filtered) [Adaptive;;;
2026.02.04 10:09:51;400332743;USDJPYm;sell;0.55 / 0.55;market;;;2026.02.04 10:09:51;filled;;;;;
2026.02.04 10:09:53;400332827;USDJPYm;buy;0.55 / 0.55;market; 156,336; 157,099;2026.02.04 10:09:53;filled;;KAMA Trend (Filtered) [Adaptive;;;
2026.02.04 10:09:55;400332857;USDJPYm;sell;0.55 / 0.55;market;;;2026.02.04 10:09:55;filled;;;;;
2026.02.04 10:09:56;400332865;USDJPYm;buy;0.55 / 0.55;market; 156,337; 157,100;2026.02.04 10:09:56;filled;;KAMA Trend (Filtered) [Adaptive;;;
2026.02.04 10:09:59;400332894;USDJPYm;sell;0.55 / 0.55;market;;;2026.02.04 10:09:59;filled;;;;;
2026.02.04 10:10:00;400332942;USDJPYm;buy;0.55 / 0.55;market; 156,337; 157,100;2026.02.04 10:10:00;filled;;KAMA Trend (Filtered) [Adaptive;;;
2026.02.04 10:10:07;400333141;USDJPYm;sell;0.55 / 0.55;market;;;2026.02.04 10:10:07;filled;;;;;
2026.02.04 10:10:08;400333151;USDJPYm;buy;0.55 / 0.55;market; 156,330; 157,093;2026.02.04 10:10:08;filled;;KAMA Trend (Filtered) [Adaptive;;;
2026.02.04 10:10:08;400333166;USDJPYm;sell;0.55 / 0.55;market;;;2026.02.04 10:10:09;filled;;;;;
2026.02.04 10:10:09;400333177;USDJPYm;buy;0.55 / 0.55;market; 156,328; 157,091;2026.02.04 10:10:09;filled;;KAMA Trend (Filtered) [Adaptive;;;
2026.02.04 10:10:09;400333183;USDJPYm;sell;0.55 / 0.55;market;;;2026.02.04 10:10:09;filled;;;;;
2026.02.04 10:10:11;400333213;USDJPYm;buy;0.55 / 0.55;market; 156,341; 157,104;2026.02.04 10:10:11;filled;;KAMA Trend (Filtered) [Adaptive;;;
2026.02.04 10:10:12;400333306;USDJPYm;sell;0.55 / 0.55;market;;;2026.02.04 10:10:12;filled;;;;;
2026.02.04 10:10:13;400333326;USDJPYm;buy;0.55 / 0.55;market; 156,341; 157,104;2026.02.04 10:10:13;filled;;KAMA Trend (Filtered) [Adaptive;;;
2026.02.04 10:10:19;400333487;USDJPYm;sell;0.55 / 0.55;market;;;2026.02.04 10:10:19;filled;;;;;
2026.02.04 10:10:23;400333550;USDJPYm;buy;0.55 / 0.55;market; 156,335; 157,098;2026.02.04 10:10:23;filled;;KAMA Trend (Filtered) [Adaptive;;;
2026.02.04 10:10:26;400333618;USDJPYm;sell;0.55 / 0.55;market;;;2026.02.04 10:10:26;filled;;;;;
2026.02.04 10:10:28;400333665;USDJPYm;buy;0.55 / 0.55;market; 156,337; 157,100;2026.02.04 10:10:28;filled;;KAMA Trend (Filtered) [Adaptive;;;
2026.02.04 10:10:31;400333810;USDJPYm;sell;0.55 / 0.55;market;;;2026.02.04 10:10:31;filled;;;;;
2026.02.04 10:10:32;400333834;USDJPYm;buy;0.55 / 0.55;market; 156,326; 157,089;2026.02.04 10:10:32;filled;;KAMA Trend (Filtered) [Adaptive;;;
2026.02.04 10:10:33;400333859;USDJPYm;sell;0.55 / 0.55;market;;;2026.02.04 10:10:33;filled;;;;;
2026.02.04 10:10:34;400333863;USDJPYm;buy;0.55 / 0.55;market; 156,332; 157,095;2026.02.04 10:10:34;filled;;KAMA Trend (Filtered) [Adaptive;;;
2026.02.04 10:10:35;400333874;USDJPYm;sell;0.55 / 0.55;market;;;2026.02.04 10:10:35;filled;;;;;
2026.02.04 10:10:35;400333877;USDJPYm;buy;0.55 / 0.55;market; 156,329; 157,092;2026.02.04 10:10:35;filled;;KAMA Trend (Filtered) [Adaptive;;;
2026.02.04 10:10:36;400333896;USDJPYm;sell;0.55 / 0.55;market;;;2026.02.04 10:10:36;filled;;;;;
2026.02.04 10:10:40;400334011;USDJPYm;buy;0.55 / 0.55;market; 156,329; 157,092;2026.02.04 10:10:40;filled;;KAMA Trend (Filtered) [Adaptive;;;
2026.02.04 10:10:41;400334020;USDJPYm;sell;0.55 / 0.55;market;;;2026.02.04 10:10:41;filled;;;;;
2026.02.04 10:10:42;400334036;USDJPYm;buy;0.55 / 0.55;market; 156,330; 157,093;2026.02.04 10:10:42;filled;;KAMA Trend (Filtered) [Adaptive;;;
2026.02.04 10:10:43;400334068;USDJPYm;sell;0.55 / 0.55;market;;;2026.02.04 10:10:43;filled;;;;;
2026.02.04 10:10:44;400334078;USDJPYm;buy;0.55 / 0.55;market; 156,329; 157,092;2026.02.04 10:10:44;filled;;KAMA Trend (Filtered) [Adaptive;;;
2026.02.04 10:10:45;400334092;USDJPYm;sell;0.55 / 0.55;market;;;2026.02.04 10:10:45;filled;;;;;
2026.02.04 10:10:47;400334118;USDJPYm;buy;0.55 / 0.55;market; 156,336; 157,099;2026.02.04 10:10:47;filled;;KAMA Trend (Filtered) [Adaptive;;;
2026.02.04 10:11:00;400334289;USDJPYm;sell;0.55 / 0.55;market;;;2026.02.04 10:11:00;filled;;;;;
2026.02.04 10:11:07;400334429;USDJPYm;buy;0.55 / 0.55;market; 156,335; 157,098;2026.02.04 10:11:07;filled;;KAMA Trend (Filtered) [Adaptive;;;
2026.02.04 10:11:09;400334450;USDJPYm;sell;0.55 / 0.55;market;;;2026.02.04 10:11:09;filled;;;;;
2026.02.04 10:11:15;400334489;USDJPYm;buy;0.55 / 0.55;market; 156,340; 157,103;2026.02.04 10:11:15;filled;;KAMA Trend (Filtered) [Adaptive;;;
2026.02.04 10:11:15;400334491;USDJPYm;sell;0.55 / 0.55;market;;;2026.02.04 10:11:15;filled;;;;;
2026.02.04 10:11:21;400334510;USDJPYm;buy;0.55 / 0.55;market; 156,341; 157,104;2026.02.04 10:11:21;filled;;KAMA Trend (Filtered) [Adaptive;;;
2026.02.04 10:11:26;400334547;USDJPYm;sell;0.55 / 0.55;market;;;2026.02.04 10:11:26;filled;;;;;
2026.02.04 10:11:40;400334745;USDJPYm;buy;0.55 / 0.55;market; 156,347; 157,110;2026.02.04 10:11:40;filled;;KAMA Trend (Filtered) [Adaptive;;;
2026.02.04 10:11:42;400334754;USDJPYm;sell;0.55 / 0.55;market;;;2026.02.04 10:11:42;filled;;;;;
2026.02.04 10:11:44;400334812;USDJPYm;buy;0.55 / 0.55;market; 156,353; 157,116;2026.02.04 10:11:44;filled;;KAMA Trend (Filtered) [Adaptive;;;
2026.02.04 10:11:44;400334814;USDJPYm;sell;0.55 / 0.55;market;;;2026.02.04 10:11:44;filled;;;;;
2026.02.04 10:11:45;400334822;USDJPYm;buy;0.55 / 0.55;market; 156,349; 157,112;2026.02.04 10:11:45;filled;;KAMA Trend (Filtered) [Adaptive;;;
2026.02.04 10:11:51;400334854;USDJPYm;sell;0.55 / 0.55;market;;;2026.02.04 10:11:51;filled;;;;;
2026.02.04 10:11:52;400334858;USDJPYm;buy;0.55 / 0.55;market; 156,349; 157,112;2026.02.04 10:11:52;filled;;KAMA Trend (Filtered) [Adaptive;;;
2026.02.04 10:11:59;400334940;USDJPYm;sell;0.55 / 0.55;market;;;2026.02.04 10:11:59;filled;;;;;
2026.02.04 10:12:01;400334987;USDJPYm;buy;0.55 / 0.55;market; 156,348; 157,111;2026.02.04 10:12:01;filled;;KAMA Trend (Filtered) [Adaptive;;;
2026.02.04 10:12:04;400335063;USDJPYm;sell;0.55 / 0.55;market;;;2026.02.04 10:12:04;filled;;;;;
2026.02.04 10:12:05;400335086;USDJPYm;buy;0.55 / 0.55;market; 156,349; 157,112;2026.02.04 10:12:05;filled;;KAMA Trend (Filtered) [Adaptive;;;
2026.02.04 10:12:06;400335100;USDJPYm;sell;0.55 / 0.55;market;;;2026.02.04 10:12:06;filled;;;;;
2026.02.04 10:12:12;400335196;USDJPYm;buy;0.55 / 0.55;market; 156,350; 157,113;2026.02.04 10:12:12;filled;;KAMA Trend (Filtered) [Adaptive;;;
2026.02.04 10:12:17;400335220;USDJPYm;sell;0.55 / 0.55;market;;;2026.02.04 10:12:17;filled;;;;;
2026.02.04 10:12:19;400335244;USDJPYm;buy;0.55 / 0.55;market; 156,350; 157,113;2026.02.04 10:12:19;filled;;KAMA Trend (Filtered) [Adaptive;;;
2026.02.04 10:12:22;400335266;USDJPYm;sell;0.55 / 0.55;market;;;2026.02.04 10:12:22;filled;;;;;
2026.02.04 10:12:32;400335354;USDJPYm;buy;0.55 / 0.55;market; 156,348; 157,111;2026.02.04 10:12:32;filled;;KAMA Trend (Filtered) [Adaptive;;;
2026.02.04 10:12:33;400335365;USDJPYm;sell;0.55 / 0.55;market;;;2026.02.04 10:12:33;filled;;;;;
2026.02.04 11:35:29;400425061;BTCUSDm;sell;0.15 / 0.15;market;76 583,95;74 588,42;2026.02.04 11:35:29;filled;;KAMA Trend (Filtered) [Adaptive;;;
2026.02.04 13:55:30;400609062;BTCUSDm;buy;0.15 / 0.15;market;;;2026.02.04 13:55:30;filled;;;;;
2026.02.04 13:55:30;400609118;BTCUSDm;sell;0.14 / 0.14;market;75 803,54;73 705,61;2026.02.04 13:55:30;filled;;KAMA Trend (Filtered) [Adaptive;;;
2026.02.04 13:56:18;400610475;BTCUSDm;buy;0.14 / 0.14;market;;;2026.02.04 13:56:18;filled;;;;;
2026.02.04 13:57:13;400611420;BTCUSDm;sell;0.14 / 0.14;market;75 720,11;73 622,18;2026.02.04 13:57:13;filled;;KAMA Trend (Filtered) [Adaptive;;;
2026.02.04 14:36:36;400705841;BTCUSDm;buy;0.14 / 0.14;75 492,03;;;2026.02.04 14:36:36;filled;;[sl 75492.03];;;
2026.02.04 14:36:36;400705849;BTCUSDm;sell;0.11 / 0.11;market;76 414,64;73 800,06;2026.02.04 14:36:36;filled;;KAMA Trend (Filtered) [Adaptive;;;
2026.02.04 15:02:16;400795338;BTCUSDm;buy;0.11 / 0.11;73 800,06;;;2026.02.04 15:02:16;filled;;[tp 73800.06];;;
2026.02.04 15:02:17;400795368;BTCUSDm;sell;0.09 / 0.09;market;74 911,11;71 590,14;2026.02.04 15:02:17;filled;;KAMA Trend (Filtered) [Adaptive;;;
2026.02.04 15:09:23;400813243;BTCUSDm;buy;0.09 / 0.09;74 911,11;;;2026.02.04 15:09:23;filled;;[sl 74911.11];;;
2026.02.04 15:09:23;400813302;BTCUSDm;sell;0.09 / 0.09;market;76 087,60;72 766,63;2026.02.04 15:09:23;filled;;KAMA Trend (Filtered) [Adaptive;;;
2026.02.04 17:10:31;401187421;BTCUSDm;buy;0.09 / 0.09;72 766,63;;;2026.02.04 17:10:31;filled;;[tp 72766.63];;;
2026.02.04 17:10:31;401187430;BTCUSDm;sell;0.05 / 0.05;market;74 843,75;68 848,50;2026.02.04 17:10:31;filled;;KAMA Trend (Filtered) [Adaptive;;;
2026.02.04 22:22:07;401713121;BTCUSDm;buy;0.05 / 0.05;73 135,19;;;2026.02.04 22:22:07;filled;;[sl 73135.19];;;
2026.02.04 22:22:07;401713125;BTCUSDm;sell;0.07 / 0.07;market;74 545,58;70 569,05;2026.02.04 22:22:07;filled;;KAMA Trend (Filtered) [Adaptive;;;
2026.02.05 01:53:04;402059084;BTCUSDm;buy;0.07 / 0.07;market;;;2026.02.05 01:53:04;filled;;;;;
2026.02.05 11:43:00;403088700;BTCXAGm;buy;0.5 / 0.5;market; 881,159; 932,841;2026.02.05 11:43:00;filled;;KAMA Trend (Filtered) [Adaptive;;;
2026.02.05 12:00:00;403109604;XAGUSDm;sell;0.01 / 0.01;market; 81,053; 73,602;2026.02.05 12:00:00;filled;;KAMA Trend (Filtered) [Adaptive;;;
2026.02.05 13:11:06;403268207;XAGUSDm;buy;0.01 / 0.01; 76,903;;;2026.02.05 13:11:06;filled;;[sl 76.903];;;
2026.02.05 13:11:15;403268814;BTCXAGm;sell;0.5 / 0.5; 902,645;;;2026.02.05 13:11:15;filled;;[sl 902.645];;;
2026.02.05 13:11:15;403268838;BTCXAGm;buy;0.5 / 0.5;market; 868,082; 966,695;2026.02.05 13:11:15;filled;;KAMA Trend (Filtered) [Adaptive;;;
2026.02.05 14:10:00;403394234;XAGUSDm;sell;0.01 / 0.01;market; 78,212; 69,524;2026.02.05 14:10:00;filled;;KAMA Trend (Filtered) [Adaptive;;;
2026.02.05 14:40:04;403482504;XAGUSDm;buy;0.01 / 0.01; 75,973;;;2026.02.05 14:40:04;filled;;[sl 75.973];;;
2026.02.05 14:40:04;403482525;XAGUSDm;sell;0.01 / 0.01;market; 79,206; 70,000;2026.02.05 14:40:04;filled;;KAMA Trend (Filtered) [Adaptive;;;
2026.02.05 14:40:40;403484368;BTCXAGm;sell;0.5 / 0.5; 927,125;;;2026.02.05 14:40:40;filled;;[sl 927.125];;;
2026.02.05 14:40:41;403484404;BTCXAGm;buy;0.5 / 0.5;market; 887,919;1 001,134;2026.02.05 14:40:41;filled;;KAMA Trend (Filtered) [Adaptive;;;
2026.02.05 15:00:26;403535808;BTCXAGm;sell;0.5 / 0.5; 898,075;;;2026.02.05 15:00:26;filled;;[sl 898.075];;;
2026.02.05 15:15:00;403580101;AMDm;sell;0.16 / 0.16;market; 199,88; 180,26;2026.02.05 15:15:00;filled;;KAMA Trend (Filtered) [Manual];;;
2026.02.05 16:02:52;403717263;XAGUSDm;buy;0.01 / 0.01; 75,021;;;2026.02.05 16:02:52;filled;;[sl 75.021];;;
2026.02.05 16:02:52;403717267;XAGUSDm;sell;0.01 / 0.01;market; 79,419; 66,976;2026.02.05 16:02:52;filled;;KAMA Trend (Filtered) [Adaptive;;;
2026.02.05 16:24:56;403774818;AMDm;buy;0.16 / 0.16; 195,42;;;2026.02.05 16:24:56;filled;;[sl 195.42];;;
2026.02.05 16:38:21;403803433;XAGUSDm;buy;0.01 / 0.01; 76,515;;;2026.02.05 16:38:21;filled;;[sl 76.515];;;
2026.02.05 17:10:00;403884488;XAGUSDm;sell;0.01 / 0.01;market; 81,046; 68,869;2026.02.05 17:10:00;filled;;KAMA Trend (Filtered) [Adaptive;;;
2026.02.05 18:24:03;404043700;XAGUSDm;buy;0.01 / 0.01; 76,830;;;2026.02.05 18:24:03;filled;;[sl 76.830];;;
2026.02.05 18:24:03;404043714;XAGUSDm;sell;0.01 / 0.01;market; 80,427; 70,260;2026.02.05 18:24:04;filled;;KAMA Trend (Filtered) [Adaptive;;;
2026.02.05 19:00:00;404115691;AMDm;sell;0.52 / 0.52;market; 193,19; 186,95;2026.02.05 19:00:00;filled;;KAMA Trend (Filtered) [Manual];;;
2026.02.05 19:18:26;404152093;AMDm;buy;0.52 / 0.52; 193,19;;;2026.02.05 19:18:26;filled;;[sl 193.19];;;
2026.02.05 23:02:33;404481146;BTCXAGm;buy;0.5 / 0.5;market; 867,161; 981,283;2026.02.05 23:02:33;filled;;KAMA Trend (Filtered) [Adaptive;;;
2026.02.05 23:14:16;404498049;XAGUSDm;buy;0.01 / 0.01; 70,260;;;2026.02.05 23:14:16;filled;;[tp 70.260];;;
2026.02.05 23:14:17;404498063;XAGUSDm;sell;0.01 / 0.01;market; 72,940; 65,271;2026.02.05 23:14:17;filled;;KAMA Trend (Filtered) [Adaptive;;;
2026.02.05 23:18:16;404505470;XAGUSDm;buy;0.01 / 0.01;market;;;2026.02.05 23:18:16;filled;;;;;
2026.02.05 23:33:16;404529474;XAGUSDm;sell;0.01 / 0.01;market; 71,207; 62,460;2026.02.05 23:33:16;filled;;KAMA Trend (Filtered) [Adaptive;;;
2026.02.05 23:34:06;404530760;XAGUSDm;buy;0.01 / 0.01;market;;;2026.02.05 23:34:06;filled;;;;;
2026.02.05 23:49:06;404558862;XAGUSDm;sell;0.01 / 0.01;market; 70,459; 61,401;2026.02.05 23:49:06;filled;;KAMA Trend (Filtered) [Adaptive;;;
2026.02.05 23:49:07;404558868;XAGUSDm;buy;0.01 / 0.01;market;;;2026.02.05 23:49:07;filled;;;;;
2026.02.06 00:04:07;404596714;XAGUSDm;sell;0.01 / 0.01;market; 69,017; 59,746;2026.02.06 00:04:07;filled;;KAMA Trend (Filtered) [Adaptive;;;
2026.02.06 00:04:07;404596736;XAGUSDm;buy;0.01 / 0.01;market;;;2026.02.06 00:04:08;filled;;;;;
2026.02.06 00:19:07;404655338;XAGUSDm;sell;0.01 / 0.01;market; 68,243; 58,421;2026.02.06 00:19:07;filled;;KAMA Trend (Filtered) [Adaptive;;;
2026.02.06 00:19:07;404655365;XAGUSDm;buy;0.01 / 0.01;market;;;2026.02.06 00:19:08;filled;;;;;
2026.02.06 00:22:41;404668281;BTCXAGm;sell;0.5 / 0.5; 910,036;;;2026.02.06 00:22:41;filled;;[sl 910.036];;;
2026.02.06 14:49:00;406065268;LLYm;buy;0.07 / 0.07;market;1 046,43;1 065,53;2026.02.06 14:49:00;filled;;Warrior Momentum [Manual];;;
2026.02.06 14:49:03;406065467;LLYm;sell;0.07 / 0.07;market;;;2026.02.06 14:49:04;filled;;;;;
2026.02.06 14:54:10;406074746;LLYm;buy;0.06 / 0.06;market;1 043,93;1 064,43;2026.02.06 14:54:11;filled;;Warrior Momentum [Manual];;;
2026.02.06 14:57:47;406081606;LLYm;sell;0.06 / 0.06;1 047,64;;;2026.02.06 14:57:47;filled;;[sl 1047.64];;;
2026.02.06 14:57:48;406081670;LLYm;buy;0.12 / 0.12;market;1 044,36;1 055,79;2026.02.06 14:57:48;filled;;Warrior Momentum [Manual];;;
2026.02.06 14:58:51;406084495;LLYm;sell;0.12 / 0.12;1 044,36;;;2026.02.06 14:58:51;filled;;[sl 1044.36];;;
2026.02.06 15:30:40;406158915;BTCUSDm;buy;0.06 / 0.06;market;66 538,73;71 332,16;2026.02.06 15:30:40;filled;;KAMA Trend (Filtered) [Adaptive;;;
2026.02.06 17:31:51;406408736;BTCUSDm;sell;0.06 / 0.06;market;;;2026.02.06 17:31:51;filled;;;;;
2026.02.06 17:46:51;406429662;BTCUSDm;buy;0.08 / 0.08;market;69 844,01;73 709,90;2026.02.06 17:46:51;filled;;KAMA Trend (Filtered) [Adaptive;;;
2026.02.06 18:07:20;406461305;BTCUSDm;sell;0.08 / 0.08;69 954,98;;;2026.02.06 18:07:20;filled;;[sl 69954.98];;;
2026.02.06 18:07:20;406461316;BTCUSDm;sell;0.08 / 0.08;market;71 326,60;67 198,27;2026.02.06 18:07:20;filled;;KAMA Trend (Filtered) [Adaptive;;;
2026.02.06 19:49:27;406601309;BTCUSDm;buy;0.08 / 0.08;70 655,66;;;2026.02.06 19:49:27;filled;;[sl 70655.66];;;
2026.02.06 22:05:00;406727430;BTCUSDm;buy;0.15 / 0.15;market;69 790,82;71 981,60;2026.02.06 22:05:00;filled;;KAMA Trend (Filtered) [Adaptive;;;
2026.02.06 23:18:20;406748902;BTCUSDm;sell;0.15 / 0.15;70 815,56;;;2026.02.06 23:18:20;filled;;[sl 70815.56];;;
2026.02.06 23:18:20;406748905;BTCUSDm;sell;0.12 / 0.12;market;71 715,26;69 004,10;2026.02.06 23:18:20;filled;;KAMA Trend (Filtered) [Adaptive;;;
2026.02.07 01:45:54;406792785;BTCUSDm;buy;0.12 / 0.12;70 416,72;;;2026.02.07 01:45:54;filled;;[sl 70416.72];;;
2026.02.07 01:55:00;406796946;BTCUSDm;buy;0.15 / 0.15;market;69 782,79;71 906,61;2026.02.07 01:55:00;filled;;KAMA Trend (Filtered) [Adaptive;;;
2026.02.07 05:28:06;406848555;BTCUSDm;sell;0.15 / 0.15;70 482,51;;;2026.02.07 05:28:06;filled;;[sl 70482.51];;;
2026.02.09 14:40:00;408790734;NVDAm;buy;0.45 / 0.45;market; 187,10; 194,04;2026.02.09 14:40:00;filled;;KAMA Trend (Filtered) [Manual];;;
2026.02.09 14:40:00;408790841;NVDAm;sell;0.45 / 0.45;market;;;2026.02.09 14:40:00;filled;;;;;
2026.02.09 14:55:00;408821806;NVDAm;buy;0.32 / 0.32;market; 188,12; 197,84;2026.02.09 14:55:00;filled;;KAMA Trend (Filtered) [Manual];;;
2026.02.09 16:30:23;409000062;BIIBm;buy;0.35 / 0.35;market; 194,24; 201,77;2026.02.09 16:30:23;filled;;Warrior Momentum [Manual];;;
2026.02.09 17:57:02;409124980;BIIBm;sell;0.35 / 0.35; 194,24;;;2026.02.09 17:57:02;filled;;[sl 194.24];;;
2026.02.09 18:21:13;409158894;NVDAm;sell;0.32 / 0.32; 191,05;;;2026.02.09 18:21:13;filled;;[sl 191.05];;;
2026.02.09 19:30:00;409244268;BIIBm;buy;0.81 / 0.81;market; 194,94; 198,21;2026.02.09 19:30:00;filled;;Warrior Momentum [Manual];;;
2026.02.09 19:33:51;409249978;BIIBm;sell;0.81 / 0.81; 194,94;;;2026.02.09 19:33:52;filled;;[sl 194.94];;;
2026.02.09 19:33:52;409250046;BIIBm;buy;0.81 / 0.81;market; 193,94; 197,21;2026.02.09 19:33:52;filled;;Warrior Momentum [Manual];;;
2026.02.09 20:04:59;409283400;BIIBm;sell;0.81 / 0.81; 193,94;;;2026.02.09 20:04:59;filled;;[sl 193.94];;;
2026.02.10 09:15:00;410242720;XAUUSDm;buy;0.03 / 0.03;market;5 020,259;5 109,408;2026.02.10 09:15:00;filled;;KAMA Trend (Filtered) [Adaptive;;;
2026.02.10 10:15:01;410295162;USDJPYm;sell;0.95 / 0.95;market; 155,344; 154,846;2026.02.10 10:15:01;filled;;KAMA Trend (Filtered) [Adaptive;;;
2026.02.10 11:09:08;410347600;USDJPYm;buy;0.95 / 0.95; 155,225;;;2026.02.10 11:09:08;filled;;[sl 155.225];;;
2026.02.10 12:44:35;410442759;XAUUSDm;sell;0.03 / 0.03;5 029,295;;;2026.02.10 12:44:35;filled;;[sl 5029.295];;;
2026.02.10 12:45:00;410444969;XAUUSDm;sell;0.03 / 0.03;market;5 058,273;4 977,608;2026.02.10 12:45:00;filled;;KAMA Trend (Filtered) [Adaptive;;;
2026.02.10 13:31:47;410520008;XAUUSDm;buy;0.03 / 0.03;5 049,035;;;2026.02.10 13:31:48;filled;;[sl 5049.035];;;
2026.02.10 14:00:00;410556560;XAUUSDm;buy;0.03 / 0.03;market;5 018,894;5 109,911;2026.02.10 14:00:00;filled;;KAMA Trend (Filtered) [Adaptive;;;
2026.02.10 14:05:00;410563486;USDJPYm;sell;0.63 / 0.63;market; 155,037; 154,301;2026.02.10 14:05:00;filled;;KAMA Trend (Filtered) [Adaptive;;;
2026.02.10 14:17:10;410584383;XAUUSDm;buy;0.03 / 0.03;market;5 040,401;5 131,152;2026.02.10 14:17:11;filled;;Snowball Layer;;;
2026.02.10 14:22:48;410594204;USDJPYm;buy;0.63 / 0.63;market;;;2026.02.10 14:22:48;filled;;;;;
2026.02.10 14:37:49;410628078;USDJPYm;sell;0.54 / 0.54;market; 154,745; 153,871;2026.02.10 14:37:49;filled;;KAMA Trend (Filtered) [Adaptive;;;
2026.02.10 14:38:41;410631109;USDJPYm;buy;0.54 / 0.54;market;;;2026.02.10 14:38:41;filled;;;;;
2026.02.10 14:40:00;410633649;FTNTm;buy;1.58 / 1.58;market; 86,60; 88,53;2026.02.10 14:40:00;filled;;KAMA Trend (Filtered) [Manual];;;
2026.02.10 14:40:02;410633784;FTNTm;sell;1.58 / 1.58;market;;;2026.02.10 14:40:02;filled;;;;;
2026.02.10 14:40:20;410634453;BIIBm;sell;0.24 / 0.24;market; 196,43; 184,05;2026.02.10 14:40:21;filled;;KAMA Trend (Filtered) [Manual];;;
2026.02.10 14:45:00;410645492;NVDAm;buy;1.27 / 1.27;market; 188,21; 191,79;2026.02.10 14:45:00;filled;;Mean Reversion [Manual];;;
2026.02.10 14:45:17;410646272;XAUUSDm;sell;0.03 / 0.03;5 052,450;;;2026.02.10 14:45:17;filled;;[sl 5052.450];;;
2026.02.10 14:47:35;410653290;XAUUSDm;sell;0.03 / 0.03;5 040,401;;;2026.02.10 14:47:35;filled;;[sl 5040.401];;;
2026.02.10 14:53:41;410673450;USDJPYm;sell;0.57 / 0.57;market; 154,684; 153,869;2026.02.10 14:53:41;filled;;KAMA Trend (Filtered) [Adaptive;;;
2026.02.10 15:15:25;410717367;NVDAm;sell;1.27 / 1.27; 188,21;;;2026.02.10 15:15:25;filled;;[sl 188.21];;;
2026.02.10 15:30:00;410746509;ORCLm;buy;0.09 / 0.09;market; 156,64; 172,10;2026.02.10 15:30:00;filled;;KAMA Trend (Filtered) [Manual];;;
2026.02.10 15:40:00;410776749;FTNTm;buy;0.9 / 0.9;market; 85,44; 88,74;2026.02.10 15:40:00;filled;;Warrior Momentum [Manual];;;
2026.02.10 15:53:52;410804743;ORCLm;sell;0.09 / 0.09;market;;;2026.02.10 15:53:52;filled;;;;;
2026.02.10 16:08:52;410830335;ORCLm;buy;0.08 / 0.08;market; 158,09; 175,39;2026.02.10 16:08:52;filled;;KAMA Trend (Filtered) [Manual];;;
2026.02.10 16:25:00;410855955;FTNTm;sell;0.9 / 0.9; 86,51;;;2026.02.10 16:25:00;filled;;[sl 86.51];;;
2026.02.10 16:45:00;410887723;FTNTm;buy;1.36 / 1.36;market; 86,01; 88,19;2026.02.10 16:45:01;filled;;Warrior Momentum [Manual];;;
2026.02.10 17:25:00;410944213;NVDAm;buy;1.65 / 1.65;market; 189,08; 191,80;2026.02.10 17:25:00;filled;;Warrior Momentum [Manual];;;
2026.02.10 17:36:38;410958496;USDJPYm;buy;0.57 / 0.57; 154,340;;;2026.02.10 17:36:38;filled;;[sl 154.340];;;
2026.02.10 18:10:00;410996802;USDJPYm;buy;1.16 / 1.16;market; 154,277; 154,675;2026.02.10 18:10:00;filled;;KAMA Trend (Filtered) [Adaptive;;;
2026.02.10 18:12:00;410998655;FTNTm;sell;1.36 / 1.36; 86,01;;;2026.02.10 18:12:00;filled;;[sl 86.01];;;
2026.02.10 18:19:10;411005913;NVDAm;sell;1.65 / 1.65; 189,48;;;2026.02.10 18:19:10;filled;;[sl 189.48];;;
2026.02.10 18:44:24;411040244;BIIBm;buy;0.24 / 0.24;market;;;2026.02.10 18:44:24;filled;;;;;
2026.02.10 19:15:00;411068429;TSMm;buy;0.4 / 0.4;market; 360,26; 370,79;2026.02.10 19:15:00;filled;;KAMA Trend (Filtered) [Adaptive;;;
2026.02.10 19:19:54;411073635;USDJPYm;sell;1.16 / 1.16; 154,459;;;2026.02.10 19:19:54;filled;;[sl 154.459];;;
2026.02.10 20:00:00;411107910;USDJPYm;sell;1.38 / 1.38;market; 154,429; 154,101;2026.02.10 20:00:00;filled;;KAMA Trend (Filtered) [Adaptive;;;
2026.02.10 20:08:54;411116394;ORCLm;sell;0.08 / 0.08;market;;;2026.02.10 20:08:54;filled;;;;;
2026.02.10 21:00:34;411173068;USDJPYm;buy;1.38 / 1.38; 154,356;;;2026.02.10 21:00:34;filled;;[sl 154.356];;;
2026.02.11 00:35:00;411362653;USDJPYm;sell;0.71 / 0.71;market; 154,328; 154,046;2026.02.11 00:35:00;filled;;KAMA Trend (Filtered) [Adaptive;;;
2026.02.11 00:49:37;411382828;USDJPYm;buy;0.71 / 0.71;market;;;2026.02.11 00:49:37;filled;;;;;
2026.02.11 01:04:38;411408147;USDJPYm;sell;0.5 / 0.5;market; 154,109; 153,712;2026.02.11 01:04:38;filled;;KAMA Trend (Filtered) [Adaptive;;;
2026.02.11 01:04:39;411408164;USDJPYm;buy;0.5 / 0.5;market;;;2026.02.11 01:04:39;filled;;;;;
2026.02.11 01:20:00;411434319;USDJPYm;sell;0.41 / 0.41;market; 154,051; 153,564;2026.02.11 01:20:01;filled;;KAMA Trend (Filtered) [Adaptive;;;
2026.02.11 01:20:02;411434345;USDJPYm;buy;0.41 / 0.41;market;;;2026.02.11 01:20:02;filled;;;;;
2026.02.11 02:00:00;411490314;XAUUSDm;buy;0.03 / 0.03;market;5 006,296;5 136,140;2026.02.11 02:00:00;filled;;KAMA Trend (Filtered) [Adaptive;;;
2026.02.11 02:35:00;411537825;USDJPYm;sell;0.46 / 0.46;market; 153,884; 153,452;2026.02.11 02:35:00;filled;;KAMA Trend (Filtered) [Adaptive;;;
2026.02.11 03:16:42;411588080;USDJPYm;buy;0.46 / 0.46; 153,706;;;2026.02.11 03:16:42;filled;;[sl 153.706];;;
2026.02.11 04:10:01;411656480;USDJPYm;sell;0.66 / 0.66;market; 153,649; 153,347;2026.02.11 04:10:01;filled;;KAMA Trend (Filtered) [Adaptive;;;
2026.02.11 04:21:17;411670273;USDJPYm;buy;0.66 / 0.66;market;;;2026.02.11 04:21:17;filled;;;;;
2026.02.11 04:36:18;411684809;USDJPYm;sell;0.69 / 0.69;market; 153,473; 153,181;2026.02.11 04:36:18;filled;;KAMA Trend (Filtered) [Adaptive;;;
2026.02.11 04:42:59;411693794;XAUUSDm;sell;0.03 / 0.03;5 052,954;;;2026.02.11 04:42:59;filled;;[sl 5052.954];;;
2026.02.11 05:00:48;411716472;USDJPYm;buy;0.69 / 0.69; 153,351;;;2026.02.11 05:00:48;filled;;[sl 153.351];;;
2026.02.11 05:20:00;411739591;XAUUSDm;buy;0.04 / 0.04;market;5 012,595;5 121,627;2026.02.11 05:20:00;filled;;KAMA Trend (Filtered) [Adaptive;;;
2026.02.11 05:35:01;411758743;USDJPYm;sell;0.55 / 0.55;market; 153,280; 152,913;2026.02.11 05:35:01;filled;;KAMA Trend (Filtered) [Adaptive;;;
2026.02.11 05:36:56;411762385;USDJPYm;buy;0.55 / 0.55;market;;;2026.02.11 05:36:56;filled;;;;;
2026.02.11 05:50:57;411782542;XAUUSDm;sell;0.04 / 0.04;5 051,540;;;2026.02.11 05:50:57;filled;;[sl 5051.540];;;
2026.02.11 06:05:00;411797318;USDJPYm;sell;0.45 / 0.45;market; 153,073; 152,623;2026.02.11 06:05:00;filled;;KAMA Trend (Filtered) [Adaptive;;;
2026.02.11 06:08:40;411801699;USDJPYm;buy;0.45 / 0.45;market;;;2026.02.11 06:08:40;filled;;;;;
2026.02.11 07:00:00;411862749;XAUUSDm;buy;0.04 / 0.04;market;5 030,324;5 125,479;2026.02.11 07:00:00;filled;;KAMA Trend (Filtered) [Adaptive;;;
2026.02.11 09:49:32;412026067;XAUUSDm;sell;0.04 / 0.04;5 064,535;;;2026.02.11 09:49:32;filled;;[sl 5064.535];;;
2026.02.11 13:34:13;412343291;TSMm;sell;0.4 / 0.4;market;;;2026.02.11 13:34:13;filled;;;;;
2026.02.11 13:40:00;412364844;USDJPYm;sell;0.16 / 0.16;market; 153,486; 152,271;2026.02.11 13:40:00;filled;;KAMA Trend (Filtered) [Adaptive;;;
2026.02.11 13:40:14;412365925;USDJPYm;buy;0.16 / 0.16; 153,379;;;2026.02.11 13:40:14;filled;;[sl 153.379];;;
2026.02.11 14:57:00;412555607;AMZNm;sell;0.89 / 0.89;market; 207,43; 202,03;2026.02.11 14:57:01;filled;;Warrior Momentum [Manual];;;
2026.02.11 15:17:51;412612098;AMZNm;buy;0.89 / 0.89; 205,56;;;2026.02.11 15:17:52;filled;;[sl 205.56];;;
2026.02.11 17:10:01;412841378;TSMm;buy;0.14 / 0.14;market; 369,43; 382,12;2026.02.11 17:10:01;filled;;KAMA Trend (Filtered) [Adaptive;;;
2026.02.11 18:44:13;413001044;TSMm;sell;0.14 / 0.14; 373,71;;;2026.02.11 18:44:13;filled;;[sl 373.71];;;
2026.02.11 20:10:00;413118646;USDJPYm;buy;0.01 / 0.01;market; 152,895; 153,374;2026.02.11 20:10:00;filled;;KAMA Trend (Filtered) [Adaptive;;;
2026.02.11 22:05:40;413235074;USDJPYm;sell;0.01 / 0.01; 153,181;;;2026.02.11 22:05:40;filled;;[sl 153.181];;;
2026.02.12 00:30:43;413377886;BTCUSDm;buy;0.02 / 0.02;market;66 898,45;67 937,07;2026.02.12 00:30:43;filled;;KAMA Trend (Filtered) [Adaptive;;;
2026.02.12 01:37:14;413482684;BTCUSDm;sell;0.02 / 0.02;67 937,07;;;2026.02.12 01:37:14;filled;;[tp 67937.07];;;
2026.02.12 11:45:29;414118015;BTCUSDm;buy;0.02 / 0.02;market;67 606,90;68 676,28;2026.02.12 11:45:30;filled;;KAMA Trend (Filtered) [Adaptive;;;
2026.02.12 12:05:00;414136850;BTCUSDm;sell;0.02 / 0.02;67 883,29;;;2026.02.12 12:05:00;filled;;[sl 67883.29];;;
2026.02.12 12:15:00;414149112;USDJPYm;buy;0.02 / 0.02;market; 153,242; 153,665;2026.02.12 12:15:00;filled;;KAMA Trend (Filtered) [Adaptive;;;
2026.02.12 12:27:07;414161634;USDJPYm;sell;0.02 / 0.02; 153,414;;;2026.02.12 12:27:07;filled;;[sl 153.414];;;
2026.02.12 12:47:07;414186649;USDJPYm;buy;0.01 / 0.01;market; 153,388; 153,919;2026.02.12 12:47:07;filled;;KAMA Trend (Filtered) [Adaptive;;;
2026.02.12 13:03:11;414209895;USDJPYm;sell;0.01 / 0.01; 153,627;;;2026.02.12 13:03:11;filled;;[sl 153.627];;;
2026.02.12 13:40:00;414273372;USDJPYm;sell;0.02 / 0.02;market; 153,590; 152,908;2026.02.12 13:40:01;filled;;KAMA Trend (Filtered) [Adaptive;;;
2026.02.12 14:06:35;414319126;USDJPYm;buy;0.02 / 0.02; 153,391;;;2026.02.12 14:06:35;filled;;[sl 153.391];;;
2026.02.12 14:11:35;414328384;USDJPYm;sell;0.05 / 0.05;market; 153,405; 152,618;2026.02.12 14:11:35;filled;;KAMA Trend (Filtered) [Adaptive;;;
2026.02.12 14:45:01;414409644;TMUSm;buy;0.02 / 0.02;market; 216,11; 225,91;2026.02.12 14:45:01;filled;;KAMA Trend (Filtered) [Adaptive;;;
2026.02.12 14:45:02;414409784;TMUSm;sell;0.02 / 0.02;market;;;2026.02.12 14:45:02;filled;;;;;
2026.02.12 14:52:09;414425681;USDJPYm;buy;0.05 / 0.05; 153,119;;;2026.02.12 14:52:09;filled;;[sl 153.119];;;
2026.02.12 14:55:17;414431482;TMUSm;buy;0.02 / 0.02;market; 211,63; 223,08;2026.02.12 14:55:17;filled;;KAMA Trend (Filtered) [Adaptive;;;
2026.02.12 15:50:00;414536097;USDJPYm;sell;0.02 / 0.02;market; 153,007; 152,240;2026.02.12 15:50:01;filled;;KAMA Trend (Filtered) [Adaptive;;;
2026.02.12 15:59:26;414552778;TMUSm;sell;0.02 / 0.02; 216,26;;;2026.02.12 15:59:27;filled;;[sl 216.26];;;
2026.02.12 16:13:59;414603709;USDJPYm;buy;0.02 / 0.02; 152,649;;;2026.02.12 16:13:59;filled;;[sl 152.649];;;
2026.02.12 16:15:00;414615360;BTCUSDm;sell;0.01 / 0.01;market;67 396,95;65 159,63;2026.02.12 16:15:00;filled;;KAMA Trend (Filtered) [Adaptive;;;
2026.02.12 16:17:11;414631172;TMUSm;buy;0.01 / 0.01;market; 215,12; 222,43;2026.02.12 16:17:11;filled;;KAMA Trend (Filtered) [Adaptive;;;
2026.02.12 16:28:59;414687370;USDJPYm;sell;0.01 / 0.01;market; 152,794; 152,037;2026.02.12 16:28:59;filled;;KAMA Trend (Filtered) [Adaptive;;;
2026.02.12 16:36:05;414716891;TMUSm;sell;0.01 / 0.01; 217,78;;;2026.02.12 16:36:05;filled;;[sl 217.78];;;
2026.02.12 16:36:26;414717886;USDJPYm;buy;0.01 / 0.01; 152,649;;;2026.02.12 16:36:26;filled;;[sl 152.649];;;
2026.02.12 16:36:54;414719189;BTCUSDm;buy;0.01 / 0.01;66 419,80;;;2026.02.12 16:36:54;filled;;[sl 66419.80];;;
2026.02.12 16:54:20;414767953;BTCUSDm;sell;0.01 / 0.01;market;66 453,41;64 566,98;2026.02.12 16:54:20;filled;;KAMA Trend (Filtered) [Adaptive;;;
2026.02.12 17:26:52;414842276;BTCUSDm;buy;0.01 / 0.01;66 072,68;;;2026.02.12 17:26:52;filled;;[sl 66072.68];;;
2026.02.12 17:40:28;414872266;BTCUSDm;sell;0.02 / 0.02;market;66 815,57;64 581,65;2026.02.12 17:40:28;filled;;KAMA Trend (Filtered) [Adaptive;;;
2026.02.12 18:46:53;415012836;BTCUSDm;buy;0.02 / 0.02;65 511,20;;;2026.02.12 18:46:53;filled;;[sl 65511.20];;;
2026.02.12 18:46:54;415012840;BTCUSDm;sell;0.02 / 0.02;market;66 184,26;64 460,54;2026.02.12 18:46:54;filled;;KAMA Trend (Filtered) [Adaptive;;;
2026.02.12 19:15:48;415070234;BTCUSDm;buy;0.02 / 0.02;65 503,60;;;2026.02.12 19:15:48;filled;;[sl 65503.60];;;
2026.02.12 19:45:00;415116743;BTCUSDm;buy;0.02 / 0.02;market;65 358,14;66 824,97;2026.02.12 19:45:00;filled;;KAMA Trend (Filtered) [Adaptive;;;
Transações;;;;;;;;;;;;;;
Horário;Oferta;Ativo;Tipo;Direção;Volume;Preço;Ordem;Comissão;Taxa;Swap;Lucro;Saldo;Comentário;
2026.01.29 12:01:13;288901283;;balance;;;;;0,00;0,00;0,00;10 000,00;10 000,00;D-trial-USD-b6ee6d44351946;
2026.01.29 15:13:36;289264800;USOILm;buy;in;0.07; 65,161;387362046;0,00;0,00;0,00;0,00;10 000,00;KAMA Trend (Filtered) [Auto-Swi;
2026.01.29 15:15:00;289272745;XAUUSDm;buy;in;0.01;5 384,959;387374321;0,00;0,00;0,00;0,00;10 000,00;Mean Reversion [Auto-Switch];
2026.01.29 15:17:15;289286112;XAUUSDm;sell;out;0.01;5 305,460;387395632;0,00;0,00;0,00;- 79,50;9 920,50;[sl 5305.460];
2026.01.29 15:17:15;289286143;XAUUSDm;buy;in;0.01;5 304,598;387395825;0,00;0,00;0,00;0,00;9 920,50;Mean Reversion [Auto-Switch];
2026.01.29 15:27:24;289330989;XAUUSDm;sell;out;0.01;5 224,202;387463311;0,00;0,00;0,00;- 80,40;9 840,10;[sl 5225.164];
2026.01.29 15:27:24;289331081;XAUUSDm;buy;in;0.01;5 226,112;387463395;0,00;0,00;0,00;0,00;9 840,10;Mean Reversion [Auto-Switch];
2026.01.29 15:27:59;289336635;XAUUSDm;sell;out;0.01;5 142,238;387472376;0,00;0,00;0,00;- 83,87;9 756,23;[sl 5144.671];
2026.01.29 15:27:59;289336724;XAUUSDm;buy;in;0.01;5 136,473;387472674;0,00;0,00;0,00;0,00;9 756,23;Mean Reversion [Auto-Switch];
2026.01.29 17:00:00;289564840;US500m;buy;in;2.15;6 913,49;387853857;0,00;0,00;0,00;0,00;9 756,23;KAMA Trend (Filtered) [Auto-Swi;
2026.01.29 17:21:36;289604885;XAUUSDm;sell;out;0.01;5 339,792;387919065;0,00;0,00;0,00; 203,32;9 959,55;[tp 5339.792];
2026.01.29 17:45:00;289649477;XAUUSDm;buy;in;0.01;5 369,440;387991473;0,00;0,00;0,00;0,00;9 959,55;KAMA Trend (Filtered) [Auto-Swi;
2026.01.29 21:20:42;289996728;US500m;sell;out;2.15;6 963,98;388515704;0,00;0,00;0,00; 108,55;10 068,10;;
2026.01.29 21:20:43;289996743;US500m;buy;in;3.09;6 964,76;388515722;0,00;0,00;0,00;0,00;10 068,10;KAMA Trend (Filtered) [Adaptive;
2026.01.29 23:00:03;290057445;;balance;;;;;0,00;0,00;0,00; 1,40;10 069,50;DIV-US500-513464;
2026.01.30 00:25:48;290195720;XAUUSDm;sell;out;0.01;5 437,946;388829303;0,00;0,00;0,00; 68,51;10 138,01;;
2026.01.30 00:46:23;290241701;XAUUSDm;buy;in;0.01;5 414,101;388894833;0,00;0,00;0,00;0,00;10 138,01;KAMA Trend (Filtered) [Adaptive;
2026.01.30 01:11:43;290316139;XAUUSDm;sell;out;0.01;5 325,301;389007141;0,00;0,00;0,00;- 88,80;10 049,21;[sl 5325.301];
2026.01.30 01:11:43;290316156;XAUUSDm;buy;in;0.01;5 325,204;389007152;0,00;0,00;0,00;0,00;10 049,21;KAMA Trend (Filtered) [Adaptive;
2026.01.30 01:42:02;290396045;US500m;sell;out;3.09;6 932,20;389132548;0,00;0,00;0,00;- 100,61;9 948,60;[sl 6932.20];
2026.01.30 02:12:23;290492601;XAUUSDm;sell;out;0.01;5 237,140;389290251;0,00;0,00;0,00;- 88,06;9 860,54;[sl 5237.140];
2026.01.30 02:20:43;290537610;USOILm;sell;out;0.07; 63,884;389377824;0,00;0,00;0,00;- 89,39;9 771,15;[sl 63.884];
2026.01.30 07:00:00;290991292;USTECm;sell;in;1.09;25 642,54;390173737;0,00;0,00;0,00;0,00;9 771,15;KAMA Trend (Filtered) [Adaptive;
2026.01.30 11:29:41;291319491;BTCXAGm;buy;in;0.5; 806,855;390830940;0,00;0,00;0,00;0,00;9 771,15;KAMA Trend (Filtered) [Adaptive;
2026.01.30 11:33:31;291323857;USTECm;buy;out;1.09;25 731,71;390837435;0,00;0,00;0,00;- 97,20;9 673,95;[sl 25731.71];
2026.01.30 11:37:41;291327399;XAUUSDm;buy;in;0.01;5 126,240;390842929;0,00;0,00;0,00;0,00;9 673,95;KAMA Trend (Filtered) [Adaptive;
2026.01.30 12:56:49;291434671;BTCXAGm;sell;out;0.5; 827,829;391025803;0,00;0,00;0,00;1 045,59;10 719,54;;
2026.01.30 12:56:50;291434677;BTCXAGm;buy;in;0.5; 828,267;391025805;0,00;0,00;0,00;0,00;10 719,54;KAMA Trend (Filtered) [Adaptive;
2026.01.30 14:16:01;291593439;BTCXAGm;sell;out;0.5; 843,325;391291067;0,00;0,00;0,00; 739,17;11 458,71;;
2026.01.30 15:02:46;291700478;XAUUSDm;sell;out;0.01;4 981,508;391464210;0,00;0,00;0,00;- 144,73;11 313,98;[sl 4982.036];
2026.01.30 15:02:46;291700500;XAUUSDm;sell;in;0.01;4 983,062;391464226;0,00;0,00;0,00;0,00;11 313,98;KAMA Trend (Filtered) [Adaptive;
2026.01.30 18:39:11;292212479;XAUUSDm;buy;out;0.01;4 685,091;392269414;0,00;0,00;0,00; 297,97;11 611,95;[tp 4687.890];
2026.02.02 06:00:00;293988589;BTCXAGm;buy;in;0.5; 987,631;394732194;0,00;0,00;0,00;0,00;11 611,95;KAMA Trend (Filtered) [Adaptive;
2026.02.02 06:02:12;293992597;XAGUSDm;sell;in;0.01; 77,218;394739047;0,00;0,00;0,00;0,00;11 611,95;KAMA Trend (Filtered) [Adaptive;
2026.02.02 06:03:30;293994998;USTECm;sell;in;0.3;25 153,01;394742588;0,00;0,00;0,00;0,00;11 611,95;KAMA Trend (Filtered) [Adaptive;
2026.02.02 14:30:34;294726405;USTECm;buy;out;0.3;25 531,86;395841804;0,00;0,00;0,00;- 113,66;11 498,29;[sl 25531.86];
2026.02.02 18:33:59;295216602;BTCXAGm;sell;out;0.5;1 009,242;396528029;0,00;0,00;0,00; 841,62;12 339,91;;
2026.02.03 09:42:22;296319730;BTCXAGm;sell;in;0.5; 902,844;398035729;0,00;0,00;0,00;0,00;12 339,91;KAMA Trend (Filtered) [Adaptive;
2026.02.03 09:53:37;296326743;XAGUSDm;buy;out;0.01; 86,805;398045317;0,00;0,00;0,00;- 479,35;11 860,56;;
2026.02.03 09:53:38;296326748;XAGUSDm;buy;in;0.01; 86,808;398045323;0,00;0,00;0,00;0,00;11 860,56;KAMA Trend (Filtered) [Adaptive;
2026.02.03 13:44:37;296539355;BTCXAGm;buy;out;0.5; 880,092;398339880;0,00;0,00;0,00;1 010,94;12 871,50;;
2026.02.03 17:45:15;296911804;XAGUSDm;sell;out;0.01; 83,555;398859173;0,00;0,00;0,00;- 162,65;12 708,85;[sl 83.555];
2026.02.04 03:00:00;297586232;USDJPYm;buy;in;0.57; 156,270;399814951;0,00;0,00;0,00;0,00;12 708,85;KAMA Trend (Filtered) [Adaptive;
2026.02.04 09:33:01;297909610;USDJPYm;sell;out;0.57; 156,546;400294999;0,00;0,00;0,00; 100,49;12 809,34;;
2026.02.04 09:33:03;297909655;USDJPYm;buy;in;0.69; 156,553;400295045;0,00;0,00;0,00;0,00;12 809,34;KAMA Trend (Filtered) [Adaptive;
2026.02.04 09:33:04;297909675;USDJPYm;sell;out;0.69; 156,541;400295084;0,00;0,00;0,00;- 5,29;12 804,05;;
2026.02.04 09:33:05;297909702;USDJPYm;buy;in;0.69; 156,549;400295151;0,00;0,00;0,00;0,00;12 804,05;KAMA Trend (Filtered) [Adaptive;
2026.02.04 09:35:37;297912592;USDJPYm;sell;out;0.69; 156,548;400299100;0,00;0,00;0,00;- 0,44;12 803,61;;
2026.02.04 09:35:40;297912632;USDJPYm;buy;in;0.69; 156,555;400299163;0,00;0,00;0,00;0,00;12 803,61;KAMA Trend (Filtered) [Adaptive;
2026.02.04 09:35:43;297912658;USDJPYm;sell;out;0.69; 156,543;400299199;0,00;0,00;0,00;- 5,29;12 798,32;;
2026.02.04 09:35:44;297912663;USDJPYm;buy;in;0.69; 156,555;400299209;0,00;0,00;0,00;0,00;12 798,32;KAMA Trend (Filtered) [Adaptive;
2026.02.04 09:35:45;297912678;USDJPYm;sell;out;0.69; 156,546;400299224;0,00;0,00;0,00;- 3,97;12 794,35;;
2026.02.04 09:35:46;297912695;USDJPYm;buy;in;0.69; 156,555;400299251;0,00;0,00;0,00;0,00;12 794,35;KAMA Trend (Filtered) [Adaptive;
2026.02.04 09:35:47;297912702;USDJPYm;sell;out;0.69; 156,536;400299265;0,00;0,00;0,00;- 8,38;12 785,97;;
2026.02.04 09:35:50;297912723;USDJPYm;buy;in;0.69; 156,551;400299297;0,00;0,00;0,00;0,00;12 785,97;KAMA Trend (Filtered) [Adaptive;
2026.02.04 09:35:51;297912745;USDJPYm;sell;out;0.69; 156,542;400299329;0,00;0,00;0,00;- 3,97;12 782,00;;
2026.02.04 09:35:54;297912761;USDJPYm;buy;in;0.69; 156,553;400299351;0,00;0,00;0,00;0,00;12 782,00;KAMA Trend (Filtered) [Adaptive;
2026.02.04 09:35:55;297912771;USDJPYm;sell;out;0.69; 156,542;400299369;0,00;0,00;0,00;- 4,85;12 777,15;;
2026.02.04 09:35:56;297912774;USDJPYm;buy;in;0.69; 156,557;400299376;0,00;0,00;0,00;0,00;12 777,15;KAMA Trend (Filtered) [Adaptive;
2026.02.04 09:35:56;297912777;USDJPYm;sell;out;0.69; 156,543;400299377;0,00;0,00;0,00;- 6,17;12 770,98;;
2026.02.04 09:35:57;297912787;USDJPYm;buy;in;0.69; 156,556;400299388;0,00;0,00;0,00;0,00;12 770,98;KAMA Trend (Filtered) [Adaptive;
2026.02.04 09:35:59;297912790;USDJPYm;sell;out;0.69; 156,545;400299393;0,00;0,00;0,00;- 4,85;12 766,13;;
2026.02.04 09:36:00;297912798;USDJPYm;buy;in;0.69; 156,553;400299411;0,00;0,00;0,00;0,00;12 766,13;KAMA Trend (Filtered) [Adaptive;
2026.02.04 09:36:01;297912837;USDJPYm;sell;out;0.69; 156,545;400299490;0,00;0,00;0,00;- 3,53;12 762,60;;
2026.02.04 09:36:03;297912857;USDJPYm;buy;in;0.69; 156,557;400299539;0,00;0,00;0,00;0,00;12 762,60;KAMA Trend (Filtered) [Adaptive;
2026.02.04 09:36:05;297912869;USDJPYm;sell;out;0.69; 156,546;400299571;0,00;0,00;0,00;- 4,85;12 757,75;;
2026.02.04 09:36:07;297912883;USDJPYm;buy;in;0.69; 156,554;400299607;0,00;0,00;0,00;0,00;12 757,75;KAMA Trend (Filtered) [Adaptive;
2026.02.04 09:36:08;297912889;USDJPYm;sell;out;0.69; 156,542;400299619;0,00;0,00;0,00;- 5,29;12 752,46;;
2026.02.04 09:36:09;297912893;USDJPYm;buy;in;0.69; 156,554;400299625;0,00;0,00;0,00;0,00;12 752,46;KAMA Trend (Filtered) [Adaptive;
2026.02.04 09:36:16;297912925;USDJPYm;sell;out;0.69; 156,543;400299672;0,00;0,00;0,00;- 4,85;12 747,61;;
2026.02.04 09:36:16;297912928;USDJPYm;buy;in;0.69; 156,551;400299678;0,00;0,00;0,00;0,00;12 747,61;KAMA Trend (Filtered) [Adaptive;
2026.02.04 09:36:19;297912944;USDJPYm;sell;out;0.69; 156,541;400299701;0,00;0,00;0,00;- 4,41;12 743,20;;
2026.02.04 09:36:20;297912949;USDJPYm;buy;in;0.69; 156,546;400299708;0,00;0,00;0,00;0,00;12 743,20;KAMA Trend (Filtered) [Adaptive;
2026.02.04 09:36:29;297913003;USDJPYm;sell;out;0.69; 156,546;400299776;0,00;0,00;0,00;0,00;12 743,20;;
2026.02.04 09:36:31;297913007;USDJPYm;buy;in;0.69; 156,557;400299788;0,00;0,00;0,00;0,00;12 743,20;KAMA Trend (Filtered) [Adaptive;
2026.02.04 09:36:35;297913043;USDJPYm;sell;out;0.69; 156,546;400299839;0,00;0,00;0,00;- 4,85;12 738,35;;
2026.02.04 09:36:39;297913098;USDJPYm;buy;in;0.69; 156,557;400299905;0,00;0,00;0,00;0,00;12 738,35;KAMA Trend (Filtered) [Adaptive;
2026.02.04 09:36:57;297913566;USDJPYm;sell;out;0.69; 156,551;400300472;0,00;0,00;0,00;- 2,64;12 735,71;;
2026.02.04 09:36:58;297913586;USDJPYm;buy;in;0.69; 156,564;400300494;0,00;0,00;0,00;0,00;12 735,71;KAMA Trend (Filtered) [Adaptive;
2026.02.04 09:36:59;297913593;USDJPYm;sell;out;0.69; 156,563;400300504;0,00;0,00;0,00;- 0,44;12 735,27;;
2026.02.04 09:36:59;297913603;USDJPYm;buy;in;0.69; 156,575;400300512;0,00;0,00;0,00;0,00;12 735,27;KAMA Trend (Filtered) [Adaptive;
2026.02.04 09:36:59;297913617;USDJPYm;sell;out;0.69; 156,566;400300529;0,00;0,00;0,00;- 3,97;12 731,30;;
2026.02.04 09:37:01;297913668;USDJPYm;buy;in;0.69; 156,574;400300623;0,00;0,00;0,00;0,00;12 731,30;KAMA Trend (Filtered) [Adaptive;
2026.02.04 09:37:02;297913692;USDJPYm;sell;out;0.69; 156,563;400300676;0,00;0,00;0,00;- 4,85;12 726,45;;
2026.02.04 09:37:03;297913732;USDJPYm;buy;in;0.69; 156,577;400300731;0,00;0,00;0,00;0,00;12 726,45;KAMA Trend (Filtered) [Adaptive;
2026.02.04 09:37:04;297913744;USDJPYm;sell;out;0.69; 156,564;400300755;0,00;0,00;0,00;- 5,73;12 720,72;;
2026.02.04 09:37:04;297913764;USDJPYm;buy;in;0.69; 156,577;400300789;0,00;0,00;0,00;0,00;12 720,72;KAMA Trend (Filtered) [Adaptive;
2026.02.04 09:37:05;297913792;USDJPYm;sell;out;0.69; 156,566;400300818;0,00;0,00;0,00;- 4,85;12 715,87;;
2026.02.04 09:37:08;297913855;USDJPYm;buy;in;0.69; 156,575;400300878;0,00;0,00;0,00;0,00;12 715,87;KAMA Trend (Filtered) [Adaptive;
2026.02.04 09:37:09;297913871;USDJPYm;sell;out;0.69; 156,568;400300893;0,00;0,00;0,00;- 3,08;12 712,79;;
2026.02.04 09:37:10;297913884;USDJPYm;buy;in;0.69; 156,579;400300908;0,00;0,00;0,00;0,00;12 712,79;KAMA Trend (Filtered) [Adaptive;
2026.02.04 09:37:11;297913896;USDJPYm;sell;out;0.69; 156,568;400300929;0,00;0,00;0,00;- 4,85;12 707,94;;
2026.02.04 09:37:12;297913901;USDJPYm;buy;in;0.69; 156,586;400300935;0,00;0,00;0,00;0,00;12 707,94;KAMA Trend (Filtered) [Adaptive;
2026.02.04 09:37:13;297913914;USDJPYm;sell;out;0.69; 156,574;400300949;0,00;0,00;0,00;- 5,29;12 702,65;;
2026.02.04 09:37:15;297913955;USDJPYm;buy;in;0.69; 156,571;400301002;0,00;0,00;0,00;0,00;12 702,65;KAMA Trend (Filtered) [Adaptive;
2026.02.04 09:37:15;297913959;USDJPYm;sell;out;0.69; 156,563;400301005;0,00;0,00;0,00;- 3,53;12 699,12;;
2026.02.04 09:37:18;297913976;USDJPYm;buy;in;0.69; 156,576;400301050;0,00;0,00;0,00;0,00;12 699,12;KAMA Trend (Filtered) [Adaptive;
2026.02.04 09:37:20;297913988;USDJPYm;sell;out;0.69; 156,564;400301071;0,00;0,00;0,00;- 5,29;12 693,83;;
2026.02.04 09:37:21;297913996;USDJPYm;buy;in;0.69; 156,576;400301085;0,00;0,00;0,00;0,00;12 693,83;KAMA Trend (Filtered) [Adaptive;
2026.02.04 09:37:22;297914003;USDJPYm;sell;out;0.69; 156,565;400301097;0,00;0,00;0,00;- 4,85;12 688,98;;
2026.02.04 09:37:23;297914021;USDJPYm;buy;in;0.68; 156,574;400301119;0,00;0,00;0,00;0,00;12 688,98;KAMA Trend (Filtered) [Adaptive;
2026.02.04 09:37:24;297914032;USDJPYm;sell;out;0.68; 156,562;400301131;0,00;0,00;0,00;- 5,21;12 683,77;;
2026.02.04 09:37:25;297914041;USDJPYm;buy;in;0.68; 156,573;400301141;0,00;0,00;0,00;0,00;12 683,77;KAMA Trend (Filtered) [Adaptive;
2026.02.04 09:37:30;297914150;USDJPYm;sell;out;0.68; 156,565;400301318;0,00;0,00;0,00;- 3,47;12 680,30;;
2026.02.04 09:37:31;297914151;USDJPYm;buy;in;0.68; 156,572;400301323;0,00;0,00;0,00;0,00;12 680,30;KAMA Trend (Filtered) [Adaptive;
2026.02.04 09:37:31;297914153;USDJPYm;sell;out;0.68; 156,560;400301329;0,00;0,00;0,00;- 5,21;12 675,09;;
2026.02.04 09:37:33;297914186;USDJPYm;buy;in;0.68; 156,569;400301370;0,00;0,00;0,00;0,00;12 675,09;KAMA Trend (Filtered) [Adaptive;
2026.02.04 09:37:34;297914198;USDJPYm;sell;out;0.68; 156,560;400301386;0,00;0,00;0,00;- 3,91;12 671,18;;
2026.02.04 09:37:36;297914214;USDJPYm;buy;in;0.68; 156,568;400301419;0,00;0,00;0,00;0,00;12 671,18;KAMA Trend (Filtered) [Adaptive;
2026.02.04 09:37:36;297914224;USDJPYm;sell;out;0.68; 156,556;400301440;0,00;0,00;0,00;- 5,21;12 665,97;;
2026.02.04 09:37:39;297914358;USDJPYm;buy;in;0.68; 156,567;400301585;0,00;0,00;0,00;0,00;12 665,97;KAMA Trend (Filtered) [Adaptive;
2026.02.04 09:37:46;297914574;USDJPYm;sell;out;0.68; 156,565;400301883;0,00;0,00;0,00;- 0,87;12 665,10;;
2026.02.04 09:37:47;297914581;USDJPYm;buy;in;0.68; 156,573;400301896;0,00;0,00;0,00;0,00;12 665,10;KAMA Trend (Filtered) [Adaptive;
2026.02.04 09:37:48;297914594;USDJPYm;sell;out;0.68; 156,562;400301914;0,00;0,00;0,00;- 4,78;12 660,32;;
2026.02.04 09:37:50;297914606;USDJPYm;buy;in;0.68; 156,574;400301926;0,00;0,00;0,00;0,00;12 660,32;KAMA Trend (Filtered) [Adaptive;
2026.02.04 09:37:52;297914611;USDJPYm;sell;out;0.68; 156,581;400301944;0,00;0,00;0,00; 3,04;12 663,36;;
2026.02.04 09:37:53;297914617;USDJPYm;buy;in;0.68; 156,593;400301949;0,00;0,00;0,00;0,00;12 663,36;KAMA Trend (Filtered) [Adaptive;
2026.02.04 09:37:56;297914624;USDJPYm;sell;out;0.68; 156,581;400301959;0,00;0,00;0,00;- 5,21;12 658,15;;
2026.02.04 09:37:57;297914630;USDJPYm;buy;in;0.68; 156,590;400301972;0,00;0,00;0,00;0,00;12 658,15;KAMA Trend (Filtered) [Adaptive;
2026.02.04 09:38:00;297914708;USDJPYm;sell;out;0.68; 156,579;400302081;0,00;0,00;0,00;- 4,78;12 653,37;;
2026.02.04 09:38:01;297914738;USDJPYm;buy;in;0.68; 156,588;400302133;0,00;0,00;0,00;0,00;12 653,37;KAMA Trend (Filtered) [Adaptive;
2026.02.04 09:38:02;297914748;USDJPYm;sell;out;0.68; 156,577;400302176;0,00;0,00;0,00;- 4,78;12 648,59;;
2026.02.04 09:38:02;297914751;USDJPYm;buy;in;0.68; 156,583;400302183;0,00;0,00;0,00;0,00;12 648,59;KAMA Trend (Filtered) [Adaptive;
2026.02.04 09:38:03;297914753;USDJPYm;sell;out;0.68; 156,578;400302204;0,00;0,00;0,00;- 2,17;12 646,42;;
2026.02.04 09:38:04;297914759;USDJPYm;buy;in;0.68; 156,581;400302227;0,00;0,00;0,00;0,00;12 646,42;KAMA Trend (Filtered) [Adaptive;
2026.02.04 09:38:05;297914772;USDJPYm;sell;out;0.68; 156,570;400302257;0,00;0,00;0,00;- 4,78;12 641,64;;
2026.02.04 09:38:06;297914801;USDJPYm;buy;in;0.68; 156,581;400302311;0,00;0,00;0,00;0,00;12 641,64;KAMA Trend (Filtered) [Adaptive;
2026.02.04 09:38:07;297914841;USDJPYm;sell;out;0.68; 156,563;400302354;0,00;0,00;0,00;- 7,82;12 633,82;;
2026.02.04 09:38:08;297914857;USDJPYm;buy;in;0.68; 156,570;400302389;0,00;0,00;0,00;0,00;12 633,82;KAMA Trend (Filtered) [Adaptive;
2026.02.04 09:38:09;297914876;USDJPYm;sell;out;0.68; 156,568;400302417;0,00;0,00;0,00;- 0,87;12 632,95;;
2026.02.04 09:38:11;297914911;USDJPYm;buy;in;0.68; 156,576;400302453;0,00;0,00;0,00;0,00;12 632,95;KAMA Trend (Filtered) [Adaptive;
2026.02.04 09:38:12;297914926;USDJPYm;sell;out;0.68; 156,569;400302473;0,00;0,00;0,00;- 3,04;12 629,91;;
2026.02.04 09:38:14;297914960;USDJPYm;buy;in;0.68; 156,578;400302518;0,00;0,00;0,00;0,00;12 629,91;KAMA Trend (Filtered) [Adaptive;
2026.02.04 09:38:15;297914963;USDJPYm;sell;out;0.68; 156,571;400302523;0,00;0,00;0,00;- 3,04;12 626,87;;
2026.02.04 09:38:15;297914982;USDJPYm;buy;in;0.68; 156,579;400302544;0,00;0,00;0,00;0,00;12 626,87;KAMA Trend (Filtered) [Adaptive;
2026.02.04 09:38:16;297915009;USDJPYm;sell;out;0.68; 156,565;400302575;0,00;0,00;0,00;- 6,08;12 620,79;;
2026.02.04 09:38:17;297915013;USDJPYm;buy;in;0.68; 156,572;400302580;0,00;0,00;0,00;0,00;12 620,79;KAMA Trend (Filtered) [Adaptive;
2026.02.04 09:38:18;297915021;USDJPYm;sell;out;0.68; 156,563;400302603;0,00;0,00;0,00;- 3,91;12 616,88;;
2026.02.04 09:38:19;297915035;USDJPYm;buy;in;0.68; 156,571;400302619;0,00;0,00;0,00;0,00;12 616,88;KAMA Trend (Filtered) [Adaptive;
2026.02.04 09:38:20;297915056;USDJPYm;sell;out;0.68; 156,568;400302634;0,00;0,00;0,00;- 1,30;12 615,58;;
2026.02.04 09:38:21;297915069;USDJPYm;buy;in;0.68; 156,575;400302648;0,00;0,00;0,00;0,00;12 615,58;KAMA Trend (Filtered) [Adaptive;
2026.02.04 09:38:22;297915085;USDJPYm;sell;out;0.68; 156,561;400302664;0,00;0,00;0,00;- 6,08;12 609,50;;
2026.02.04 09:38:22;297915089;USDJPYm;buy;in;0.68; 156,569;400302667;0,00;0,00;0,00;0,00;12 609,50;KAMA Trend (Filtered) [Adaptive;
2026.02.04 09:38:23;297915117;USDJPYm;sell;out;0.68; 156,568;400302712;0,00;0,00;0,00;- 0,43;12 609,07;;
2026.02.04 09:38:24;297915148;USDJPYm;buy;in;0.68; 156,575;400302738;0,00;0,00;0,00;0,00;12 609,07;KAMA Trend (Filtered) [Adaptive;
2026.02.04 09:38:25;297915251;USDJPYm;sell;out;0.68; 156,567;400302770;0,00;0,00;0,00;- 3,47;12 605,60;;
2026.02.04 09:38:29;297915390;USDJPYm;buy;in;0.68; 156,571;400303027;0,00;0,00;0,00;0,00;12 605,60;KAMA Trend (Filtered) [Adaptive;
2026.02.04 09:38:31;297915520;USDJPYm;sell;out;0.68; 156,562;400303153;0,00;0,00;0,00;- 3,91;12 601,69;;
2026.02.04 09:38:33;297915530;USDJPYm;buy;in;0.68; 156,574;400303170;0,00;0,00;0,00;0,00;12 601,69;KAMA Trend (Filtered) [Adaptive;
2026.02.04 09:38:34;297915538;USDJPYm;sell;out;0.68; 156,569;400303186;0,00;0,00;0,00;- 2,17;12 599,52;;
2026.02.04 09:38:35;297915546;USDJPYm;buy;in;0.68; 156,579;400303201;0,00;0,00;0,00;0,00;12 599,52;KAMA Trend (Filtered) [Adaptive;
2026.02.04 09:38:36;297915557;USDJPYm;sell;out;0.68; 156,568;400303226;0,00;0,00;0,00;- 4,78;12 594,74;;
2026.02.04 09:38:37;297915565;USDJPYm;buy;in;0.68; 156,574;400303235;0,00;0,00;0,00;0,00;12 594,74;KAMA Trend (Filtered) [Adaptive;
2026.02.04 09:38:38;297915569;USDJPYm;sell;out;0.68; 156,561;400303248;0,00;0,00;0,00;- 5,65;12 589,09;;
2026.02.04 09:38:42;297915589;USDJPYm;buy;in;0.68; 156,572;400303283;0,00;0,00;0,00;0,00;12 589,09;KAMA Trend (Filtered) [Adaptive;
2026.02.04 09:38:43;297915591;USDJPYm;sell;out;0.68; 156,561;400303294;0,00;0,00;0,00;- 4,78;12 584,31;;
2026.02.04 09:38:44;297915604;USDJPYm;buy;in;0.68; 156,569;400303303;0,00;0,00;0,00;0,00;12 584,31;KAMA Trend (Filtered) [Adaptive;
2026.02.04 09:38:45;297915611;USDJPYm;sell;out;0.68; 156,562;400303314;0,00;0,00;0,00;- 3,04;12 581,27;;
2026.02.04 09:38:47;297915612;USDJPYm;buy;in;0.68; 156,571;400303317;0,00;0,00;0,00;0,00;12 581,27;KAMA Trend (Filtered) [Adaptive;
2026.02.04 09:38:48;297915614;USDJPYm;sell;out;0.68; 156,559;400303322;0,00;0,00;0,00;- 5,21;12 576,06;;
2026.02.04 09:38:49;297915617;USDJPYm;buy;in;0.68; 156,568;400303331;0,00;0,00;0,00;0,00;12 576,06;KAMA Trend (Filtered) [Adaptive;
2026.02.04 09:38:50;297915631;USDJPYm;sell;out;0.68; 156,559;400303346;0,00;0,00;0,00;- 3,91;12 572,15;;
2026.02.04 09:38:50;297915635;USDJPYm;buy;in;0.68; 156,571;400303350;0,00;0,00;0,00;0,00;12 572,15;KAMA Trend (Filtered) [Adaptive;
2026.02.04 09:38:51;297915647;USDJPYm;sell;out;0.68; 156,560;400303368;0,00;0,00;0,00;- 4,78;12 567,37;;
2026.02.04 09:38:53;297915661;USDJPYm;buy;in;0.68; 156,572;400303387;0,00;0,00;0,00;0,00;12 567,37;KAMA Trend (Filtered) [Adaptive;
2026.02.04 09:38:54;297915678;USDJPYm;sell;out;0.68; 156,561;400303400;0,00;0,00;0,00;- 4,78;12 562,59;;
2026.02.04 09:38:58;297915710;USDJPYm;buy;in;0.68; 156,570;400303442;0,00;0,00;0,00;0,00;12 562,59;KAMA Trend (Filtered) [Adaptive;
2026.02.04 09:39:01;297915761;USDJPYm;sell;out;0.68; 156,561;400303527;0,00;0,00;0,00;- 3,91;12 558,68;;
2026.02.04 09:39:03;297915777;USDJPYm;buy;in;0.68; 156,561;400303567;0,00;0,00;0,00;0,00;12 558,68;KAMA Trend (Filtered) [Adaptive;
2026.02.04 09:39:04;297915792;USDJPYm;sell;out;0.68; 156,553;400303583;0,00;0,00;0,00;- 3,47;12 555,21;;
2026.02.04 09:39:05;297915812;USDJPYm;buy;in;0.68; 156,567;400303615;0,00;0,00;0,00;0,00;12 555,21;KAMA Trend (Filtered) [Adaptive;
2026.02.04 09:39:06;297915819;USDJPYm;sell;out;0.68; 156,555;400303623;0,00;0,00;0,00;- 5,21;12 550,00;;
2026.02.04 09:39:08;297915826;USDJPYm;buy;in;0.68; 156,566;400303633;0,00;0,00;0,00;0,00;12 550,00;KAMA Trend (Filtered) [Adaptive;
2026.02.04 09:39:11;297915844;USDJPYm;sell;out;0.68; 156,553;400303661;0,00;0,00;0,00;- 5,65;12 544,35;;
2026.02.04 09:39:11;297915845;USDJPYm;buy;in;0.68; 156,561;400303662;0,00;0,00;0,00;0,00;12 544,35;KAMA Trend (Filtered) [Adaptive;
2026.02.04 09:39:12;297915848;USDJPYm;sell;out;0.68; 156,555;400303672;0,00;0,00;0,00;- 2,61;12 541,74;;
2026.02.04 09:39:12;297915851;USDJPYm;buy;in;0.68; 156,567;400303676;0,00;0,00;0,00;0,00;12 541,74;KAMA Trend (Filtered) [Adaptive;
2026.02.04 09:39:12;297915853;USDJPYm;sell;out;0.68; 156,553;400303678;0,00;0,00;0,00;- 6,08;12 535,66;;
2026.02.04 09:39:13;297915857;USDJPYm;buy;in;0.68; 156,566;400303690;0,00;0,00;0,00;0,00;12 535,66;KAMA Trend (Filtered) [Adaptive;
2026.02.04 09:39:14;297915862;USDJPYm;sell;out;0.68; 156,557;400303701;0,00;0,00;0,00;- 3,91;12 531,75;;
2026.02.04 09:39:15;297915865;USDJPYm;buy;in;0.68; 156,566;400303707;0,00;0,00;0,00;0,00;12 531,75;KAMA Trend (Filtered) [Adaptive;
2026.02.04 09:39:17;297915872;USDJPYm;sell;out;0.68; 156,554;400303715;0,00;0,00;0,00;- 5,21;12 526,54;;
2026.02.04 09:39:20;297915901;USDJPYm;buy;in;0.68; 156,566;400303761;0,00;0,00;0,00;0,00;12 526,54;KAMA Trend (Filtered) [Adaptive;
2026.02.04 09:39:21;297915910;USDJPYm;sell;out;0.68; 156,557;400303772;0,00;0,00;0,00;- 3,91;12 522,63;;
2026.02.04 09:39:22;297915922;USDJPYm;buy;in;0.68; 156,566;400303791;0,00;0,00;0,00;0,00;12 522,63;KAMA Trend (Filtered) [Adaptive;
2026.02.04 09:39:22;297915928;USDJPYm;sell;out;0.68; 156,554;400303795;0,00;0,00;0,00;- 5,21;12 517,42;;
2026.02.04 09:39:23;297915937;USDJPYm;buy;in;0.68; 156,566;400303805;0,00;0,00;0,00;0,00;12 517,42;KAMA Trend (Filtered) [Adaptive;
2026.02.04 09:39:25;297915946;USDJPYm;sell;out;0.68; 156,552;400303830;0,00;0,00;0,00;- 6,08;12 511,34;;
2026.02.04 09:39:26;297915949;USDJPYm;buy;in;0.68; 156,560;400303831;0,00;0,00;0,00;0,00;12 511,34;KAMA Trend (Filtered) [Adaptive;
2026.02.04 09:39:27;297915963;USDJPYm;sell;out;0.68; 156,551;400303844;0,00;0,00;0,00;- 3,91;12 507,43;;
2026.02.04 09:39:29;297915971;USDJPYm;buy;in;0.67; 156,556;400303860;0,00;0,00;0,00;0,00;12 507,43;KAMA Trend (Filtered) [Adaptive;
2026.02.04 09:39:29;297915976;USDJPYm;sell;out;0.67; 156,553;400303865;0,00;0,00;0,00;- 1,28;12 506,15;;
2026.02.04 09:39:31;297915977;USDJPYm;buy;in;0.67; 156,561;400303872;0,00;0,00;0,00;0,00;12 506,15;KAMA Trend (Filtered) [Adaptive;
2026.02.04 09:39:33;297915981;USDJPYm;sell;out;0.67; 156,547;400303884;0,00;0,00;0,00;- 5,99;12 500,16;;
2026.02.04 09:39:33;297915983;USDJPYm;buy;in;0.67; 156,555;400303887;0,00;0,00;0,00;0,00;12 500,16;KAMA Trend (Filtered) [Adaptive;
2026.02.04 09:39:34;297915988;USDJPYm;sell;out;0.67; 156,546;400303898;0,00;0,00;0,00;- 3,85;12 496,31;;
2026.02.04 09:39:35;297915993;USDJPYm;buy;in;0.67; 156,551;400303900;0,00;0,00;0,00;0,00;12 496,31;KAMA Trend (Filtered) [Adaptive;
2026.02.04 09:39:37;297915997;USDJPYm;sell;out;0.67; 156,541;400303912;0,00;0,00;0,00;- 4,28;12 492,03;;
2026.02.04 09:39:38;297915998;USDJPYm;buy;in;0.67; 156,554;400303917;0,00;0,00;0,00;0,00;12 492,03;KAMA Trend (Filtered) [Adaptive;
2026.02.04 09:39:38;297915999;USDJPYm;sell;out;0.67; 156,546;400303919;0,00;0,00;0,00;- 3,42;12 488,61;;
2026.02.04 09:39:43;297916010;USDJPYm;buy;in;0.67; 156,555;400303953;0,00;0,00;0,00;0,00;12 488,61;KAMA Trend (Filtered) [Adaptive;
2026.02.04 09:39:48;297916017;USDJPYm;sell;out;0.67; 156,546;400303972;0,00;0,00;0,00;- 3,85;12 484,76;;
2026.02.04 09:39:51;297916027;USDJPYm;buy;in;0.67; 156,560;400303994;0,00;0,00;0,00;0,00;12 484,76;KAMA Trend (Filtered) [Adaptive;
2026.02.04 09:39:51;297916028;USDJPYm;sell;out;0.67; 156,547;400303997;0,00;0,00;0,00;- 5,56;12 479,20;;
2026.02.04 09:39:52;297916034;USDJPYm;buy;in;0.67; 156,555;400304009;0,00;0,00;0,00;0,00;12 479,20;KAMA Trend (Filtered) [Adaptive;
2026.02.04 09:39:54;297916039;USDJPYm;sell;out;0.67; 156,546;400304031;0,00;0,00;0,00;- 3,85;12 475,35;;
2026.02.04 09:39:56;297916046;USDJPYm;buy;in;0.67; 156,557;400304039;0,00;0,00;0,00;0,00;12 475,35;KAMA Trend (Filtered) [Adaptive;
2026.02.04 09:40:00;297916065;USDJPYm;sell;out;0.67; 156,545;400304070;0,00;0,00;0,00;- 5,14;12 470,21;;
2026.02.04 09:40:02;297916140;USDJPYm;buy;in;0.67; 156,556;400304199;0,00;0,00;0,00;0,00;12 470,21;KAMA Trend (Filtered) [Adaptive;
2026.02.04 09:40:10;297916222;USDJPYm;sell;out;0.67; 156,547;400304318;0,00;0,00;0,00;- 3,85;12 466,36;;
2026.02.04 09:40:15;297916252;USDJPYm;buy;in;0.67; 156,558;400304371;0,00;0,00;0,00;0,00;12 466,36;KAMA Trend (Filtered) [Adaptive;
2026.02.04 09:40:17;297916259;USDJPYm;sell;out;0.67; 156,547;400304383;0,00;0,00;0,00;- 4,71;12 461,65;;
2026.02.04 09:40:20;297916273;USDJPYm;buy;in;0.67; 156,558;400304408;0,00;0,00;0,00;0,00;12 461,65;KAMA Trend (Filtered) [Adaptive;
2026.02.04 09:40:21;297916276;USDJPYm;sell;out;0.67; 156,547;400304413;0,00;0,00;0,00;- 4,71;12 456,94;;
2026.02.04 09:40:22;297916277;USDJPYm;buy;in;0.67; 156,560;400304416;0,00;0,00;0,00;0,00;12 456,94;KAMA Trend (Filtered) [Adaptive;
2026.02.04 09:40:26;297916424;USDJPYm;sell;out;0.67; 156,560;400304573;0,00;0,00;0,00;0,00;12 456,94;;
2026.02.04 09:40:29;297916492;USDJPYm;buy;in;0.67; 156,569;400304659;0,00;0,00;0,00;0,00;12 456,94;KAMA Trend (Filtered) [Adaptive;
2026.02.04 09:40:31;297916514;USDJPYm;sell;out;0.67; 156,561;400304710;0,00;0,00;0,00;- 3,42;12 453,52;;
2026.02.04 09:40:32;297916550;USDJPYm;buy;in;0.67; 156,570;400304741;0,00;0,00;0,00;0,00;12 453,52;KAMA Trend (Filtered) [Adaptive;
2026.02.04 09:40:37;297916624;USDJPYm;sell;out;0.67; 156,559;400304834;0,00;0,00;0,00;- 4,71;12 448,81;;
2026.02.04 09:40:40;297916648;USDJPYm;buy;in;0.67; 156,570;400304881;0,00;0,00;0,00;0,00;12 448,81;KAMA Trend (Filtered) [Adaptive;
2026.02.04 09:40:40;297916657;USDJPYm;sell;out;0.67; 156,558;400304902;0,00;0,00;0,00;- 5,14;12 443,67;;
2026.02.04 09:40:43;297916668;USDJPYm;buy;in;0.67; 156,569;400304933;0,00;0,00;0,00;0,00;12 443,67;KAMA Trend (Filtered) [Adaptive;
2026.02.04 09:40:44;297916675;USDJPYm;sell;out;0.67; 156,561;400304945;0,00;0,00;0,00;- 3,42;12 440,25;;
2026.02.04 09:40:47;297916688;USDJPYm;buy;in;0.67; 156,570;400304983;0,00;0,00;0,00;0,00;12 440,25;KAMA Trend (Filtered) [Adaptive;
2026.02.04 09:40:52;297916731;USDJPYm;sell;out;0.67; 156,561;400305050;0,00;0,00;0,00;- 3,85;12 436,40;;
2026.02.04 09:40:55;297916750;USDJPYm;buy;in;0.67; 156,570;400305081;0,00;0,00;0,00;0,00;12 436,40;KAMA Trend (Filtered) [Adaptive;
2026.02.04 09:40:56;297916764;USDJPYm;sell;out;0.67; 156,561;400305106;0,00;0,00;0,00;- 3,85;12 432,55;;
2026.02.04 09:40:59;297916778;USDJPYm;buy;in;0.67; 156,570;400305132;0,00;0,00;0,00;0,00;12 432,55;KAMA Trend (Filtered) [Adaptive;
2026.02.04 09:41:00;297916801;USDJPYm;sell;out;0.67; 156,561;400305170;0,00;0,00;0,00;- 3,85;12 428,70;;
2026.02.04 09:41:03;297916848;USDJPYm;buy;in;0.67; 156,570;400305258;0,00;0,00;0,00;0,00;12 428,70;KAMA Trend (Filtered) [Adaptive;
2026.02.04 09:41:10;297916933;USDJPYm;sell;out;0.67; 156,561;400305368;0,00;0,00;0,00;- 3,85;12 424,85;;
2026.02.04 09:41:11;297916941;USDJPYm;buy;in;0.67; 156,570;400305383;0,00;0,00;0,00;0,00;12 424,85;KAMA Trend (Filtered) [Adaptive;
2026.02.04 09:41:12;297916942;USDJPYm;sell;out;0.67; 156,558;400305386;0,00;0,00;0,00;- 5,14;12 419,71;;
2026.02.04 09:41:13;297916945;USDJPYm;buy;in;0.67; 156,566;400305395;0,00;0,00;0,00;0,00;12 419,71;KAMA Trend (Filtered) [Adaptive;
2026.02.04 09:41:14;297916956;USDJPYm;sell;out;0.67; 156,549;400305423;0,00;0,00;0,00;- 7,28;12 412,43;;
2026.02.04 09:41:14;297916959;USDJPYm;buy;in;0.67; 156,557;400305436;0,00;0,00;0,00;0,00;12 412,43;KAMA Trend (Filtered) [Adaptive;
2026.02.04 09:41:15;297916976;USDJPYm;sell;out;0.67; 156,546;400305443;0,00;0,00;0,00;- 4,71;12 407,72;;
2026.02.04 09:41:17;297916979;USDJPYm;buy;in;0.67; 156,557;400305455;0,00;0,00;0,00;0,00;12 407,72;KAMA Trend (Filtered) [Adaptive;
2026.02.04 09:41:18;297916989;USDJPYm;sell;out;0.67; 156,548;400305467;0,00;0,00;0,00;- 3,85;12 403,87;;
2026.02.04 09:41:21;297916994;USDJPYm;buy;in;0.67; 156,557;400305486;0,00;0,00;0,00;0,00;12 403,87;KAMA Trend (Filtered) [Adaptive;
2026.02.04 09:41:24;297917022;USDJPYm;sell;out;0.67; 156,546;400305527;0,00;0,00;0,00;- 4,71;12 399,16;;
2026.02.04 09:41:25;297917040;USDJPYm;buy;in;0.67; 156,555;400305547;0,00;0,00;0,00;0,00;12 399,16;KAMA Trend (Filtered) [Adaptive;
2026.02.04 09:41:26;297917052;USDJPYm;sell;out;0.67; 156,546;400305565;0,00;0,00;0,00;- 3,85;12 395,31;;
2026.02.04 09:41:29;297917079;USDJPYm;buy;in;0.67; 156,559;400305603;0,00;0,00;0,00;0,00;12 395,31;KAMA Trend (Filtered) [Adaptive;
2026.02.04 09:41:30;297917146;USDJPYm;sell;out;0.67; 156,551;400305698;0,00;0,00;0,00;- 3,42;12 391,89;;
2026.02.04 09:41:31;297917150;USDJPYm;buy;in;0.67; 156,557;400305705;0,00;0,00;0,00;0,00;12 391,89;KAMA Trend (Filtered) [Adaptive;
2026.02.04 09:41:32;297917168;USDJPYm;sell;out;0.67; 156,548;400305730;0,00;0,00;0,00;- 3,85;12 388,04;;
2026.02.04 09:41:33;297917177;USDJPYm;buy;in;0.67; 156,559;400305737;0,00;0,00;0,00;0,00;12 388,04;KAMA Trend (Filtered) [Adaptive;
2026.02.04 09:41:34;297917181;USDJPYm;sell;out;0.67; 156,547;400305745;0,00;0,00;0,00;- 5,14;12 382,90;;
2026.02.04 09:41:47;297917227;USDJPYm;buy;in;0.67; 156,559;400305831;0,00;0,00;0,00;0,00;12 382,90;KAMA Trend (Filtered) [Adaptive;
2026.02.04 09:41:48;297917233;USDJPYm;sell;out;0.67; 156,548;400305845;0,00;0,00;0,00;- 4,71;12 378,19;;
2026.02.04 09:41:49;297917239;USDJPYm;buy;in;0.67; 156,557;400305865;0,00;0,00;0,00;0,00;12 378,19;KAMA Trend (Filtered) [Adaptive;
2026.02.04 09:41:55;297917317;USDJPYm;sell;out;0.67; 156,540;400305964;0,00;0,00;0,00;- 7,28;12 370,91;;
2026.02.04 09:41:56;297917319;USDJPYm;buy;in;0.67; 156,546;400305969;0,00;0,00;0,00;0,00;12 370,91;KAMA Trend (Filtered) [Adaptive;
2026.02.04 09:42:13;297917456;USDJPYm;sell;out;0.67; 156,543;400306263;0,00;0,00;0,00;- 1,28;12 369,63;;
2026.02.04 09:42:14;297917467;USDJPYm;buy;in;0.67; 156,555;400306277;0,00;0,00;0,00;0,00;12 369,63;KAMA Trend (Filtered) [Adaptive;
2026.02.04 09:42:15;297917473;USDJPYm;sell;out;0.67; 156,542;400306287;0,00;0,00;0,00;- 5,56;12 364,07;;
2026.02.04 09:42:16;297917478;USDJPYm;buy;in;0.67; 156,551;400306290;0,00;0,00;0,00;0,00;12 364,07;KAMA Trend (Filtered) [Adaptive;
2026.02.04 09:42:22;297917516;USDJPYm;sell;out;0.67; 156,541;400306345;0,00;0,00;0,00;- 4,28;12 359,79;;
2026.02.04 09:42:23;297917538;USDJPYm;buy;in;0.67; 156,550;400306370;0,00;0,00;0,00;0,00;12 359,79;KAMA Trend (Filtered) [Adaptive;
2026.02.04 09:42:26;297917551;USDJPYm;sell;out;0.67; 156,541;400306387;0,00;0,00;0,00;- 3,85;12 355,94;;
2026.02.04 09:42:30;297917576;USDJPYm;buy;in;0.67; 156,553;400306422;0,00;0,00;0,00;0,00;12 355,94;KAMA Trend (Filtered) [Adaptive;
2026.02.04 09:42:31;297917581;USDJPYm;sell;out;0.67; 156,541;400306434;0,00;0,00;0,00;- 5,14;12 350,80;;
2026.02.04 09:42:33;297917588;USDJPYm;buy;in;0.67; 156,552;400306451;0,00;0,00;0,00;0,00;12 350,80;KAMA Trend (Filtered) [Adaptive;
2026.02.04 09:42:34;297917591;USDJPYm;sell;out;0.67; 156,543;400306467;0,00;0,00;0,00;- 3,85;12 346,95;;
2026.02.04 09:42:36;297917595;USDJPYm;buy;in;0.67; 156,552;400306489;0,00;0,00;0,00;0,00;12 346,95;KAMA Trend (Filtered) [Adaptive;
2026.02.04 09:42:37;297917599;USDJPYm;sell;out;0.67; 156,541;400306499;0,00;0,00;0,00;- 4,71;12 342,24;;
2026.02.04 09:42:38;297917605;USDJPYm;buy;in;0.67; 156,550;400306505;0,00;0,00;0,00;0,00;12 342,24;KAMA Trend (Filtered) [Adaptive;
2026.02.04 09:42:41;297917886;USDJPYm;sell;out;0.67; 156,546;400306805;0,00;0,00;0,00;- 1,71;12 340,53;;
2026.02.04 09:42:41;297917895;USDJPYm;buy;in;0.67; 156,546;400306819;0,00;0,00;0,00;0,00;12 340,53;KAMA Trend (Filtered) [Adaptive;
2026.02.04 09:42:48;297918008;USDJPYm;sell;out;0.67; 156,543;400306957;0,00;0,00;0,00;- 1,28;12 339,25;;
2026.02.04 09:42:48;297918011;USDJPYm;buy;in;0.67; 156,555;400306964;0,00;0,00;0,00;0,00;12 339,25;KAMA Trend (Filtered) [Adaptive;
2026.02.04 09:42:49;297918014;USDJPYm;sell;out;0.67; 156,541;400306969;0,00;0,00;0,00;- 5,99;12 333,26;;
2026.02.04 09:42:50;297918019;USDJPYm;buy;in;0.67; 156,552;400306976;0,00;0,00;0,00;0,00;12 333,26;KAMA Trend (Filtered) [Adaptive;
2026.02.04 09:42:51;297918026;USDJPYm;sell;out;0.67; 156,541;400306988;0,00;0,00;0,00;- 4,71;12 328,55;;
2026.02.04 09:42:52;297918033;USDJPYm;buy;in;0.67; 156,550;400307028;0,00;0,00;0,00;0,00;12 328,55;KAMA Trend (Filtered) [Adaptive;
2026.02.04 09:43:39;297918821;USDJPYm;sell;out;0.67; 156,547;400308097;0,00;0,00;0,00;- 1,28;12 327,27;;
2026.02.04 09:43:40;297918829;USDJPYm;buy;in;0.67; 156,558;400308117;0,00;0,00;0,00;0,00;12 327,27;KAMA Trend (Filtered) [Adaptive;
2026.02.04 09:43:41;297918843;USDJPYm;sell;out;0.67; 156,547;400308142;0,00;0,00;0,00;- 4,71;12 322,56;;
2026.02.04 09:43:42;297918849;USDJPYm;buy;in;0.66; 156,561;400308144;0,00;0,00;0,00;0,00;12 322,56;KAMA Trend (Filtered) [Adaptive;
2026.02.04 09:43:43;297918871;USDJPYm;sell;out;0.66; 156,549;400308163;0,00;0,00;0,00;- 5,06;12 317,50;;
2026.02.04 09:43:44;297918885;USDJPYm;buy;in;0.66; 156,558;400308186;0,00;0,00;0,00;0,00;12 317,50;KAMA Trend (Filtered) [Adaptive;
2026.02.04 09:43:47;297918902;USDJPYm;sell;out;0.66; 156,547;400308207;0,00;0,00;0,00;- 4,64;12 312,86;;
2026.02.04 09:43:50;297918909;USDJPYm;buy;in;0.66; 156,558;400308229;0,00;0,00;0,00;0,00;12 312,86;KAMA Trend (Filtered) [Adaptive;
2026.02.04 09:43:52;297918914;USDJPYm;sell;out;0.66; 156,547;400308243;0,00;0,00;0,00;- 4,64;12 308,22;;
2026.02.04 09:43:54;297918929;USDJPYm;buy;in;0.66; 156,556;400308298;0,00;0,00;0,00;0,00;12 308,22;KAMA Trend (Filtered) [Adaptive;
2026.02.04 09:43:55;297918941;USDJPYm;sell;out;0.66; 156,548;400308309;0,00;0,00;0,00;- 3,37;12 304,85;;
2026.02.04 09:43:58;297918958;USDJPYm;buy;in;0.66; 156,556;400308334;0,00;0,00;0,00;0,00;12 304,85;KAMA Trend (Filtered) [Adaptive;
2026.02.04 09:44:01;297918987;USDJPYm;sell;out;0.66; 156,546;400308396;0,00;0,00;0,00;- 4,22;12 300,63;;
2026.02.04 09:44:02;297918998;USDJPYm;buy;in;0.66; 156,559;400308441;0,00;0,00;0,00;0,00;12 300,63;KAMA Trend (Filtered) [Adaptive;
2026.02.04 09:44:03;297919001;USDJPYm;sell;out;0.66; 156,548;400308472;0,00;0,00;0,00;- 4,64;12 295,99;;
2026.02.04 09:44:04;297919002;USDJPYm;buy;in;0.66; 156,559;400308528;0,00;0,00;0,00;0,00;12 295,99;KAMA Trend (Filtered) [Adaptive;
2026.02.04 09:44:06;297919021;USDJPYm;sell;out;0.66; 156,548;400308569;0,00;0,00;0,00;- 4,64;12 291,35;;
2026.02.04 09:44:07;297919050;USDJPYm;buy;in;0.66; 156,556;400308597;0,00;0,00;0,00;0,00;12 291,35;KAMA Trend (Filtered) [Adaptive;
2026.02.04 09:44:10;297919063;USDJPYm;sell;out;0.66; 156,549;400308617;0,00;0,00;0,00;- 2,95;12 288,40;;
2026.02.04 09:44:11;297919064;USDJPYm;buy;in;0.66; 156,560;400308621;0,00;0,00;0,00;0,00;12 288,40;KAMA Trend (Filtered) [Adaptive;
2026.02.04 09:44:12;297919070;USDJPYm;sell;out;0.66; 156,547;400308628;0,00;0,00;0,00;- 5,48;12 282,92;;
2026.02.04 09:44:13;297919075;USDJPYm;buy;in;0.66; 156,560;400308635;0,00;0,00;0,00;0,00;12 282,92;KAMA Trend (Filtered) [Adaptive;
2026.02.04 09:44:13;297919077;USDJPYm;sell;out;0.66; 156,547;400308638;0,00;0,00;0,00;- 5,48;12 277,44;;
2026.02.04 09:44:15;297919091;USDJPYm;buy;in;0.66; 156,559;400308667;0,00;0,00;0,00;0,00;12 277,44;KAMA Trend (Filtered) [Adaptive;
2026.02.04 09:44:20;297919193;USDJPYm;sell;out;0.66; 156,551;400308802;0,00;0,00;0,00;- 3,37;12 274,07;;
2026.02.04 09:44:21;297919198;USDJPYm;buy;in;0.66; 156,560;400308809;0,00;0,00;0,00;0,00;12 274,07;KAMA Trend (Filtered) [Adaptive;
2026.02.04 09:44:24;297919241;USDJPYm;sell;out;0.66; 156,548;400308857;0,00;0,00;0,00;- 5,06;12 269,01;;
2026.02.04 09:44:25;297919246;USDJPYm;buy;in;0.66; 156,567;400308864;0,00;0,00;0,00;0,00;12 269,01;KAMA Trend (Filtered) [Adaptive;
2026.02.04 09:44:25;297919252;USDJPYm;sell;out;0.66; 156,554;400308873;0,00;0,00;0,00;- 5,48;12 263,53;;
2026.02.04 09:44:26;297919265;USDJPYm;buy;in;0.66; 156,563;400308888;0,00;0,00;0,00;0,00;12 263,53;KAMA Trend (Filtered) [Adaptive;
2026.02.04 09:44:27;297919277;USDJPYm;sell;out;0.66; 156,555;400308899;0,00;0,00;0,00;- 3,37;12 260,16;;
2026.02.04 09:44:28;297919281;USDJPYm;buy;in;0.66; 156,563;400308905;0,00;0,00;0,00;0,00;12 260,16;KAMA Trend (Filtered) [Adaptive;
2026.02.04 09:44:30;297919288;USDJPYm;sell;out;0.66; 156,556;400308920;0,00;0,00;0,00;- 2,95;12 257,21;;
2026.02.04 09:44:31;297919294;USDJPYm;buy;in;0.66; 156,563;400308923;0,00;0,00;0,00;0,00;12 257,21;KAMA Trend (Filtered) [Adaptive;
2026.02.04 09:44:32;297919320;USDJPYm;sell;out;0.66; 156,557;400308962;0,00;0,00;0,00;- 2,53;12 254,68;;
2026.02.04 09:44:34;297919375;USDJPYm;buy;in;0.66; 156,573;400309016;0,00;0,00;0,00;0,00;12 254,68;KAMA Trend (Filtered) [Adaptive;
2026.02.04 09:44:38;297919453;USDJPYm;sell;out;0.66; 156,562;400309126;0,00;0,00;0,00;- 4,64;12 250,04;;
2026.02.04 09:44:39;297919462;USDJPYm;buy;in;0.66; 156,585;400309139;0,00;0,00;0,00;0,00;12 250,04;KAMA Trend (Filtered) [Adaptive;
2026.02.04 09:44:39;297919466;USDJPYm;sell;out;0.66; 156,577;400309141;0,00;0,00;0,00;- 3,37;12 246,67;;
2026.02.04 09:44:40;297919566;USDJPYm;buy;in;0.66; 156,585;400309280;0,00;0,00;0,00;0,00;12 246,67;KAMA Trend (Filtered) [Adaptive;
2026.02.04 09:44:45;297919735;USDJPYm;sell;out;0.66; 156,578;400309450;0,00;0,00;0,00;- 2,95;12 243,72;;
2026.02.04 09:44:46;297919749;USDJPYm;buy;in;0.66; 156,587;400309488;0,00;0,00;0,00;0,00;12 243,72;KAMA Trend (Filtered) [Adaptive;
2026.02.04 09:44:47;297919762;USDJPYm;sell;out;0.66; 156,574;400309500;0,00;0,00;0,00;- 5,48;12 238,24;;
2026.02.04 09:44:48;297919789;USDJPYm;buy;in;0.66; 156,583;400309520;0,00;0,00;0,00;0,00;12 238,24;KAMA Trend (Filtered) [Adaptive;
2026.02.04 09:44:49;297919801;USDJPYm;sell;out;0.66; 156,574;400309542;0,00;0,00;0,00;- 3,79;12 234,45;;
2026.02.04 09:44:52;297919822;USDJPYm;buy;in;0.66; 156,585;400309566;0,00;0,00;0,00;0,00;12 234,45;KAMA Trend (Filtered) [Adaptive;
2026.02.04 09:45:00;297919919;USDJPYm;sell;out;0.66; 156,575;400309725;0,00;0,00;0,00;- 4,22;12 230,23;;
2026.02.04 09:45:02;297919983;USDJPYm;buy;in;0.66; 156,586;400309845;0,00;0,00;0,00;0,00;12 230,23;KAMA Trend (Filtered) [Adaptive;
2026.02.04 09:45:05;297920011;USDJPYm;sell;out;0.66; 156,574;400309891;0,00;0,00;0,00;- 5,06;12 225,17;;
2026.02.04 09:45:06;297920022;USDJPYm;buy;in;0.66; 156,583;400309920;0,00;0,00;0,00;0,00;12 225,17;KAMA Trend (Filtered) [Adaptive;
2026.02.04 09:45:06;297920029;USDJPYm;sell;out;0.66; 156,576;400309942;0,00;0,00;0,00;- 2,95;12 222,22;;
2026.02.04 09:45:08;297920037;USDJPYm;buy;in;0.66; 156,585;400309976;0,00;0,00;0,00;0,00;12 222,22;KAMA Trend (Filtered) [Adaptive;
2026.02.04 09:45:09;297920042;USDJPYm;sell;out;0.66; 156,573;400309990;0,00;0,00;0,00;- 5,06;12 217,16;;
2026.02.04 09:45:10;297920058;USDJPYm;buy;in;0.66; 156,590;400310012;0,00;0,00;0,00;0,00;12 217,16;KAMA Trend (Filtered) [Adaptive;
2026.02.04 09:45:11;297920075;USDJPYm;sell;out;0.66; 156,582;400310035;0,00;0,00;0,00;- 3,37;12 213,79;;
2026.02.04 09:45:13;297920086;USDJPYm;buy;in;0.66; 156,590;400310050;0,00;0,00;0,00;0,00;12 213,79;KAMA Trend (Filtered) [Adaptive;
2026.02.04 09:45:15;297920092;USDJPYm;sell;out;0.66; 156,584;400310067;0,00;0,00;0,00;- 2,53;12 211,26;;
2026.02.04 09:45:16;297920099;USDJPYm;buy;in;0.66; 156,587;400310091;0,00;0,00;0,00;0,00;12 211,26;KAMA Trend (Filtered) [Adaptive;
2026.02.04 09:45:17;297920111;USDJPYm;sell;out;0.66; 156,579;400310106;0,00;0,00;0,00;- 3,37;12 207,89;;
2026.02.04 09:45:19;297920129;USDJPYm;buy;in;0.66; 156,588;400310124;0,00;0,00;0,00;0,00;12 207,89;KAMA Trend (Filtered) [Adaptive;
2026.02.04 09:45:23;297920143;USDJPYm;sell;out;0.66; 156,583;400310152;0,00;0,00;0,00;- 2,11;12 205,78;;
2026.02.04 09:45:25;297920154;USDJPYm;buy;in;0.66; 156,589;400310171;0,00;0,00;0,00;0,00;12 205,78;KAMA Trend (Filtered) [Adaptive;
2026.02.04 09:45:25;297920157;USDJPYm;sell;out;0.66; 156,582;400310173;0,00;0,00;0,00;- 2,95;12 202,83;;
2026.02.04 09:45:26;297920162;USDJPYm;buy;in;0.66; 156,591;400310186;0,00;0,00;0,00;0,00;12 202,83;KAMA Trend (Filtered) [Adaptive;
2026.02.04 09:45:28;297920167;USDJPYm;sell;out;0.66; 156,580;400310196;0,00;0,00;0,00;- 4,64;12 198,19;;
2026.02.04 09:45:28;297920169;USDJPYm;buy;in;0.66; 156,588;400310201;0,00;0,00;0,00;0,00;12 198,19;KAMA Trend (Filtered) [Adaptive;
2026.02.04 09:45:29;297920173;USDJPYm;sell;out;0.66; 156,577;400310203;0,00;0,00;0,00;- 4,64;12 193,55;;
2026.02.04 09:45:31;297920179;USDJPYm;buy;in;0.66; 156,588;400310212;0,00;0,00;0,00;0,00;12 193,55;KAMA Trend (Filtered) [Adaptive;
2026.02.04 09:45:33;297920181;USDJPYm;sell;out;0.66; 156,579;400310220;0,00;0,00;0,00;- 3,79;12 189,76;;
2026.02.04 09:45:35;297920184;USDJPYm;buy;in;0.66; 156,593;400310232;0,00;0,00;0,00;0,00;12 189,76;KAMA Trend (Filtered) [Adaptive;
2026.02.04 09:45:38;297920187;USDJPYm;sell;out;0.66; 156,584;400310244;0,00;0,00;0,00;- 3,79;12 185,97;;
2026.02.04 09:45:39;297920197;USDJPYm;buy;in;0.66; 156,593;400310259;0,00;0,00;0,00;0,00;12 185,97;KAMA Trend (Filtered) [Adaptive;
2026.02.04 09:45:40;297920210;USDJPYm;sell;out;0.66; 156,584;400310277;0,00;0,00;0,00;- 3,79;12 182,18;;
2026.02.04 09:45:42;297920215;USDJPYm;buy;in;0.66; 156,595;400310298;0,00;0,00;0,00;0,00;12 182,18;KAMA Trend (Filtered) [Adaptive;
2026.02.04 09:45:44;297920219;USDJPYm;sell;out;0.66; 156,586;400310304;0,00;0,00;0,00;- 3,79;12 178,39;;
2026.02.04 09:45:45;297920224;USDJPYm;buy;in;0.66; 156,594;400310311;0,00;0,00;0,00;0,00;12 178,39;KAMA Trend (Filtered) [Adaptive;
2026.02.04 09:45:47;297920229;USDJPYm;sell;out;0.66; 156,581;400310327;0,00;0,00;0,00;- 5,48;12 172,91;;
2026.02.04 09:45:48;297920230;USDJPYm;buy;in;0.66; 156,590;400310330;0,00;0,00;0,00;0,00;12 172,91;KAMA Trend (Filtered) [Adaptive;
2026.02.04 09:45:50;297920236;USDJPYm;sell;out;0.66; 156,585;400310338;0,00;0,00;0,00;- 2,11;12 170,80;;
2026.02.04 09:45:53;297920244;USDJPYm;buy;in;0.66; 156,594;400310367;0,00;0,00;0,00;0,00;12 170,80;KAMA Trend (Filtered) [Adaptive;
2026.02.04 09:45:59;297920254;USDJPYm;sell;out;0.66; 156,583;400310394;0,00;0,00;0,00;- 4,64;12 166,16;;
2026.02.04 09:46:00;297920268;USDJPYm;buy;in;0.66; 156,592;400310436;0,00;0,00;0,00;0,00;12 166,16;KAMA Trend (Filtered) [Adaptive;
2026.02.04 09:46:01;297920278;USDJPYm;sell;out;0.66; 156,583;400310467;0,00;0,00;0,00;- 3,79;12 162,37;;
2026.02.04 09:46:02;297920283;USDJPYm;buy;in;0.66; 156,591;400310490;0,00;0,00;0,00;0,00;12 162,37;KAMA Trend (Filtered) [Adaptive;
2026.02.04 09:46:03;297920293;USDJPYm;sell;out;0.66; 156,582;400310532;0,00;0,00;0,00;- 3,79;12 158,58;;
2026.02.04 09:46:05;297920304;USDJPYm;buy;in;0.66; 156,593;400310551;0,00;0,00;0,00;0,00;12 158,58;KAMA Trend (Filtered) [Adaptive;
2026.02.04 09:46:07;297920333;USDJPYm;sell;out;0.66; 156,584;400310628;0,00;0,00;0,00;- 3,79;12 154,79;;
2026.02.04 09:46:08;297920347;USDJPYm;buy;in;0.66; 156,593;400310649;0,00;0,00;0,00;0,00;12 154,79;KAMA Trend (Filtered) [Adaptive;
2026.02.04 09:46:10;297920359;USDJPYm;sell;out;0.66; 156,582;400310678;0,00;0,00;0,00;- 4,64;12 150,15;;
2026.02.04 09:46:11;297920373;USDJPYm;buy;in;0.66; 156,593;400310695;0,00;0,00;0,00;0,00;12 150,15;KAMA Trend (Filtered) [Adaptive;
2026.02.04 09:46:13;297920405;USDJPYm;sell;out;0.66; 156,585;400310752;0,00;0,00;0,00;- 3,37;12 146,78;;
2026.02.04 09:46:15;297920409;USDJPYm;buy;in;0.66; 156,594;400310763;0,00;0,00;0,00;0,00;12 146,78;KAMA Trend (Filtered) [Adaptive;
2026.02.04 09:46:15;297920413;USDJPYm;sell;out;0.66; 156,593;400310775;0,00;0,00;0,00;- 0,42;12 146,36;;
2026.02.04 09:46:17;297920421;USDJPYm;buy;in;0.66; 156,604;400310807;0,00;0,00;0,00;0,00;12 146,36;KAMA Trend (Filtered) [Adaptive;
2026.02.04 09:46:19;297920427;USDJPYm;sell;out;0.66; 156,585;400310822;0,00;0,00;0,00;- 8,01;12 138,35;;
2026.02.04 09:46:20;297920432;USDJPYm;buy;in;0.66; 156,601;400310831;0,00;0,00;0,00;0,00;12 138,35;KAMA Trend (Filtered) [Adaptive;
2026.02.04 09:46:21;297920437;USDJPYm;sell;out;0.66; 156,585;400310848;0,00;0,00;0,00;- 6,74;12 131,61;;
2026.02.04 09:46:21;297920438;USDJPYm;buy;in;0.65; 156,598;400310851;0,00;0,00;0,00;0,00;12 131,61;KAMA Trend (Filtered) [Adaptive;
2026.02.04 09:46:22;297920442;USDJPYm;sell;out;0.65; 156,587;400310875;0,00;0,00;0,00;- 4,57;12 127,04;;
2026.02.04 09:46:25;297920454;USDJPYm;buy;in;0.65; 156,596;400310904;0,00;0,00;0,00;0,00;12 127,04;KAMA Trend (Filtered) [Adaptive;
2026.02.04 09:46:27;297920460;USDJPYm;sell;out;0.65; 156,585;400310925;0,00;0,00;0,00;- 4,57;12 122,47;;
2026.02.04 09:46:28;297920466;USDJPYm;buy;in;0.65; 156,594;400310948;0,00;0,00;0,00;0,00;12 122,47;KAMA Trend (Filtered) [Adaptive;
2026.02.04 09:46:33;297920481;USDJPYm;sell;out;0.65; 156,586;400310981;0,00;0,00;0,00;- 3,32;12 119,15;;
2026.02.04 09:46:34;297920536;USDJPYm;buy;in;0.65; 156,604;400311070;0,00;0,00;0,00;0,00;12 119,15;KAMA Trend (Filtered) [Adaptive;
2026.02.04 09:46:35;297920666;USDJPYm;sell;out;0.65; 156,593;400311163;0,00;0,00;0,00;- 4,57;12 114,58;;
2026.02.04 09:46:37;297920756;USDJPYm;buy;in;0.65; 156,602;400311229;0,00;0,00;0,00;0,00;12 114,58;KAMA Trend (Filtered) [Adaptive;
2026.02.04 09:46:39;297920793;USDJPYm;sell;out;0.65; 156,612;400311276;0,00;0,00;0,00; 4,15;12 118,73;;
2026.02.04 09:46:39;297920798;USDJPYm;buy;in;0.65; 156,619;400311282;0,00;0,00;0,00;0,00;12 118,73;KAMA Trend (Filtered) [Adaptive;
2026.02.04 09:46:39;297920802;USDJPYm;sell;out;0.65; 156,606;400311286;0,00;0,00;0,00;- 5,40;12 113,33;;
2026.02.04 09:46:40;297920806;USDJPYm;buy;in;0.65; 156,620;400311312;0,00;0,00;0,00;0,00;12 113,33;KAMA Trend (Filtered) [Adaptive;
2026.02.04 09:46:41;297920809;USDJPYm;sell;out;0.65; 156,620;400311319;0,00;0,00;0,00;0,00;12 113,33;;
2026.02.04 09:46:44;297920862;USDJPYm;buy;in;0.65; 156,632;400311434;0,00;0,00;0,00;0,00;12 113,33;KAMA Trend (Filtered) [Adaptive;
2026.02.04 09:46:48;297920926;USDJPYm;sell;out;0.65; 156,616;400311532;0,00;0,00;0,00;- 6,64;12 106,69;;
2026.02.04 09:46:50;297920960;USDJPYm;buy;in;0.65; 156,628;400311565;0,00;0,00;0,00;0,00;12 106,69;KAMA Trend (Filtered) [Adaptive;
2026.02.04 09:46:51;297920973;USDJPYm;sell;out;0.65; 156,619;400311577;0,00;0,00;0,00;- 3,74;12 102,95;;
2026.02.04 09:46:52;297920979;USDJPYm;buy;in;0.65; 156,632;400311588;0,00;0,00;0,00;0,00;12 102,95;KAMA Trend (Filtered) [Adaptive;
2026.02.04 09:46:54;297920989;USDJPYm;sell;out;0.65; 156,623;400311607;0,00;0,00;0,00;- 3,74;12 099,21;;
2026.02.04 09:46:55;297920998;USDJPYm;buy;in;0.65; 156,637;400311612;0,00;0,00;0,00;0,00;12 099,21;KAMA Trend (Filtered) [Adaptive;
2026.02.04 09:46:56;297921002;USDJPYm;sell;out;0.65; 156,626;400311616;0,00;0,00;0,00;- 4,57;12 094,64;;
2026.02.04 09:46:57;297921005;USDJPYm;buy;in;0.65; 156,635;400311622;0,00;0,00;0,00;0,00;12 094,64;KAMA Trend (Filtered) [Adaptive;
2026.02.04 09:46:58;297921013;USDJPYm;sell;out;0.65; 156,626;400311646;0,00;0,00;0,00;- 3,74;12 090,90;;
2026.02.04 09:46:59;297921021;USDJPYm;buy;in;0.65; 156,635;400311656;0,00;0,00;0,00;0,00;12 090,90;KAMA Trend (Filtered) [Adaptive;
2026.02.04 09:47:00;297921040;USDJPYm;sell;out;0.65; 156,625;400311701;0,00;0,00;0,00;- 4,15;12 086,75;;
2026.02.04 09:47:03;297921071;USDJPYm;buy;in;0.65; 156,633;400311811;0,00;0,00;0,00;0,00;12 086,75;KAMA Trend (Filtered) [Adaptive;
2026.02.04 09:47:04;297921079;USDJPYm;sell;out;0.65; 156,621;400311834;0,00;0,00;0,00;- 4,98;12 081,77;;
2026.02.04 09:47:06;297921152;USDJPYm;buy;in;0.65; 156,627;400311873;0,00;0,00;0,00;0,00;12 081,77;KAMA Trend (Filtered) [Adaptive;
2026.02.04 09:47:08;297921160;USDJPYm;sell;out;0.65; 156,613;400311937;0,00;0,00;0,00;- 5,81;12 075,96;;
2026.02.04 09:47:08;297921162;USDJPYm;buy;in;0.65; 156,621;400311941;0,00;0,00;0,00;0,00;12 075,96;KAMA Trend (Filtered) [Adaptive;
2026.02.04 09:47:08;297921165;USDJPYm;sell;out;0.65; 156,617;400311944;0,00;0,00;0,00;- 1,66;12 074,30;;
2026.02.04 09:47:09;297921170;USDJPYm;buy;in;0.65; 156,626;400311953;0,00;0,00;0,00;0,00;12 074,30;KAMA Trend (Filtered) [Adaptive;
2026.02.04 09:47:10;297921171;USDJPYm;sell;out;0.65; 156,613;400311957;0,00;0,00;0,00;- 5,40;12 068,90;;
2026.02.04 09:47:10;297921172;USDJPYm;buy;in;0.65; 156,621;400311961;0,00;0,00;0,00;0,00;12 068,90;KAMA Trend (Filtered) [Adaptive;
2026.02.04 09:47:11;297921174;USDJPYm;sell;out;0.65; 156,612;400311969;0,00;0,00;0,00;- 3,74;12 065,16;;
2026.02.04 09:47:13;297921178;USDJPYm;buy;in;0.65; 156,629;400311984;0,00;0,00;0,00;0,00;12 065,16;KAMA Trend (Filtered) [Adaptive;
2026.02.04 09:47:13;297921179;USDJPYm;sell;out;0.65; 156,616;400311985;0,00;0,00;0,00;- 5,40;12 059,76;;
2026.02.04 09:47:15;297921182;USDJPYm;buy;in;0.65; 156,624;400311997;0,00;0,00;0,00;0,00;12 059,76;KAMA Trend (Filtered) [Adaptive;
2026.02.04 09:47:16;297921184;USDJPYm;sell;out;0.65; 156,612;400312005;0,00;0,00;0,00;- 4,98;12 054,78;;
2026.02.04 09:47:17;297921186;USDJPYm;buy;in;0.65; 156,623;400312015;0,00;0,00;0,00;0,00;12 054,78;KAMA Trend (Filtered) [Adaptive;
2026.02.04 09:47:18;297921191;USDJPYm;sell;out;0.65; 156,611;400312024;0,00;0,00;0,00;- 4,98;12 049,80;;
2026.02.04 09:47:20;297921224;USDJPYm;buy;in;0.65; 156,618;400312060;0,00;0,00;0,00;0,00;12 049,80;KAMA Trend (Filtered) [Adaptive;
2026.02.04 09:47:21;297921231;USDJPYm;sell;out;0.65; 156,611;400312068;0,00;0,00;0,00;- 2,91;12 046,89;;
2026.02.04 09:47:22;297921236;USDJPYm;buy;in;0.65; 156,620;400312074;0,00;0,00;0,00;0,00;12 046,89;KAMA Trend (Filtered) [Adaptive;
2026.02.04 09:47:24;297921253;USDJPYm;sell;out;0.65; 156,611;400312098;0,00;0,00;0,00;- 3,74;12 043,15;;
2026.02.04 09:47:26;297921274;USDJPYm;buy;in;0.65; 156,620;400312130;0,00;0,00;0,00;0,00;12 043,15;KAMA Trend (Filtered) [Adaptive;
2026.02.04 09:47:27;297921283;USDJPYm;sell;out;0.65; 156,608;400312138;0,00;0,00;0,00;- 4,98;12 038,17;;
2026.02.04 09:47:28;297921286;USDJPYm;buy;in;0.65; 156,624;400312144;0,00;0,00;0,00;0,00;12 038,17;KAMA Trend (Filtered) [Adaptive;
2026.02.04 09:47:30;297921290;USDJPYm;sell;out;0.65; 156,612;400312156;0,00;0,00;0,00;- 4,98;12 033,19;;
2026.02.04 09:47:31;297921299;USDJPYm;buy;in;0.65; 156,623;400312179;0,00;0,00;0,00;0,00;12 033,19;KAMA Trend (Filtered) [Adaptive;
2026.02.04 09:47:34;297921329;USDJPYm;sell;out;0.65; 156,612;400312220;0,00;0,00;0,00;- 4,57;12 028,62;;
2026.02.04 09:47:35;297921338;USDJPYm;buy;in;0.65; 156,631;400312231;0,00;0,00;0,00;0,00;12 028,62;KAMA Trend (Filtered) [Adaptive;
2026.02.04 09:47:36;297921346;USDJPYm;sell;out;0.65; 156,620;400312253;0,00;0,00;0,00;- 4,57;12 024,05;;
2026.02.04 09:47:37;297921358;USDJPYm;buy;in;0.65; 156,634;400312264;0,00;0,00;0,00;0,00;12 024,05;KAMA Trend (Filtered) [Adaptive;
2026.02.04 09:47:38;297921367;USDJPYm;sell;out;0.65; 156,622;400312278;0,00;0,00;0,00;- 4,98;12 019,07;;
2026.02.04 09:47:39;297921382;USDJPYm;buy;in;0.65; 156,633;400312290;0,00;0,00;0,00;0,00;12 019,07;KAMA Trend (Filtered) [Adaptive;
2026.02.04 09:47:42;297921388;USDJPYm;sell;out;0.65; 156,622;400312304;0,00;0,00;0,00;- 4,57;12 014,50;;
2026.02.04 09:47:43;297921389;USDJPYm;buy;in;0.65; 156,631;400312308;0,00;0,00;0,00;0,00;12 014,50;KAMA Trend (Filtered) [Adaptive;
2026.02.04 09:47:44;297921392;USDJPYm;sell;out;0.65; 156,626;400312315;0,00;0,00;0,00;- 2,08;12 012,42;;
2026.02.04 09:47:45;297921405;USDJPYm;buy;in;0.65; 156,635;400312340;0,00;0,00;0,00;0,00;12 012,42;KAMA Trend (Filtered) [Adaptive;
2026.02.04 09:47:49;297921429;USDJPYm;sell;out;0.65; 156,622;400312395;0,00;0,00;0,00;- 5,40;12 007,02;;
2026.02.04 09:47:50;297921438;USDJPYm;buy;in;0.65; 156,640;400312406;0,00;0,00;0,00;0,00;12 007,02;KAMA Trend (Filtered) [Adaptive;
2026.02.04 09:47:51;297921447;USDJPYm;sell;out;0.65; 156,631;400312414;0,00;0,00;0,00;- 3,73;12 003,29;;
2026.02.04 09:47:52;297921451;USDJPYm;buy;in;0.65; 156,639;400312422;0,00;0,00;0,00;0,00;12 003,29;KAMA Trend (Filtered) [Adaptive;
2026.02.04 09:47:54;297921462;USDJPYm;sell;out;0.65; 156,628;400312442;0,00;0,00;0,00;- 4,56;11 998,73;;
2026.02.04 09:47:57;297921490;USDJPYm;buy;in;0.65; 156,637;400312485;0,00;0,00;0,00;0,00;11 998,73;KAMA Trend (Filtered) [Adaptive;
2026.02.04 09:48:00;297921509;USDJPYm;sell;out;0.65; 156,628;400312506;0,00;0,00;0,00;- 3,73;11 995,00;;
2026.02.04 09:48:01;297921571;USDJPYm;buy;in;0.65; 156,639;400312610;0,00;0,00;0,00;0,00;11 995,00;KAMA Trend (Filtered) [Adaptive;
2026.02.04 09:48:02;297921607;USDJPYm;sell;out;0.65; 156,637;400312669;0,00;0,00;0,00;- 0,83;11 994,17;;
2026.02.04 09:48:02;297921611;USDJPYm;buy;in;0.65; 156,648;400312675;0,00;0,00;0,00;0,00;11 994,17;KAMA Trend (Filtered) [Adaptive;
2026.02.04 09:48:03;297921614;USDJPYm;sell;out;0.65; 156,634;400312681;0,00;0,00;0,00;- 5,81;11 988,36;;
2026.02.04 09:48:03;297921618;USDJPYm;buy;in;0.65; 156,638;400312697;0,00;0,00;0,00;0,00;11 988,36;KAMA Trend (Filtered) [Adaptive;
2026.02.04 09:48:03;297921625;USDJPYm;sell;out;0.65; 156,626;400312708;0,00;0,00;0,00;- 4,98;11 983,38;;
2026.02.04 09:48:04;297921633;USDJPYm;buy;in;0.65; 156,638;400312737;0,00;0,00;0,00;0,00;11 983,38;KAMA Trend (Filtered) [Adaptive;
2026.02.04 09:48:06;297921693;USDJPYm;sell;out;0.65; 156,630;400312857;0,00;0,00;0,00;- 3,32;11 980,06;;
2026.02.04 09:48:07;297921705;USDJPYm;buy;in;0.65; 156,637;400312872;0,00;0,00;0,00;0,00;11 980,06;KAMA Trend (Filtered) [Adaptive;
2026.02.04 09:48:07;297921720;USDJPYm;sell;out;0.65; 156,625;400312906;0,00;0,00;0,00;- 4,98;11 975,08;;
2026.02.04 09:48:08;297921732;USDJPYm;buy;in;0.65; 156,633;400312940;0,00;0,00;0,00;0,00;11 975,08;KAMA Trend (Filtered) [Adaptive;
2026.02.04 09:48:10;297921753;USDJPYm;sell;out;0.65; 156,625;400312989;0,00;0,00;0,00;- 3,32;11 971,76;;
2026.02.04 09:48:11;297921756;USDJPYm;buy;in;0.65; 156,633;400312995;0,00;0,00;0,00;0,00;11 971,76;KAMA Trend (Filtered) [Adaptive;
2026.02.04 09:48:12;297921765;USDJPYm;sell;out;0.65; 156,617;400313013;0,00;0,00;0,00;- 6,64;11 965,12;;
2026.02.04 09:48:12;297921769;USDJPYm;buy;in;0.65; 156,624;400313021;0,00;0,00;0,00;0,00;11 965,12;KAMA Trend (Filtered) [Adaptive;
2026.02.04 09:48:13;297921778;USDJPYm;sell;out;0.65; 156,611;400313033;0,00;0,00;0,00;- 5,40;11 959,72;;
2026.02.04 09:48:14;297921804;USDJPYm;buy;in;0.65; 156,618;400313065;0,00;0,00;0,00;0,00;11 959,72;KAMA Trend (Filtered) [Adaptive;
2026.02.04 09:48:15;297921805;USDJPYm;sell;out;0.65; 156,607;400313072;0,00;0,00;0,00;- 4,57;11 955,15;;
2026.02.04 09:48:16;297921808;USDJPYm;buy;in;0.65; 156,618;400313095;0,00;0,00;0,00;0,00;11 955,15;KAMA Trend (Filtered) [Adaptive;
2026.02.04 09:48:17;297921813;USDJPYm;sell;out;0.65; 156,602;400313106;0,00;0,00;0,00;- 6,64;11 948,51;;
2026.02.04 09:48:18;297921826;USDJPYm;buy;in;0.64; 156,615;400313118;0,00;0,00;0,00;0,00;11 948,51;KAMA Trend (Filtered) [Adaptive;
2026.02.04 09:48:19;297921836;USDJPYm;sell;out;0.64; 156,606;400313132;0,00;0,00;0,00;- 3,68;11 944,83;;
2026.02.04 09:48:22;297921853;USDJPYm;buy;in;0.64; 156,617;400313162;0,00;0,00;0,00;0,00;11 944,83;KAMA Trend (Filtered) [Adaptive;
2026.02.04 09:48:23;297921859;USDJPYm;sell;out;0.64; 156,604;400313170;0,00;0,00;0,00;- 5,31;11 939,52;;
2026.02.04 09:48:24;297921861;USDJPYm;buy;in;0.64; 156,615;400313172;0,00;0,00;0,00;0,00;11 939,52;KAMA Trend (Filtered) [Adaptive;
2026.02.04 09:48:25;297921867;USDJPYm;sell;out;0.64; 156,604;400313187;0,00;0,00;0,00;- 4,50;11 935,02;;
2026.02.04 09:48:27;297921872;USDJPYm;buy;in;0.64; 156,612;400313194;0,00;0,00;0,00;0,00;11 935,02;KAMA Trend (Filtered) [Adaptive;
2026.02.04 09:48:27;297921873;USDJPYm;sell;out;0.64; 156,605;400313195;0,00;0,00;0,00;- 2,86;11 932,16;;
2026.02.04 09:48:28;297921876;USDJPYm;buy;in;0.64; 156,625;400313200;0,00;0,00;0,00;0,00;11 932,16;KAMA Trend (Filtered) [Adaptive;
2026.02.04 09:48:30;297921880;USDJPYm;sell;out;0.64; 156,614;400313211;0,00;0,00;0,00;- 4,50;11 927,66;;
2026.02.04 09:48:31;297921929;USDJPYm;buy;in;0.64; 156,622;400313292;0,00;0,00;0,00;0,00;11 927,66;KAMA Trend (Filtered) [Adaptive;
2026.02.04 09:48:31;297921944;USDJPYm;sell;out;0.64; 156,615;400313298;0,00;0,00;0,00;- 2,86;11 924,80;;
2026.02.04 09:48:31;297921958;USDJPYm;buy;in;0.64; 156,626;400313306;0,00;0,00;0,00;0,00;11 924,80;KAMA Trend (Filtered) [Adaptive;
2026.02.04 09:48:32;297921980;USDJPYm;sell;out;0.64; 156,618;400313321;0,00;0,00;0,00;- 3,27;11 921,53;;
2026.02.04 09:48:33;297922001;USDJPYm;buy;in;0.64; 156,636;400313346;0,00;0,00;0,00;0,00;11 921,53;KAMA Trend (Filtered) [Adaptive;
2026.02.04 09:48:33;297922007;USDJPYm;sell;out;0.64; 156,622;400313356;0,00;0,00;0,00;- 5,72;11 915,81;;
2026.02.04 09:48:35;297922031;USDJPYm;buy;in;0.64; 156,631;400313385;0,00;0,00;0,00;0,00;11 915,81;KAMA Trend (Filtered) [Adaptive;
2026.02.04 09:48:37;297922052;USDJPYm;sell;out;0.64; 156,618;400313416;0,00;0,00;0,00;- 5,31;11 910,50;;
2026.02.04 09:48:39;297922059;USDJPYm;buy;in;0.64; 156,630;400313425;0,00;0,00;0,00;0,00;11 910,50;KAMA Trend (Filtered) [Adaptive;
2026.02.04 09:48:39;297922068;USDJPYm;sell;out;0.64; 156,621;400313435;0,00;0,00;0,00;- 3,68;11 906,82;;
2026.02.04 09:48:41;297922075;USDJPYm;buy;in;0.64; 156,630;400313455;0,00;0,00;0,00;0,00;11 906,82;KAMA Trend (Filtered) [Adaptive;
2026.02.04 09:48:44;297922112;USDJPYm;sell;out;0.64; 156,623;400313502;0,00;0,00;0,00;- 2,86;11 903,96;;
2026.02.04 09:48:46;297922122;USDJPYm;buy;in;0.64; 156,634;400313533;0,00;0,00;0,00;0,00;11 903,96;KAMA Trend (Filtered) [Adaptive;
2026.02.04 09:48:47;297922130;USDJPYm;sell;out;0.64; 156,626;400313552;0,00;0,00;0,00;- 3,27;11 900,69;;
2026.02.04 09:48:48;297922152;USDJPYm;buy;in;0.64; 156,633;400313603;0,00;0,00;0,00;0,00;11 900,69;KAMA Trend (Filtered) [Adaptive;
2026.02.04 09:48:49;297922194;USDJPYm;sell;out;0.64; 156,624;400313631;0,00;0,00;0,00;- 3,68;11 897,01;;
2026.02.04 09:48:49;297922218;USDJPYm;buy;in;0.64; 156,631;400313650;0,00;0,00;0,00;0,00;11 897,01;KAMA Trend (Filtered) [Adaptive;
2026.02.04 09:48:49;297922233;USDJPYm;sell;out;0.64; 156,624;400313706;0,00;0,00;0,00;- 2,86;11 894,15;;
2026.02.04 09:48:50;297922259;USDJPYm;buy;in;0.64; 156,636;400313750;0,00;0,00;0,00;0,00;11 894,15;KAMA Trend (Filtered) [Adaptive;
2026.02.04 09:48:50;297922274;USDJPYm;sell;out;0.64; 156,623;400313777;0,00;0,00;0,00;- 5,31;11 888,84;;
2026.02.04 09:48:51;297922302;USDJPYm;buy;in;0.64; 156,635;400313815;0,00;0,00;0,00;0,00;11 888,84;KAMA Trend (Filtered) [Adaptive;
2026.02.04 09:48:53;297922318;USDJPYm;sell;out;0.64; 156,622;400313846;0,00;0,00;0,00;- 5,31;11 883,53;;
2026.02.04 09:48:54;297922331;USDJPYm;buy;in;0.64; 156,633;400313862;0,00;0,00;0,00;0,00;11 883,53;KAMA Trend (Filtered) [Adaptive;
2026.02.04 09:48:55;297922352;USDJPYm;sell;out;0.64; 156,624;400313887;0,00;0,00;0,00;- 3,68;11 879,85;;
2026.02.04 09:48:56;297922361;USDJPYm;buy;in;0.64; 156,635;400313899;0,00;0,00;0,00;0,00;11 879,85;KAMA Trend (Filtered) [Adaptive;
2026.02.04 09:48:56;297922365;USDJPYm;sell;out;0.64; 156,627;400313906;0,00;0,00;0,00;- 3,27;11 876,58;;
2026.02.04 09:48:58;297922387;USDJPYm;buy;in;0.64; 156,634;400313950;0,00;0,00;0,00;0,00;11 876,58;KAMA Trend (Filtered) [Adaptive;
2026.02.04 09:48:59;297922396;USDJPYm;sell;out;0.64; 156,622;400313968;0,00;0,00;0,00;- 4,90;11 871,68;;
2026.02.04 09:49:01;297922428;USDJPYm;buy;in;0.64; 156,633;400314016;0,00;0,00;0,00;0,00;11 871,68;KAMA Trend (Filtered) [Adaptive;
2026.02.04 09:49:01;297922440;USDJPYm;sell;out;0.64; 156,614;400314048;0,00;0,00;0,00;- 7,76;11 863,92;;
2026.02.04 09:49:02;297922448;USDJPYm;buy;in;0.64; 156,622;400314071;0,00;0,00;0,00;0,00;11 863,92;KAMA Trend (Filtered) [Adaptive;
2026.02.04 09:49:03;297922472;USDJPYm;sell;out;0.64; 156,617;400314098;0,00;0,00;0,00;- 2,04;11 861,88;;
2026.02.04 09:49:03;297922475;USDJPYm;buy;in;0.64; 156,622;400314109;0,00;0,00;0,00;0,00;11 861,88;KAMA Trend (Filtered) [Adaptive;
2026.02.04 09:49:04;297922489;USDJPYm;sell;out;0.64; 156,617;400314130;0,00;0,00;0,00;- 2,04;11 859,84;;
2026.02.04 09:49:05;297922493;USDJPYm;buy;in;0.64; 156,631;400314146;0,00;0,00;0,00;0,00;11 859,84;KAMA Trend (Filtered) [Adaptive;
2026.02.04 09:49:05;297922498;USDJPYm;sell;out;0.64; 156,622;400314162;0,00;0,00;0,00;- 3,68;11 856,16;;
2026.02.04 09:49:07;297922508;USDJPYm;buy;in;0.64; 156,630;400314179;0,00;0,00;0,00;0,00;11 856,16;KAMA Trend (Filtered) [Adaptive;
2026.02.04 09:49:10;297922516;USDJPYm;sell;out;0.64; 156,619;400314191;0,00;0,00;0,00;- 4,49;11 851,67;;
2026.02.04 09:49:10;297922517;USDJPYm;buy;in;0.64; 156,632;400314196;0,00;0,00;0,00;0,00;11 851,67;KAMA Trend (Filtered) [Adaptive;
2026.02.04 09:49:12;297922534;USDJPYm;sell;out;0.64; 156,621;400314231;0,00;0,00;0,00;- 4,49;11 847,18;;
2026.02.04 09:49:13;297922553;USDJPYm;buy;in;0.64; 156,632;400314240;0,00;0,00;0,00;0,00;11 847,18;KAMA Trend (Filtered) [Adaptive;
2026.02.04 09:49:16;297922577;USDJPYm;sell;out;0.64; 156,612;400314281;0,00;0,00;0,00;- 8,17;11 839,01;;
2026.02.04 09:49:17;297922593;USDJPYm;buy;in;0.64; 156,620;400314308;0,00;0,00;0,00;0,00;11 839,01;KAMA Trend (Filtered) [Adaptive;
2026.02.04 09:49:18;297922605;USDJPYm;sell;out;0.64; 156,609;400314329;0,00;0,00;0,00;- 4,50;11 834,51;;
2026.02.04 09:49:19;297922615;USDJPYm;buy;in;0.64; 156,618;400314340;0,00;0,00;0,00;0,00;11 834,51;KAMA Trend (Filtered) [Adaptive;
2026.02.04 09:49:20;297922648;USDJPYm;sell;out;0.64; 156,607;400314382;0,00;0,00;0,00;- 4,50;11 830,01;;
2026.02.04 09:49:22;297922683;USDJPYm;buy;in;0.64; 156,616;400314460;0,00;0,00;0,00;0,00;11 830,01;KAMA Trend (Filtered) [Adaptive;
2026.02.04 09:49:22;297922685;USDJPYm;sell;out;0.64; 156,609;400314474;0,00;0,00;0,00;- 2,86;11 827,15;;
2026.02.04 09:49:24;297922702;USDJPYm;buy;in;0.64; 156,617;400314509;0,00;0,00;0,00;0,00;11 827,15;KAMA Trend (Filtered) [Adaptive;
2026.02.04 09:49:25;297922707;USDJPYm;sell;out;0.64; 156,610;400314519;0,00;0,00;0,00;- 2,86;11 824,29;;
2026.02.04 09:49:25;297922708;USDJPYm;buy;in;0.64; 156,622;400314530;0,00;0,00;0,00;0,00;11 824,29;KAMA Trend (Filtered) [Adaptive;
2026.02.04 09:49:26;297922709;USDJPYm;sell;out;0.64; 156,613;400314540;0,00;0,00;0,00;- 3,68;11 820,61;;
2026.02.04 09:49:27;297922715;USDJPYm;buy;in;0.64; 156,626;400314547;0,00;0,00;0,00;0,00;11 820,61;KAMA Trend (Filtered) [Adaptive;
2026.02.04 09:49:28;297922719;USDJPYm;sell;out;0.64; 156,614;400314551;0,00;0,00;0,00;- 4,90;11 815,71;;
2026.02.04 09:49:29;297922722;USDJPYm;buy;in;0.64; 156,625;400314557;0,00;0,00;0,00;0,00;11 815,71;KAMA Trend (Filtered) [Adaptive;
2026.02.04 09:49:29;297922725;USDJPYm;sell;out;0.64; 156,621;400314560;0,00;0,00;0,00;- 1,63;11 814,08;;
2026.02.04 09:49:30;297922731;USDJPYm;buy;in;0.64; 156,625;400314567;0,00;0,00;0,00;0,00;11 814,08;KAMA Trend (Filtered) [Adaptive;
2026.02.04 09:49:36;297922749;USDJPYm;sell;out;0.64; 156,616;400314604;0,00;0,00;0,00;- 3,68;11 810,40;;
2026.02.04 09:49:37;297922751;USDJPYm;buy;in;0.64; 156,628;400314610;0,00;0,00;0,00;0,00;11 810,40;KAMA Trend (Filtered) [Adaptive;
2026.02.04 09:49:38;297922755;USDJPYm;sell;out;0.64; 156,620;400314619;0,00;0,00;0,00;- 3,27;11 807,13;;
2026.02.04 09:49:39;297922759;USDJPYm;buy;in;0.64; 156,629;400314622;0,00;0,00;0,00;0,00;11 807,13;KAMA Trend (Filtered) [Adaptive;
2026.02.04 09:49:40;297922764;USDJPYm;sell;out;0.64; 156,621;400314633;0,00;0,00;0,00;- 3,27;11 803,86;;
2026.02.04 09:49:40;297922772;USDJPYm;buy;in;0.64; 156,633;400314641;0,00;0,00;0,00;0,00;11 803,86;KAMA Trend (Filtered) [Adaptive;
2026.02.04 09:49:41;297922809;USDJPYm;sell;out;0.64; 156,619;400314692;0,00;0,00;0,00;- 5,72;11 798,14;;
2026.02.04 09:49:42;297922838;USDJPYm;buy;in;0.64; 156,631;400314751;0,00;0,00;0,00;0,00;11 798,14;KAMA Trend (Filtered) [Adaptive;
2026.02.04 09:49:43;297922856;USDJPYm;sell;out;0.64; 156,622;400314786;0,00;0,00;0,00;- 3,68;11 794,46;;
2026.02.04 09:49:47;297922873;USDJPYm;buy;in;0.64; 156,631;400314829;0,00;0,00;0,00;0,00;11 794,46;KAMA Trend (Filtered) [Adaptive;
2026.02.04 09:49:49;297922884;USDJPYm;sell;out;0.64; 156,620;400314838;0,00;0,00;0,00;- 4,49;11 789,97;;
2026.02.04 09:49:50;297922891;USDJPYm;buy;in;0.64; 156,629;400314850;0,00;0,00;0,00;0,00;11 789,97;KAMA Trend (Filtered) [Adaptive;
2026.02.04 09:49:53;297922926;USDJPYm;sell;out;0.64; 156,621;400314906;0,00;0,00;0,00;- 3,27;11 786,70;;
2026.02.04 09:49:54;297922933;USDJPYm;buy;in;0.64; 156,632;400314915;0,00;0,00;0,00;0,00;11 786,70;KAMA Trend (Filtered) [Adaptive;
2026.02.04 09:49:55;297922941;USDJPYm;sell;out;0.64; 156,621;400314933;0,00;0,00;0,00;- 4,49;11 782,21;;
2026.02.04 09:49:58;297922959;USDJPYm;buy;in;0.64; 156,633;400314963;0,00;0,00;0,00;0,00;11 782,21;KAMA Trend (Filtered) [Adaptive;
2026.02.04 09:49:59;297922966;USDJPYm;sell;out;0.64; 156,622;400314974;0,00;0,00;0,00;- 4,49;11 777,72;;
2026.02.04 09:50:00;297922983;USDJPYm;buy;in;0.64; 156,633;400315000;0,00;0,00;0,00;0,00;11 777,72;KAMA Trend (Filtered) [Adaptive;
2026.02.04 09:50:01;297923053;USDJPYm;sell;out;0.64; 156,624;400315079;0,00;0,00;0,00;- 3,68;11 774,04;;
2026.02.04 09:50:02;297923106;USDJPYm;buy;in;0.64; 156,635;400315168;0,00;0,00;0,00;0,00;11 774,04;KAMA Trend (Filtered) [Adaptive;
2026.02.04 09:50:04;297923112;USDJPYm;sell;out;0.64; 156,627;400315196;0,00;0,00;0,00;- 3,27;11 770,77;;
2026.02.04 09:50:05;297923120;USDJPYm;buy;in;0.64; 156,638;400315223;0,00;0,00;0,00;0,00;11 770,77;KAMA Trend (Filtered) [Adaptive;
2026.02.04 09:50:08;297923147;USDJPYm;sell;out;0.64; 156,626;400315327;0,00;0,00;0,00;- 4,90;11 765,87;;
2026.02.04 09:50:11;297923170;USDJPYm;buy;in;0.63; 156,637;400315382;0,00;0,00;0,00;0,00;11 765,87;KAMA Trend (Filtered) [Adaptive;
2026.02.04 09:50:12;297923175;USDJPYm;sell;out;0.63; 156,626;400315406;0,00;0,00;0,00;- 4,42;11 761,45;;
2026.02.04 09:50:15;297923221;USDJPYm;buy;in;0.63; 156,634;400315462;0,00;0,00;0,00;0,00;11 761,45;KAMA Trend (Filtered) [Adaptive;
2026.02.04 09:50:15;297923228;USDJPYm;sell;out;0.63; 156,618;400315469;0,00;0,00;0,00;- 6,44;11 755,01;;
2026.02.04 09:50:16;297923236;USDJPYm;buy;in;0.63; 156,630;400315484;0,00;0,00;0,00;0,00;11 755,01;KAMA Trend (Filtered) [Adaptive;
2026.02.04 09:50:18;297923242;USDJPYm;sell;out;0.63; 156,622;400315510;0,00;0,00;0,00;- 3,22;11 751,79;;
2026.02.04 09:50:20;297923248;USDJPYm;buy;in;0.63; 156,631;400315519;0,00;0,00;0,00;0,00;11 751,79;KAMA Trend (Filtered) [Adaptive;
2026.02.04 09:50:23;297923264;USDJPYm;sell;out;0.63; 156,614;400315541;0,00;0,00;0,00;- 6,84;11 744,95;;
2026.02.04 09:50:25;297923269;USDJPYm;buy;in;0.63; 156,627;400315558;0,00;0,00;0,00;0,00;11 744,95;KAMA Trend (Filtered) [Adaptive;
2026.02.04 09:50:26;297923272;USDJPYm;sell;out;0.63; 156,615;400315567;0,00;0,00;0,00;- 4,83;11 740,12;;
2026.02.04 09:50:27;297923282;USDJPYm;buy;in;0.63; 156,613;400315575;0,00;0,00;0,00;0,00;11 740,12;KAMA Trend (Filtered) [Adaptive;
2026.02.04 09:50:27;297923287;USDJPYm;sell;out;0.63; 156,601;400315579;0,00;0,00;0,00;- 4,83;11 735,29;;
2026.02.04 09:50:28;297923291;USDJPYm;buy;in;0.63; 156,608;400315589;0,00;0,00;0,00;0,00;11 735,29;KAMA Trend (Filtered) [Adaptive;
2026.02.04 09:50:29;297923294;USDJPYm;sell;out;0.63; 156,601;400315591;0,00;0,00;0,00;- 2,82;11 732,47;;
2026.02.04 09:50:30;297923300;USDJPYm;buy;in;0.63; 156,612;400315595;0,00;0,00;0,00;0,00;11 732,47;KAMA Trend (Filtered) [Adaptive;
2026.02.04 09:50:31;297923327;USDJPYm;sell;out;0.63; 156,599;400315635;0,00;0,00;0,00;- 5,23;11 727,24;;
2026.02.04 09:50:32;297923339;USDJPYm;buy;in;0.63; 156,611;400315654;0,00;0,00;0,00;0,00;11 727,24;KAMA Trend (Filtered) [Adaptive;
2026.02.04 09:50:35;297923367;USDJPYm;sell;out;0.63; 156,605;400315704;0,00;0,00;0,00;- 2,41;11 724,83;;
2026.02.04 09:50:36;297923371;USDJPYm;buy;in;0.63; 156,620;400315709;0,00;0,00;0,00;0,00;11 724,83;KAMA Trend (Filtered) [Adaptive;
2026.02.04 09:50:37;297923376;USDJPYm;sell;out;0.63; 156,608;400315735;0,00;0,00;0,00;- 4,83;11 720,00;;
2026.02.04 09:50:42;297923413;USDJPYm;buy;in;0.63; 156,618;400315793;0,00;0,00;0,00;0,00;11 720,00;KAMA Trend (Filtered) [Adaptive;
2026.02.04 09:50:43;297923416;USDJPYm;sell;out;0.63; 156,610;400315804;0,00;0,00;0,00;- 3,22;11 716,78;;
2026.02.04 09:50:44;297923420;USDJPYm;buy;in;0.63; 156,622;400315813;0,00;0,00;0,00;0,00;11 716,78;KAMA Trend (Filtered) [Adaptive;
2026.02.04 09:50:45;297923429;USDJPYm;sell;out;0.63; 156,611;400315825;0,00;0,00;0,00;- 4,42;11 712,36;;
2026.02.04 09:50:48;297923444;USDJPYm;buy;in;0.63; 156,618;400315860;0,00;0,00;0,00;0,00;11 712,36;KAMA Trend (Filtered) [Adaptive;
2026.02.04 09:50:49;297923489;USDJPYm;sell;out;0.63; 156,609;400315919;0,00;0,00;0,00;- 3,62;11 708,74;;
2026.02.04 09:50:52;297923520;USDJPYm;buy;in;0.63; 156,621;400315954;0,00;0,00;0,00;0,00;11 708,74;KAMA Trend (Filtered) [Adaptive;
2026.02.04 09:50:56;297923554;USDJPYm;sell;out;0.63; 156,610;400316011;0,00;0,00;0,00;- 4,43;11 704,31;;
2026.02.04 09:50:57;297923563;USDJPYm;buy;in;0.63; 156,615;400316018;0,00;0,00;0,00;0,00;11 704,31;KAMA Trend (Filtered) [Adaptive;
2026.02.04 09:51:00;297923585;USDJPYm;sell;out;0.63; 156,608;400316054;0,00;0,00;0,00;- 2,82;11 701,49;;
2026.02.04 09:51:01;297923613;USDJPYm;buy;in;0.63; 156,619;400316111;0,00;0,00;0,00;0,00;11 701,49;KAMA Trend (Filtered) [Adaptive;
2026.02.04 09:51:03;297923629;USDJPYm;sell;out;0.63; 156,611;400316131;0,00;0,00;0,00;- 3,22;11 698,27;;
2026.02.04 09:51:06;297923654;USDJPYm;buy;in;0.63; 156,618;400316175;0,00;0,00;0,00;0,00;11 698,27;KAMA Trend (Filtered) [Adaptive;
2026.02.04 09:51:07;297923708;USDJPYm;sell;out;0.63; 156,609;400316233;0,00;0,00;0,00;- 3,62;11 694,65;;
2026.02.04 09:51:10;297923782;USDJPYm;buy;in;0.63; 156,621;400316326;0,00;0,00;0,00;0,00;11 694,65;KAMA Trend (Filtered) [Adaptive;
2026.02.04 09:51:11;297923811;USDJPYm;sell;out;0.63; 156,610;400316364;0,00;0,00;0,00;- 4,43;11 690,22;;
2026.02.04 09:51:13;297923837;USDJPYm;buy;in;0.63; 156,622;400316392;0,00;0,00;0,00;0,00;11 690,22;KAMA Trend (Filtered) [Adaptive;
2026.02.04 09:51:16;297923901;USDJPYm;sell;out;0.63; 156,609;400316562;0,00;0,00;0,00;- 5,23;11 684,99;;
2026.02.04 09:51:18;297923961;USDJPYm;buy;in;0.63; 156,620;400316648;0,00;0,00;0,00;0,00;11 684,99;KAMA Trend (Filtered) [Adaptive;
2026.02.04 09:51:19;297923968;USDJPYm;sell;out;0.63; 156,612;400316656;0,00;0,00;0,00;- 3,22;11 681,77;;
2026.02.04 09:51:21;297924006;USDJPYm;buy;in;0.63; 156,621;400316720;0,00;0,00;0,00;0,00;11 681,77;KAMA Trend (Filtered) [Adaptive;
2026.02.04 09:51:25;297924086;USDJPYm;sell;out;0.63; 156,612;400316822;0,00;0,00;0,00;- 3,62;11 678,15;;
2026.02.04 09:51:27;297924118;USDJPYm;buy;in;0.63; 156,624;400316870;0,00;0,00;0,00;0,00;11 678,15;KAMA Trend (Filtered) [Adaptive;
2026.02.04 09:51:29;297924148;USDJPYm;sell;out;0.63; 156,612;400316913;0,00;0,00;0,00;- 4,83;11 673,32;;
2026.02.04 09:51:31;297924173;USDJPYm;buy;in;0.63; 156,628;400316951;0,00;0,00;0,00;0,00;11 673,32;KAMA Trend (Filtered) [Adaptive;
2026.02.04 09:51:32;297924179;USDJPYm;sell;out;0.63; 156,621;400316960;0,00;0,00;0,00;- 2,82;11 670,50;;
2026.02.04 09:51:33;297924198;USDJPYm;buy;in;0.63; 156,630;400316985;0,00;0,00;0,00;0,00;11 670,50;KAMA Trend (Filtered) [Adaptive;
2026.02.04 09:51:34;297924224;USDJPYm;sell;out;0.63; 156,619;400317007;0,00;0,00;0,00;- 4,42;11 666,08;;
2026.02.04 09:51:35;297924231;USDJPYm;buy;in;0.63; 156,628;400317016;0,00;0,00;0,00;0,00;11 666,08;KAMA Trend (Filtered) [Adaptive;
2026.02.04 09:51:38;297924254;USDJPYm;sell;out;0.63; 156,615;400317058;0,00;0,00;0,00;- 5,23;11 660,85;;
2026.02.04 09:51:40;297924264;USDJPYm;buy;in;0.63; 156,627;400317076;0,00;0,00;0,00;0,00;11 660,85;KAMA Trend (Filtered) [Adaptive;
2026.02.04 09:51:40;297924268;USDJPYm;sell;out;0.63; 156,619;400317078;0,00;0,00;0,00;- 3,22;11 657,63;;
2026.02.04 09:51:41;297924269;USDJPYm;buy;in;0.63; 156,628;400317079;0,00;0,00;0,00;0,00;11 657,63;KAMA Trend (Filtered) [Adaptive;
2026.02.04 09:51:42;297924271;USDJPYm;sell;out;0.63; 156,620;400317083;0,00;0,00;0,00;- 3,22;11 654,41;;
2026.02.04 09:51:43;297924272;USDJPYm;buy;in;0.63; 156,632;400317088;0,00;0,00;0,00;0,00;11 654,41;KAMA Trend (Filtered) [Adaptive;
2026.02.04 09:51:44;297924276;USDJPYm;sell;out;0.63; 156,624;400317097;0,00;0,00;0,00;- 3,22;11 651,19;;
2026.02.04 09:51:47;297924284;USDJPYm;buy;in;0.63; 156,642;400317109;0,00;0,00;0,00;0,00;11 651,19;KAMA Trend (Filtered) [Adaptive;
2026.02.04 09:51:48;297924286;USDJPYm;sell;out;0.63; 156,628;400317115;0,00;0,00;0,00;- 5,63;11 645,56;;
2026.02.04 09:51:50;297924295;USDJPYm;buy;in;0.63; 156,639;400317131;0,00;0,00;0,00;0,00;11 645,56;KAMA Trend (Filtered) [Adaptive;
2026.02.04 09:51:52;297924307;USDJPYm;sell;out;0.63; 156,627;400317146;0,00;0,00;0,00;- 4,83;11 640,73;;
2026.02.04 09:51:53;297924308;USDJPYm;buy;in;0.63; 156,638;400317152;0,00;0,00;0,00;0,00;11 640,73;KAMA Trend (Filtered) [Adaptive;
2026.02.04 09:51:57;297924325;USDJPYm;sell;out;0.63; 156,629;400317184;0,00;0,00;0,00;- 3,62;11 637,11;;
2026.02.04 09:51:58;297924338;USDJPYm;buy;in;0.63; 156,641;400317222;0,00;0,00;0,00;0,00;11 637,11;KAMA Trend (Filtered) [Adaptive;
2026.02.04 09:51:59;297924358;USDJPYm;sell;out;0.63; 156,632;400317247;0,00;0,00;0,00;- 3,62;11 633,49;;
2026.02.04 09:52:01;297924423;USDJPYm;buy;in;0.63; 156,640;400317348;0,00;0,00;0,00;0,00;11 633,49;KAMA Trend (Filtered) [Adaptive;
2026.02.04 09:52:02;297924441;USDJPYm;sell;out;0.63; 156,629;400317404;0,00;0,00;0,00;- 4,42;11 629,07;;
2026.02.04 09:52:03;297924443;USDJPYm;buy;in;0.63; 156,642;400317416;0,00;0,00;0,00;0,00;11 629,07;KAMA Trend (Filtered) [Adaptive;
2026.02.04 09:52:03;297924448;USDJPYm;sell;out;0.63; 156,633;400317426;0,00;0,00;0,00;- 3,62;11 625,45;;
2026.02.04 09:52:04;297924454;USDJPYm;buy;in;0.63; 156,645;400317467;0,00;0,00;0,00;0,00;11 625,45;KAMA Trend (Filtered) [Adaptive;
2026.02.04 09:52:08;297924476;USDJPYm;sell;out;0.63; 156,639;400317528;0,00;0,00;0,00;- 2,41;11 623,04;;
2026.02.04 09:52:09;297924483;USDJPYm;buy;in;0.63; 156,648;400317553;0,00;0,00;0,00;0,00;11 623,04;KAMA Trend (Filtered) [Adaptive;
2026.02.04 09:52:10;297924504;USDJPYm;sell;out;0.63; 156,640;400317598;0,00;0,00;0,00;- 3,22;11 619,82;;
2026.02.04 09:52:12;297924581;USDJPYm;buy;in;0.63; 156,651;400317682;0,00;0,00;0,00;0,00;11 619,82;KAMA Trend (Filtered) [Adaptive;
2026.02.04 09:52:13;297924620;USDJPYm;sell;out;0.63; 156,638;400317716;0,00;0,00;0,00;- 5,23;11 614,59;;
2026.02.04 09:52:14;297924624;USDJPYm;buy;in;0.63; 156,650;400317733;0,00;0,00;0,00;0,00;11 614,59;KAMA Trend (Filtered) [Adaptive;
2026.02.04 09:52:14;297924633;USDJPYm;sell;out;0.63; 156,637;400317745;0,00;0,00;0,00;- 5,23;11 609,36;;
2026.02.04 09:52:17;297924672;USDJPYm;buy;in;0.63; 156,644;400317826;0,00;0,00;0,00;0,00;11 609,36;KAMA Trend (Filtered) [Adaptive;
2026.02.04 09:52:18;297924691;USDJPYm;sell;out;0.63; 156,633;400317844;0,00;0,00;0,00;- 4,42;11 604,94;;
2026.02.04 09:52:21;297924753;USDJPYm;buy;in;0.63; 156,642;400317936;0,00;0,00;0,00;0,00;11 604,94;KAMA Trend (Filtered) [Adaptive;
2026.02.04 09:52:22;297924779;USDJPYm;sell;out;0.63; 156,631;400317960;0,00;0,00;0,00;- 4,42;11 600,52;;
2026.02.04 09:52:24;297924819;USDJPYm;buy;in;0.63; 156,637;400318028;0,00;0,00;0,00;0,00;11 600,52;KAMA Trend (Filtered) [Adaptive;
2026.02.04 09:52:25;297924831;USDJPYm;sell;out;0.63; 156,628;400318051;0,00;0,00;0,00;- 3,62;11 596,90;;
2026.02.04 09:52:26;297924835;USDJPYm;buy;in;0.63; 156,636;400318068;0,00;0,00;0,00;0,00;11 596,90;KAMA Trend (Filtered) [Adaptive;
2026.02.04 09:52:27;297924850;USDJPYm;sell;out;0.63; 156,622;400318094;0,00;0,00;0,00;- 5,63;11 591,27;;
2026.02.04 09:52:30;297924885;USDJPYm;buy;in;0.63; 156,634;400318131;0,00;0,00;0,00;0,00;11 591,27;KAMA Trend (Filtered) [Adaptive;
2026.02.04 09:52:31;297924891;USDJPYm;sell;out;0.63; 156,623;400318143;0,00;0,00;0,00;- 4,42;11 586,85;;
2026.02.04 09:52:33;297924911;USDJPYm;buy;in;0.63; 156,635;400318167;0,00;0,00;0,00;0,00;11 586,85;KAMA Trend (Filtered) [Adaptive;
2026.02.04 09:52:34;297924916;USDJPYm;sell;out;0.63; 156,624;400318181;0,00;0,00;0,00;- 4,42;11 582,43;;
2026.02.04 09:52:35;297924934;USDJPYm;buy;in;0.62; 156,635;400318230;0,00;0,00;0,00;0,00;11 582,43;KAMA Trend (Filtered) [Adaptive;
2026.02.04 09:52:36;297924947;USDJPYm;sell;out;0.62; 156,629;400318265;0,00;0,00;0,00;- 2,38;11 580,05;;
2026.02.04 09:52:40;297924974;USDJPYm;buy;in;0.62; 156,641;400318314;0,00;0,00;0,00;0,00;11 580,05;KAMA Trend (Filtered) [Adaptive;
2026.02.04 09:52:41;297924981;USDJPYm;sell;out;0.62; 156,632;400318323;0,00;0,00;0,00;- 3,56;11 576,49;;
2026.02.04 09:52:43;297924985;USDJPYm;buy;in;0.62; 156,640;400318334;0,00;0,00;0,00;0,00;11 576,49;KAMA Trend (Filtered) [Adaptive;
2026.02.04 09:52:47;297925023;USDJPYm;sell;out;0.62; 156,629;400318382;0,00;0,00;0,00;- 4,35;11 572,14;;
2026.02.04 09:52:49;297925024;USDJPYm;buy;in;0.62; 156,640;400318387;0,00;0,00;0,00;0,00;11 572,14;KAMA Trend (Filtered) [Adaptive;
2026.02.04 09:52:55;297925063;USDJPYm;sell;out;0.62; 156,634;400318435;0,00;0,00;0,00;- 2,37;11 569,77;;
2026.02.04 09:52:55;297925064;USDJPYm;buy;in;0.62; 156,646;400318446;0,00;0,00;0,00;0,00;11 569,77;KAMA Trend (Filtered) [Adaptive;
2026.02.04 09:53:00;297925094;USDJPYm;sell;out;0.62; 156,637;400318499;0,00;0,00;0,00;- 3,56;11 566,21;;
2026.02.04 09:53:01;297925132;USDJPYm;buy;in;0.62; 156,647;400318556;0,00;0,00;0,00;0,00;11 566,21;KAMA Trend (Filtered) [Adaptive;
2026.02.04 09:53:03;297925161;USDJPYm;sell;out;0.62; 156,634;400318613;0,00;0,00;0,00;- 5,15;11 561,06;;
2026.02.04 09:53:05;297925169;USDJPYm;buy;in;0.62; 156,645;400318640;0,00;0,00;0,00;0,00;11 561,06;KAMA Trend (Filtered) [Adaptive;
2026.02.04 09:53:07;297925174;USDJPYm;sell;out;0.62; 156,632;400318662;0,00;0,00;0,00;- 5,15;11 555,91;;
2026.02.04 09:53:08;297925197;USDJPYm;buy;in;0.62; 156,643;400318689;0,00;0,00;0,00;0,00;11 555,91;KAMA Trend (Filtered) [Adaptive;
2026.02.04 09:53:09;297925205;USDJPYm;sell;out;0.62; 156,632;400318697;0,00;0,00;0,00;- 4,35;11 551,56;;
2026.02.04 09:53:11;297925213;USDJPYm;buy;in;0.62; 156,643;400318710;0,00;0,00;0,00;0,00;11 551,56;KAMA Trend (Filtered) [Adaptive;
2026.02.04 09:53:13;297925215;USDJPYm;sell;out;0.62; 156,628;400318716;0,00;0,00;0,00;- 5,94;11 545,62;;
2026.02.04 09:53:14;297925220;USDJPYm;buy;in;0.62; 156,639;400318721;0,00;0,00;0,00;0,00;11 545,62;KAMA Trend (Filtered) [Adaptive;
2026.02.04 09:53:16;297925222;USDJPYm;sell;out;0.62; 156,631;400318731;0,00;0,00;0,00;- 3,17;11 542,45;;
2026.02.04 09:53:17;297925225;USDJPYm;buy;in;0.62; 156,640;400318736;0,00;0,00;0,00;0,00;11 542,45;KAMA Trend (Filtered) [Adaptive;
2026.02.04 09:53:18;297925226;USDJPYm;sell;out;0.62; 156,625;400318745;0,00;0,00;0,00;- 5,94;11 536,51;;
2026.02.04 09:53:19;297925234;USDJPYm;buy;in;0.62; 156,634;400318754;0,00;0,00;0,00;0,00;11 536,51;KAMA Trend (Filtered) [Adaptive;
2026.02.04 09:53:19;297925236;USDJPYm;sell;out;0.62; 156,622;400318758;0,00;0,00;0,00;- 4,75;11 531,76;;
2026.02.04 09:53:21;297925240;USDJPYm;buy;in;0.62; 156,633;400318778;0,00;0,00;0,00;0,00;11 531,76;KAMA Trend (Filtered) [Adaptive;
2026.02.04 09:53:25;297925262;USDJPYm;sell;out;0.62; 156,625;400318824;0,00;0,00;0,00;- 3,17;11 528,59;;
2026.02.04 09:53:29;297925275;USDJPYm;buy;in;0.62; 156,645;400318841;0,00;0,00;0,00;0,00;11 528,59;KAMA Trend (Filtered) [Adaptive;
2026.02.04 09:53:29;297925280;USDJPYm;sell;out;0.62; 156,636;400318855;0,00;0,00;0,00;- 3,56;11 525,03;;
2026.02.04 09:53:34;297925307;USDJPYm;buy;in;0.62; 156,645;400318889;0,00;0,00;0,00;0,00;11 525,03;KAMA Trend (Filtered) [Adaptive;
2026.02.04 09:53:34;297925310;USDJPYm;sell;out;0.62; 156,640;400318894;0,00;0,00;0,00;- 1,98;11 523,05;;
2026.02.04 09:53:38;297925335;USDJPYm;buy;in;0.62; 156,648;400318935;0,00;0,00;0,00;0,00;11 523,05;KAMA Trend (Filtered) [Adaptive;
2026.02.04 09:53:39;297925337;USDJPYm;sell;out;0.62; 156,639;400318938;0,00;0,00;0,00;- 3,56;11 519,49;;
2026.02.04 09:53:54;297925391;USDJPYm;buy;in;0.62; 156,648;400319031;0,00;0,00;0,00;0,00;11 519,49;KAMA Trend (Filtered) [Adaptive;
2026.02.04 09:53:55;297925400;USDJPYm;sell;out;0.62; 156,639;400319044;0,00;0,00;0,00;- 3,56;11 515,93;;
2026.02.04 09:54:01;297925450;USDJPYm;buy;in;0.62; 156,649;400319133;0,00;0,00;0,00;0,00;11 515,93;KAMA Trend (Filtered) [Adaptive;
2026.02.04 09:54:04;297925503;USDJPYm;sell;out;0.62; 156,642;400319239;0,00;0,00;0,00;- 2,77;11 513,16;;
2026.02.04 09:54:05;297925512;USDJPYm;buy;in;0.62; 156,646;400319262;0,00;0,00;0,00;0,00;11 513,16;KAMA Trend (Filtered) [Adaptive;
2026.02.04 09:54:06;297925535;USDJPYm;sell;out;0.62; 156,636;400319308;0,00;0,00;0,00;- 3,96;11 509,20;;
2026.02.04 09:54:08;297925539;USDJPYm;buy;in;0.62; 156,647;400319333;0,00;0,00;0,00;0,00;11 509,20;KAMA Trend (Filtered) [Adaptive;
2026.02.04 09:54:08;297925544;USDJPYm;sell;out;0.62; 156,643;400319343;0,00;0,00;0,00;- 1,58;11 507,62;;
2026.02.04 09:54:10;297925553;USDJPYm;buy;in;0.62; 156,652;400319396;0,00;0,00;0,00;0,00;11 507,62;KAMA Trend (Filtered) [Adaptive;
2026.02.04 09:54:12;297925559;USDJPYm;sell;out;0.62; 156,641;400319418;0,00;0,00;0,00;- 4,35;11 503,27;;
2026.02.04 09:54:17;297925575;USDJPYm;buy;in;0.62; 156,649;400319466;0,00;0,00;0,00;0,00;11 503,27;KAMA Trend (Filtered) [Adaptive;
2026.02.04 09:54:18;297925577;USDJPYm;sell;out;0.62; 156,635;400319470;0,00;0,00;0,00;- 5,54;11 497,73;;
2026.02.04 09:54:21;297925590;USDJPYm;buy;in;0.62; 156,643;400319495;0,00;0,00;0,00;0,00;11 497,73;KAMA Trend (Filtered) [Adaptive;
2026.02.04 09:54:26;297925603;USDJPYm;sell;out;0.62; 156,632;400319520;0,00;0,00;0,00;- 4,35;11 493,38;;
2026.02.04 09:54:29;297925612;USDJPYm;buy;in;0.62; 156,644;400319557;0,00;0,00;0,00;0,00;11 493,38;KAMA Trend (Filtered) [Adaptive;
2026.02.04 09:54:30;297925615;USDJPYm;sell;out;0.62; 156,636;400319565;0,00;0,00;0,00;- 3,17;11 490,21;;
2026.02.04 09:54:32;297925617;USDJPYm;buy;in;0.62; 156,647;400319585;0,00;0,00;0,00;0,00;11 490,21;KAMA Trend (Filtered) [Adaptive;
2026.02.04 09:54:33;297925627;USDJPYm;sell;out;0.62; 156,636;400319594;0,00;0,00;0,00;- 4,35;11 485,86;;
2026.02.04 09:54:36;297925632;USDJPYm;buy;in;0.62; 156,645;400319605;0,00;0,00;0,00;0,00;11 485,86;KAMA Trend (Filtered) [Adaptive;
2026.02.04 09:54:38;297925635;USDJPYm;sell;out;0.62; 156,633;400319619;0,00;0,00;0,00;- 4,75;11 481,11;;
2026.02.04 09:54:38;297925636;USDJPYm;buy;in;0.62; 156,646;400319620;0,00;0,00;0,00;0,00;11 481,11;KAMA Trend (Filtered) [Adaptive;
2026.02.04 09:54:42;297925665;USDJPYm;sell;out;0.62; 156,637;400319674;0,00;0,00;0,00;- 3,56;11 477,55;;
2026.02.04 09:54:44;297925681;USDJPYm;buy;in;0.62; 156,646;400319680;0,00;0,00;0,00;0,00;11 477,55;KAMA Trend (Filtered) [Adaptive;
2026.02.04 09:54:44;297925684;USDJPYm;sell;out;0.62; 156,634;400319683;0,00;0,00;0,00;- 4,75;11 472,80;;
2026.02.04 09:54:46;297925690;USDJPYm;buy;in;0.62; 156,636;400319692;0,00;0,00;0,00;0,00;11 472,80;KAMA Trend (Filtered) [Adaptive;
2026.02.04 09:54:48;297925696;USDJPYm;sell;out;0.62; 156,628;400319707;0,00;0,00;0,00;- 3,17;11 469,63;;
2026.02.04 09:54:49;297925700;USDJPYm;buy;in;0.62; 156,636;400319715;0,00;0,00;0,00;0,00;11 469,63;KAMA Trend (Filtered) [Adaptive;
2026.02.04 09:54:50;297925702;USDJPYm;sell;out;0.62; 156,627;400319718;0,00;0,00;0,00;- 3,56;11 466,07;;
2026.02.04 09:54:52;297925705;USDJPYm;buy;in;0.62; 156,635;400319730;0,00;0,00;0,00;0,00;11 466,07;KAMA Trend (Filtered) [Adaptive;
2026.02.04 09:54:53;297925709;USDJPYm;sell;out;0.62; 156,624;400319737;0,00;0,00;0,00;- 4,35;11 461,72;;
2026.02.04 09:54:54;297925710;USDJPYm;buy;in;0.62; 156,632;400319740;0,00;0,00;0,00;0,00;11 461,72;KAMA Trend (Filtered) [Adaptive;
2026.02.04 09:54:55;297925713;USDJPYm;sell;out;0.62; 156,623;400319745;0,00;0,00;0,00;- 3,56;11 458,16;;
2026.02.04 09:55:00;297925722;USDJPYm;buy;in;0.62; 156,636;400319764;0,00;0,00;0,00;0,00;11 458,16;KAMA Trend (Filtered) [Adaptive;
2026.02.04 09:55:01;297925754;USDJPYm;sell;out;0.62; 156,625;400319807;0,00;0,00;0,00;- 4,35;11 453,81;;
2026.02.04 09:55:10;297925806;USDJPYm;buy;in;0.62; 156,634;400319947;0,00;0,00;0,00;0,00;11 453,81;KAMA Trend (Filtered) [Adaptive;
2026.02.04 09:55:12;297925811;USDJPYm;sell;out;0.62; 156,625;400319959;0,00;0,00;0,00;- 3,56;11 450,25;;
2026.02.04 09:55:25;297925868;USDJPYm;buy;in;0.62; 156,630;400320059;0,00;0,00;0,00;0,00;11 450,25;KAMA Trend (Filtered) [Adaptive;
2026.02.04 09:55:25;297925873;USDJPYm;sell;out;0.62; 156,630;400320065;0,00;0,00;0,00;0,00;11 450,25;;
2026.02.04 09:55:26;297925879;USDJPYm;buy;in;0.62; 156,641;400320071;0,00;0,00;0,00;0,00;11 450,25;KAMA Trend (Filtered) [Adaptive;
2026.02.04 09:55:27;297925880;USDJPYm;sell;out;0.62; 156,630;400320075;0,00;0,00;0,00;- 4,35;11 445,90;;
2026.02.04 09:55:28;297925881;USDJPYm;buy;in;0.62; 156,637;400320080;0,00;0,00;0,00;0,00;11 445,90;KAMA Trend (Filtered) [Adaptive;
2026.02.04 09:55:29;297925885;USDJPYm;sell;out;0.62; 156,626;400320087;0,00;0,00;0,00;- 4,35;11 441,55;;
2026.02.04 09:55:30;297925889;USDJPYm;buy;in;0.62; 156,643;400320091;0,00;0,00;0,00;0,00;11 441,55;KAMA Trend (Filtered) [Adaptive;
2026.02.04 09:55:31;297925891;USDJPYm;sell;out;0.62; 156,627;400320098;0,00;0,00;0,00;- 6,33;11 435,22;;
2026.02.04 09:55:32;297925894;USDJPYm;buy;in;0.62; 156,638;400320102;0,00;0,00;0,00;0,00;11 435,22;KAMA Trend (Filtered) [Adaptive;
2026.02.04 09:55:33;297925897;USDJPYm;sell;out;0.62; 156,629;400320107;0,00;0,00;0,00;- 3,56;11 431,66;;
2026.02.04 09:55:35;297925900;USDJPYm;buy;in;0.62; 156,638;400320118;0,00;0,00;0,00;0,00;11 431,66;KAMA Trend (Filtered) [Adaptive;
2026.02.04 09:55:36;297925906;USDJPYm;sell;out;0.62; 156,627;400320123;0,00;0,00;0,00;- 4,35;11 427,31;;
2026.02.04 09:55:37;297925910;USDJPYm;buy;in;0.62; 156,639;400320129;0,00;0,00;0,00;0,00;11 427,31;KAMA Trend (Filtered) [Adaptive;
2026.02.04 09:55:37;297925911;USDJPYm;sell;out;0.62; 156,632;400320133;0,00;0,00;0,00;- 2,77;11 424,54;;
2026.02.04 09:55:38;297925912;USDJPYm;buy;in;0.62; 156,641;400320138;0,00;0,00;0,00;0,00;11 424,54;KAMA Trend (Filtered) [Adaptive;
2026.02.04 09:55:43;297925921;USDJPYm;sell;out;0.62; 156,626;400320161;0,00;0,00;0,00;- 5,94;11 418,60;;
2026.02.04 09:55:45;297925924;USDJPYm;buy;in;0.62; 156,638;400320169;0,00;0,00;0,00;0,00;11 418,60;KAMA Trend (Filtered) [Adaptive;
2026.02.04 09:55:47;297925935;USDJPYm;sell;out;0.62; 156,631;400320182;0,00;0,00;0,00;- 2,77;11 415,83;;
2026.02.04 09:55:51;297925944;USDJPYm;buy;in;0.62; 156,640;400320203;0,00;0,00;0,00;0,00;11 415,83;KAMA Trend (Filtered) [Adaptive;
2026.02.04 09:55:53;297925946;USDJPYm;sell;out;0.62; 156,631;400320207;0,00;0,00;0,00;- 3,56;11 412,27;;
2026.02.04 09:55:54;297925950;USDJPYm;buy;in;0.62; 156,642;400320228;0,00;0,00;0,00;0,00;11 412,27;KAMA Trend (Filtered) [Adaptive;
2026.02.04 09:55:55;297925960;USDJPYm;sell;out;0.62; 156,631;400320244;0,00;0,00;0,00;- 4,35;11 407,92;;
2026.02.04 09:55:57;297925967;USDJPYm;buy;in;0.62; 156,642;400320254;0,00;0,00;0,00;0,00;11 407,92;KAMA Trend (Filtered) [Adaptive;
2026.02.04 09:55:58;297925971;USDJPYm;sell;out;0.62; 156,636;400320261;0,00;0,00;0,00;- 2,37;11 405,55;;
2026.02.04 09:56:00;297925982;USDJPYm;buy;in;0.62; 156,647;400320281;0,00;0,00;0,00;0,00;11 405,55;KAMA Trend (Filtered) [Adaptive;
2026.02.04 09:56:01;297926004;USDJPYm;sell;out;0.62; 156,637;400320321;0,00;0,00;0,00;- 3,96;11 401,59;;
2026.02.04 09:56:02;297926014;USDJPYm;buy;in;0.62; 156,646;400320356;0,00;0,00;0,00;0,00;11 401,59;KAMA Trend (Filtered) [Adaptive;
2026.02.04 09:56:18;297926070;USDJPYm;sell;out;0.62; 156,637;400320601;0,00;0,00;0,00;- 3,56;11 398,03;;
2026.02.04 09:56:20;297926074;USDJPYm;buy;in;0.61; 156,648;400320611;0,00;0,00;0,00;0,00;11 398,03;KAMA Trend (Filtered) [Adaptive;
2026.02.04 09:56:23;297926080;USDJPYm;sell;out;0.61; 156,637;400320618;0,00;0,00;0,00;- 4,28;11 393,75;;
2026.02.04 09:56:25;297926091;USDJPYm;buy;in;0.61; 156,649;400320645;0,00;0,00;0,00;0,00;11 393,75;KAMA Trend (Filtered) [Adaptive;
2026.02.04 09:56:27;297926126;USDJPYm;sell;out;0.61; 156,640;400320683;0,00;0,00;0,00;- 3,50;11 390,25;;
2026.02.04 09:56:30;297926146;USDJPYm;buy;in;0.61; 156,649;400320720;0,00;0,00;0,00;0,00;11 390,25;KAMA Trend (Filtered) [Adaptive;
2026.02.04 09:56:32;297926166;USDJPYm;sell;out;0.61; 156,640;400320750;0,00;0,00;0,00;- 3,50;11 386,75;;
2026.02.04 09:56:34;297926169;USDJPYm;buy;in;0.61; 156,649;400320764;0,00;0,00;0,00;0,00;11 386,75;KAMA Trend (Filtered) [Adaptive;
2026.02.04 09:56:35;297926187;USDJPYm;sell;out;0.61; 156,647;400320774;0,00;0,00;0,00;- 0,78;11 385,97;;
2026.02.04 09:56:36;297926189;USDJPYm;buy;in;0.61; 156,653;400320778;0,00;0,00;0,00;0,00;11 385,97;KAMA Trend (Filtered) [Adaptive;
2026.02.04 09:56:36;297926192;USDJPYm;sell;out;0.61; 156,648;400320783;0,00;0,00;0,00;- 1,95;11 384,02;;
2026.02.04 09:56:37;297926204;USDJPYm;buy;in;0.61; 156,666;400320800;0,00;0,00;0,00;0,00;11 384,02;KAMA Trend (Filtered) [Adaptive;
2026.02.04 09:56:37;297926206;USDJPYm;sell;out;0.61; 156,658;400320804;0,00;0,00;0,00;- 3,12;11 380,90;;
2026.02.04 09:56:38;297926211;USDJPYm;buy;in;0.61; 156,667;400320810;0,00;0,00;0,00;0,00;11 380,90;KAMA Trend (Filtered) [Adaptive;
2026.02.04 09:56:40;297926218;USDJPYm;sell;out;0.61; 156,656;400320822;0,00;0,00;0,00;- 4,28;11 376,62;;
2026.02.04 09:56:41;297926222;USDJPYm;buy;in;0.61; 156,667;400320831;0,00;0,00;0,00;0,00;11 376,62;KAMA Trend (Filtered) [Adaptive;
2026.02.04 09:56:43;297926227;USDJPYm;sell;out;0.61; 156,649;400320837;0,00;0,00;0,00;- 7,01;11 369,61;;
2026.02.04 09:56:43;297926230;USDJPYm;buy;in;0.61; 156,657;400320843;0,00;0,00;0,00;0,00;11 369,61;KAMA Trend (Filtered) [Adaptive;
2026.02.04 09:56:45;297926237;USDJPYm;sell;out;0.61; 156,648;400320858;0,00;0,00;0,00;- 3,50;11 366,11;;
2026.02.04 09:56:46;297926241;USDJPYm;buy;in;0.61; 156,660;400320868;0,00;0,00;0,00;0,00;11 366,11;KAMA Trend (Filtered) [Adaptive;
2026.02.04 09:56:47;297926251;USDJPYm;sell;out;0.61; 156,649;400320882;0,00;0,00;0,00;- 4,28;11 361,83;;
2026.02.04 09:56:50;297926261;USDJPYm;buy;in;0.61; 156,660;400320897;0,00;0,00;0,00;0,00;11 361,83;KAMA Trend (Filtered) [Adaptive;
2026.02.04 09:56:51;297926268;USDJPYm;sell;out;0.61; 156,649;400320908;0,00;0,00;0,00;- 4,28;11 357,55;;
2026.02.04 09:56:52;297926270;USDJPYm;buy;in;0.61; 156,658;400320913;0,00;0,00;0,00;0,00;11 357,55;KAMA Trend (Filtered) [Adaptive;
2026.02.04 09:56:54;297926273;USDJPYm;sell;out;0.61; 156,649;400320930;0,00;0,00;0,00;- 3,50;11 354,05;;
2026.02.04 09:56:55;297926277;USDJPYm;buy;in;0.61; 156,660;400320945;0,00;0,00;0,00;0,00;11 354,05;KAMA Trend (Filtered) [Adaptive;
2026.02.04 09:56:57;297926281;USDJPYm;sell;out;0.61; 156,649;400320964;0,00;0,00;0,00;- 4,28;11 349,77;;
2026.02.04 09:57:00;297926288;USDJPYm;buy;in;0.61; 156,659;400320991;0,00;0,00;0,00;0,00;11 349,77;KAMA Trend (Filtered) [Adaptive;
2026.02.04 09:57:04;297926332;USDJPYm;sell;out;0.61; 156,650;400321101;0,00;0,00;0,00;- 3,50;11 346,27;;
2026.02.04 09:57:07;297926347;USDJPYm;buy;in;0.61; 156,664;400321155;0,00;0,00;0,00;0,00;11 346,27;KAMA Trend (Filtered) [Adaptive;
2026.02.04 09:57:07;297926350;USDJPYm;sell;out;0.61; 156,659;400321159;0,00;0,00;0,00;- 1,95;11 344,32;;
2026.02.04 09:57:08;297926351;USDJPYm;buy;in;0.61; 156,671;400321162;0,00;0,00;0,00;0,00;11 344,32;KAMA Trend (Filtered) [Adaptive;
2026.02.04 09:57:12;297926391;USDJPYm;sell;out;0.61; 156,663;400321225;0,00;0,00;0,00;- 3,11;11 341,21;;
2026.02.04 09:57:13;297926403;USDJPYm;buy;in;0.61; 156,671;400321236;0,00;0,00;0,00;0,00;11 341,21;KAMA Trend (Filtered) [Adaptive;
2026.02.04 09:57:14;297926407;USDJPYm;sell;out;0.61; 156,660;400321239;0,00;0,00;0,00;- 4,28;11 336,93;;
2026.02.04 09:57:20;297926450;USDJPYm;buy;in;0.61; 156,671;400321314;0,00;0,00;0,00;0,00;11 336,93;KAMA Trend (Filtered) [Adaptive;
2026.02.04 09:57:22;297926465;USDJPYm;sell;out;0.61; 156,660;400321333;0,00;0,00;0,00;- 4,28;11 332,65;;
2026.02.04 09:57:24;297926488;USDJPYm;buy;in;0.61; 156,673;400321371;0,00;0,00;0,00;0,00;11 332,65;KAMA Trend (Filtered) [Adaptive;
2026.02.04 09:57:26;297926500;USDJPYm;sell;out;0.61; 156,662;400321395;0,00;0,00;0,00;- 4,28;11 328,37;;
2026.02.04 09:57:28;297926502;USDJPYm;buy;in;0.61; 156,671;400321398;0,00;0,00;0,00;0,00;11 328,37;KAMA Trend (Filtered) [Adaptive;
2026.02.04 09:57:29;297926507;USDJPYm;sell;out;0.61; 156,664;400321412;0,00;0,00;0,00;- 2,73;11 325,64;;
2026.02.04 09:57:31;297926517;USDJPYm;buy;in;0.61; 156,672;400321431;0,00;0,00;0,00;0,00;11 325,64;KAMA Trend (Filtered) [Adaptive;
2026.02.04 09:57:34;297926525;USDJPYm;sell;out;0.61; 156,657;400321447;0,00;0,00;0,00;- 5,84;11 319,80;;
2026.02.04 09:57:34;297926529;USDJPYm;buy;in;0.61; 156,665;400321450;0,00;0,00;0,00;0,00;11 319,80;KAMA Trend (Filtered) [Adaptive;
2026.02.04 09:57:36;297926534;USDJPYm;sell;out;0.61; 156,654;400321464;0,00;0,00;0,00;- 4,28;11 315,52;;
2026.02.04 09:57:37;297926535;USDJPYm;buy;in;0.61; 156,667;400321466;0,00;0,00;0,00;0,00;11 315,52;KAMA Trend (Filtered) [Adaptive;
2026.02.04 09:57:40;297926543;USDJPYm;sell;out;0.61; 156,659;400321482;0,00;0,00;0,00;- 3,12;11 312,40;;
2026.02.04 09:57:42;297926548;USDJPYm;buy;in;0.61; 156,662;400321495;0,00;0,00;0,00;0,00;11 312,40;KAMA Trend (Filtered) [Adaptive;
2026.02.04 09:57:43;297926549;USDJPYm;sell;out;0.61; 156,655;400321498;0,00;0,00;0,00;- 2,73;11 309,67;;
2026.02.04 09:57:45;297926567;USDJPYm;buy;in;0.61; 156,666;400321513;0,00;0,00;0,00;0,00;11 309,67;KAMA Trend (Filtered) [Adaptive;
2026.02.04 09:57:46;297926573;USDJPYm;sell;out;0.61; 156,657;400321525;0,00;0,00;0,00;- 3,50;11 306,17;;
2026.02.04 09:57:55;297926588;USDJPYm;buy;in;0.61; 156,666;400321575;0,00;0,00;0,00;0,00;11 306,17;KAMA Trend (Filtered) [Adaptive;
2026.02.04 09:57:57;297926594;USDJPYm;sell;out;0.61; 156,657;400321585;0,00;0,00;0,00;- 3,50;11 302,67;;
2026.02.04 09:58:01;297926620;USDJPYm;buy;in;0.61; 156,666;400321619;0,00;0,00;0,00;0,00;11 302,67;KAMA Trend (Filtered) [Adaptive;
2026.02.04 09:58:02;297926642;USDJPYm;sell;out;0.61; 156,654;400321699;0,00;0,00;0,00;- 4,67;11 298,00;;
2026.02.04 09:58:03;297926643;USDJPYm;buy;in;0.61; 156,662;400321718;0,00;0,00;0,00;0,00;11 298,00;KAMA Trend (Filtered) [Adaptive;
2026.02.04 09:58:08;297926656;USDJPYm;sell;out;0.61; 156,653;400321789;0,00;0,00;0,00;- 3,50;11 294,50;;
2026.02.04 09:58:15;297926672;USDJPYm;buy;in;0.61; 156,666;400321865;0,00;0,00;0,00;0,00;11 294,50;KAMA Trend (Filtered) [Adaptive;
2026.02.04 09:58:17;297926677;USDJPYm;sell;out;0.61; 156,655;400321890;0,00;0,00;0,00;- 4,28;11 290,22;;
2026.02.04 09:58:23;297926690;USDJPYm;buy;in;0.61; 156,664;400321943;0,00;0,00;0,00;0,00;11 290,22;KAMA Trend (Filtered) [Adaptive;
2026.02.04 09:58:24;297926692;USDJPYm;sell;out;0.61; 156,649;400321949;0,00;0,00;0,00;- 5,84;11 284,38;;
2026.02.04 09:58:24;297926693;USDJPYm;buy;in;0.61; 156,658;400321951;0,00;0,00;0,00;0,00;11 284,38;KAMA Trend (Filtered) [Adaptive;
2026.02.04 09:58:25;297926695;USDJPYm;sell;out;0.61; 156,649;400321959;0,00;0,00;0,00;- 3,50;11 280,88;;
2026.02.04 09:58:30;297926704;USDJPYm;buy;in;0.61; 156,655;400321999;0,00;0,00;0,00;0,00;11 280,88;KAMA Trend (Filtered) [Adaptive;
2026.02.04 09:58:31;297926709;USDJPYm;sell;out;0.61; 156,640;400322009;0,00;0,00;0,00;- 5,84;11 275,04;;
2026.02.04 09:58:33;297926714;USDJPYm;buy;in;0.61; 156,649;400322022;0,00;0,00;0,00;0,00;11 275,04;KAMA Trend (Filtered) [Adaptive;
2026.02.04 09:58:34;297926730;USDJPYm;sell;out;0.61; 156,640;400322044;0,00;0,00;0,00;- 3,50;11 271,54;;
2026.02.04 09:58:35;297926738;USDJPYm;buy;in;0.61; 156,652;400322070;0,00;0,00;0,00;0,00;11 271,54;KAMA Trend (Filtered) [Adaptive;
2026.02.04 09:58:36;297926743;USDJPYm;sell;out;0.61; 156,641;400322075;0,00;0,00;0,00;- 4,28;11 267,26;;
2026.02.04 09:58:38;297926761;USDJPYm;buy;in;0.61; 156,652;400322109;0,00;0,00;0,00;0,00;11 267,26;KAMA Trend (Filtered) [Adaptive;
2026.02.04 09:58:44;297926795;USDJPYm;sell;out;0.61; 156,637;400322173;0,00;0,00;0,00;- 5,84;11 261,42;;
2026.02.04 09:58:45;297926804;USDJPYm;buy;in;0.61; 156,646;400322176;0,00;0,00;0,00;0,00;11 261,42;KAMA Trend (Filtered) [Adaptive;
2026.02.04 09:58:48;297926817;USDJPYm;sell;out;0.61; 156,637;400322201;0,00;0,00;0,00;- 3,50;11 257,92;;
2026.02.04 09:58:53;297926824;USDJPYm;buy;in;0.61; 156,646;400322230;0,00;0,00;0,00;0,00;11 257,92;KAMA Trend (Filtered) [Adaptive;
2026.02.04 09:58:55;297926826;USDJPYm;sell;out;0.61; 156,637;400322232;0,00;0,00;0,00;- 3,50;11 254,42;;
2026.02.04 09:59:00;297926839;USDJPYm;buy;in;0.61; 156,641;400322263;0,00;0,00;0,00;0,00;11 254,42;KAMA Trend (Filtered) [Adaptive;
2026.02.04 09:59:00;297926845;USDJPYm;sell;out;0.61; 156,637;400322287;0,00;0,00;0,00;- 1,56;11 252,86;;
2026.02.04 09:59:04;297926854;USDJPYm;buy;in;0.61; 156,645;400322321;0,00;0,00;0,00;0,00;11 252,86;KAMA Trend (Filtered) [Adaptive;
2026.02.04 09:59:10;297926872;USDJPYm;sell;out;0.61; 156,636;400322374;0,00;0,00;0,00;- 3,50;11 249,36;;
2026.02.04 09:59:16;297926878;USDJPYm;buy;in;0.61; 156,649;400322397;0,00;0,00;0,00;0,00;11 249,36;KAMA Trend (Filtered) [Adaptive;
2026.02.04 09:59:17;297926884;USDJPYm;sell;out;0.61; 156,637;400322409;0,00;0,00;0,00;- 4,67;11 244,69;;
2026.02.04 09:59:23;297926903;USDJPYm;buy;in;0.61; 156,648;400322448;0,00;0,00;0,00;0,00;11 244,69;KAMA Trend (Filtered) [Adaptive;
2026.02.04 09:59:25;297926911;USDJPYm;sell;out;0.61; 156,637;400322458;0,00;0,00;0,00;- 4,28;11 240,41;;
2026.02.04 09:59:32;297926947;USDJPYm;buy;in;0.61; 156,653;400322521;0,00;0,00;0,00;0,00;11 240,41;KAMA Trend (Filtered) [Adaptive;
2026.02.04 09:59:36;297926963;USDJPYm;sell;out;0.61; 156,642;400322550;0,00;0,00;0,00;- 4,28;11 236,13;;
2026.02.04 09:59:48;297926992;USDJPYm;buy;in;0.61; 156,651;400322603;0,00;0,00;0,00;0,00;11 236,13;KAMA Trend (Filtered) [Adaptive;
2026.02.04 09:59:55;297927009;USDJPYm;sell;out;0.61; 156,639;400322650;0,00;0,00;0,00;- 4,67;11 231,46;;
2026.02.04 09:59:58;297927020;USDJPYm;buy;in;0.61; 156,647;400322664;0,00;0,00;0,00;0,00;11 231,46;KAMA Trend (Filtered) [Adaptive;
2026.02.04 09:59:59;297927026;USDJPYm;sell;out;0.61; 156,639;400322675;0,00;0,00;0,00;- 3,12;11 228,34;;
2026.02.04 10:00:00;297927031;USDJPYm;buy;in;0.61; 156,653;400322681;0,00;0,00;0,00;0,00;11 228,34;KAMA Trend (Filtered) [Adaptive;
2026.02.04 10:00:00;297927070;USDJPYm;sell;out;0.61; 156,638;400322755;0,00;0,00;0,00;- 5,84;11 222,50;;
2026.02.04 10:00:01;297927119;USDJPYm;buy;in;0.57; 156,649;400322858;0,00;0,00;0,00;0,00;11 222,50;KAMA Trend (Filtered) [Adaptive;
2026.02.04 10:00:04;297927160;USDJPYm;sell;out;0.57; 156,640;400322965;0,00;0,00;0,00;- 3,28;11 219,22;;
2026.02.04 10:00:06;297927258;USDJPYm;buy;in;0.57; 156,649;400323065;0,00;0,00;0,00;0,00;11 219,22;KAMA Trend (Filtered) [Adaptive;
2026.02.04 10:00:08;297927274;USDJPYm;sell;out;0.57; 156,640;400323090;0,00;0,00;0,00;- 3,28;11 215,94;;
2026.02.04 10:00:09;297927280;USDJPYm;buy;in;0.57; 156,649;400323101;0,00;0,00;0,00;0,00;11 215,94;KAMA Trend (Filtered) [Adaptive;
2026.02.04 10:00:10;297927322;USDJPYm;sell;out;0.57; 156,633;400323163;0,00;0,00;0,00;- 5,82;11 210,12;;
2026.02.04 10:00:11;297927361;USDJPYm;buy;in;0.57; 156,647;400323202;0,00;0,00;0,00;0,00;11 210,12;KAMA Trend (Filtered) [Adaptive;
2026.02.04 10:00:12;297927391;USDJPYm;sell;out;0.57; 156,638;400323244;0,00;0,00;0,00;- 3,28;11 206,84;;
2026.02.04 10:00:13;297927405;USDJPYm;buy;in;0.57; 156,647;400323273;0,00;0,00;0,00;0,00;11 206,84;KAMA Trend (Filtered) [Adaptive;
2026.02.04 10:00:15;297927443;USDJPYm;sell;out;0.57; 156,640;400323325;0,00;0,00;0,00;- 2,55;11 204,29;;
2026.02.04 10:00:16;297927471;USDJPYm;buy;in;0.57; 156,660;400323358;0,00;0,00;0,00;0,00;11 204,29;KAMA Trend (Filtered) [Adaptive;
2026.02.04 10:00:17;297927476;USDJPYm;sell;out;0.57; 156,651;400323374;0,00;0,00;0,00;- 3,27;11 201,02;;
2026.02.04 10:00:18;297927482;USDJPYm;buy;in;0.57; 156,663;400323388;0,00;0,00;0,00;0,00;11 201,02;KAMA Trend (Filtered) [Adaptive;
2026.02.04 10:00:19;297927492;USDJPYm;sell;out;0.57; 156,654;400323410;0,00;0,00;0,00;- 3,27;11 197,75;;
2026.02.04 10:00:21;297927521;USDJPYm;buy;in;0.57; 156,663;400323449;0,00;0,00;0,00;0,00;11 197,75;KAMA Trend (Filtered) [Adaptive;
2026.02.04 10:00:22;297927523;USDJPYm;sell;out;0.57; 156,651;400323462;0,00;0,00;0,00;- 4,37;11 193,38;;
2026.02.04 10:00:25;297927538;USDJPYm;buy;in;0.57; 156,664;400323491;0,00;0,00;0,00;0,00;11 193,38;KAMA Trend (Filtered) [Adaptive;
2026.02.04 10:00:26;297927539;USDJPYm;sell;out;0.57; 156,651;400323495;0,00;0,00;0,00;- 4,73;11 188,65;;
2026.02.04 10:00:27;297927546;USDJPYm;buy;in;0.57; 156,657;400323502;0,00;0,00;0,00;0,00;11 188,65;KAMA Trend (Filtered) [Adaptive;
2026.02.04 10:00:29;297927552;USDJPYm;sell;out;0.57; 156,648;400323518;0,00;0,00;0,00;- 3,27;11 185,38;;
2026.02.04 10:00:34;297927562;USDJPYm;buy;in;0.57; 156,660;400323546;0,00;0,00;0,00;0,00;11 185,38;KAMA Trend (Filtered) [Adaptive;
2026.02.04 10:00:34;297927565;USDJPYm;sell;out;0.57; 156,645;400323554;0,00;0,00;0,00;- 5,46;11 179,92;;
2026.02.04 10:00:35;297927566;USDJPYm;buy;in;0.57; 156,649;400323558;0,00;0,00;0,00;0,00;11 179,92;KAMA Trend (Filtered) [Adaptive;
2026.02.04 10:00:37;297927577;USDJPYm;sell;out;0.57; 156,640;400323577;0,00;0,00;0,00;- 3,28;11 176,64;;
2026.02.04 10:00:39;297927594;USDJPYm;buy;in;0.57; 156,649;400323608;0,00;0,00;0,00;0,00;11 176,64;KAMA Trend (Filtered) [Adaptive;
2026.02.04 10:00:41;297927597;USDJPYm;sell;out;0.57; 156,640;400323613;0,00;0,00;0,00;- 3,28;11 173,36;;
2026.02.04 10:00:45;297927630;USDJPYm;buy;in;0.57; 156,649;400323659;0,00;0,00;0,00;0,00;11 173,36;KAMA Trend (Filtered) [Adaptive;
2026.02.04 10:00:53;297927670;USDJPYm;sell;out;0.57; 156,638;400323728;0,00;0,00;0,00;- 4,00;11 169,36;;
2026.02.04 10:00:54;297927679;USDJPYm;buy;in;0.57; 156,647;400323742;0,00;0,00;0,00;0,00;11 169,36;KAMA Trend (Filtered) [Adaptive;
2026.02.04 10:00:55;297927683;USDJPYm;sell;out;0.57; 156,638;400323746;0,00;0,00;0,00;- 3,28;11 166,08;;
2026.02.04 10:01:01;297927717;USDJPYm;buy;in;0.57; 156,650;400323812;0,00;0,00;0,00;0,00;11 166,08;KAMA Trend (Filtered) [Adaptive;
2026.02.04 10:01:03;297927738;USDJPYm;sell;out;0.57; 156,639;400323850;0,00;0,00;0,00;- 4,00;11 162,08;;
2026.02.04 10:01:08;297927766;USDJPYm;buy;in;0.57; 156,650;400323921;0,00;0,00;0,00;0,00;11 162,08;KAMA Trend (Filtered) [Adaptive;
2026.02.04 10:01:11;297927833;USDJPYm;sell;out;0.57; 156,641;400323998;0,00;0,00;0,00;- 3,28;11 158,80;;
2026.02.04 10:01:13;297927846;USDJPYm;buy;in;0.57; 156,652;400324016;0,00;0,00;0,00;0,00;11 158,80;KAMA Trend (Filtered) [Adaptive;
2026.02.04 10:01:13;297927848;USDJPYm;sell;out;0.57; 156,646;400324024;0,00;0,00;0,00;- 2,18;11 156,62;;
2026.02.04 10:01:15;297927871;USDJPYm;buy;in;0.57; 156,654;400324070;0,00;0,00;0,00;0,00;11 156,62;KAMA Trend (Filtered) [Adaptive;
2026.02.04 10:01:16;297927896;USDJPYm;sell;out;0.57; 156,641;400324082;0,00;0,00;0,00;- 4,73;11 151,89;;
2026.02.04 10:01:18;297927912;USDJPYm;buy;in;0.57; 156,652;400324103;0,00;0,00;0,00;0,00;11 151,89;KAMA Trend (Filtered) [Adaptive;
2026.02.04 10:01:19;297927927;USDJPYm;sell;out;0.57; 156,644;400324120;0,00;0,00;0,00;- 2,91;11 148,98;;
2026.02.04 10:01:22;297927949;USDJPYm;buy;in;0.57; 156,653;400324162;0,00;0,00;0,00;0,00;11 148,98;KAMA Trend (Filtered) [Adaptive;
2026.02.04 10:01:27;297927979;USDJPYm;sell;out;0.57; 156,637;400324218;0,00;0,00;0,00;- 5,82;11 143,16;;
2026.02.04 10:01:28;297927986;USDJPYm;buy;in;0.57; 156,648;400324228;0,00;0,00;0,00;0,00;11 143,16;KAMA Trend (Filtered) [Adaptive;
2026.02.04 10:01:31;297928004;USDJPYm;sell;out;0.57; 156,637;400324261;0,00;0,00;0,00;- 4,00;11 139,16;;
2026.02.04 10:01:33;297928017;USDJPYm;buy;in;0.57; 156,648;400324288;0,00;0,00;0,00;0,00;11 139,16;KAMA Trend (Filtered) [Adaptive;
2026.02.04 10:01:36;297928035;USDJPYm;sell;out;0.57; 156,641;400324320;0,00;0,00;0,00;- 2,55;11 136,61;;
2026.02.04 10:01:37;297928049;USDJPYm;buy;in;0.57; 156,652;400324356;0,00;0,00;0,00;0,00;11 136,61;KAMA Trend (Filtered) [Adaptive;
2026.02.04 10:01:38;297928060;USDJPYm;sell;out;0.57; 156,643;400324375;0,00;0,00;0,00;- 3,27;11 133,34;;
2026.02.04 10:01:40;297928074;USDJPYm;buy;in;0.57; 156,648;400324396;0,00;0,00;0,00;0,00;11 133,34;KAMA Trend (Filtered) [Adaptive;
2026.02.04 10:01:41;297928089;USDJPYm;sell;out;0.57; 156,639;400324419;0,00;0,00;0,00;- 3,28;11 130,06;;
2026.02.04 10:01:44;297928102;USDJPYm;buy;in;0.57; 156,648;400324439;0,00;0,00;0,00;0,00;11 130,06;KAMA Trend (Filtered) [Adaptive;
2026.02.04 10:02:00;297928298;USDJPYm;sell;out;0.57; 156,638;400324693;0,00;0,00;0,00;- 3,64;11 126,42;;
2026.02.04 10:02:07;297928377;USDJPYm;buy;in;0.57; 156,650;400324962;0,00;0,00;0,00;0,00;11 126,42;KAMA Trend (Filtered) [Adaptive;
2026.02.04 10:02:14;297928513;USDJPYm;sell;out;0.57; 156,641;400325160;0,00;0,00;0,00;- 3,28;11 123,14;;
2026.02.04 10:02:15;297928526;USDJPYm;buy;in;0.57; 156,650;400325182;0,00;0,00;0,00;0,00;11 123,14;KAMA Trend (Filtered) [Adaptive;
2026.02.04 10:02:16;297928542;USDJPYm;sell;out;0.57; 156,641;400325207;0,00;0,00;0,00;- 3,28;11 119,86;;
2026.02.04 10:02:17;297928551;USDJPYm;buy;in;0.57; 156,653;400325220;0,00;0,00;0,00;0,00;11 119,86;KAMA Trend (Filtered) [Adaptive;
2026.02.04 10:02:18;297928563;USDJPYm;sell;out;0.57; 156,645;400325228;0,00;0,00;0,00;- 2,91;11 116,95;;
2026.02.04 10:02:20;297928584;USDJPYm;buy;in;0.57; 156,654;400325260;0,00;0,00;0,00;0,00;11 116,95;KAMA Trend (Filtered) [Adaptive;
2026.02.04 10:02:25;297928727;USDJPYm;sell;out;0.57; 156,645;400325427;0,00;0,00;0,00;- 3,27;11 113,68;;
2026.02.04 10:02:32;297928895;USDJPYm;buy;in;0.57; 156,656;400325649;0,00;0,00;0,00;0,00;11 113,68;KAMA Trend (Filtered) [Adaptive;
2026.02.04 10:02:33;297928933;USDJPYm;sell;out;0.57; 156,643;400325684;0,00;0,00;0,00;- 4,73;11 108,95;;
2026.02.04 10:02:34;297928970;USDJPYm;buy;in;0.57; 156,651;400325720;0,00;0,00;0,00;0,00;11 108,95;KAMA Trend (Filtered) [Adaptive;
2026.02.04 10:02:35;297929009;USDJPYm;sell;out;0.57; 156,644;400325758;0,00;0,00;0,00;- 2,55;11 106,40;;
2026.02.04 10:02:59;297929344;USDJPYm;buy;in;0.57; 156,651;400326185;0,00;0,00;0,00;0,00;11 106,40;KAMA Trend (Filtered) [Adaptive;
2026.02.04 10:03:00;297929351;USDJPYm;sell;out;0.57; 156,642;400326195;0,00;0,00;0,00;- 3,27;11 103,13;;
2026.02.04 10:03:01;297929381;USDJPYm;buy;in;0.57; 156,651;400326252;0,00;0,00;0,00;0,00;11 103,13;KAMA Trend (Filtered) [Adaptive;
2026.02.04 10:03:04;297929463;USDJPYm;sell;out;0.57; 156,642;400326392;0,00;0,00;0,00;- 3,27;11 099,86;;
2026.02.04 10:03:19;297929818;USDJPYm;buy;in;0.57; 156,651;400326828;0,00;0,00;0,00;0,00;11 099,86;KAMA Trend (Filtered) [Adaptive;
2026.02.04 10:03:23;297929856;USDJPYm;sell;out;0.57; 156,642;400326878;0,00;0,00;0,00;- 3,27;11 096,59;;
2026.02.04 10:03:42;297929968;USDJPYm;buy;in;0.56; 156,650;400327026;0,00;0,00;0,00;0,00;11 096,59;KAMA Trend (Filtered) [Adaptive;
2026.02.04 10:03:43;297929975;USDJPYm;sell;out;0.56; 156,641;400327033;0,00;0,00;0,00;- 3,22;11 093,37;;
2026.02.04 10:03:44;297929984;USDJPYm;buy;in;0.56; 156,666;400327044;0,00;0,00;0,00;0,00;11 093,37;KAMA Trend (Filtered) [Adaptive;
2026.02.04 10:03:46;297930000;USDJPYm;sell;out;0.56; 156,659;400327062;0,00;0,00;0,00;- 2,50;11 090,87;;
2026.02.04 10:03:47;297930010;USDJPYm;buy;in;0.56; 156,668;400327092;0,00;0,00;0,00;0,00;11 090,87;KAMA Trend (Filtered) [Adaptive;
2026.02.04 10:03:49;297930032;USDJPYm;sell;out;0.56; 156,657;400327120;0,00;0,00;0,00;- 3,93;11 086,94;;
2026.02.04 10:03:50;297930038;USDJPYm;buy;in;0.56; 156,660;400327125;0,00;0,00;0,00;0,00;11 086,94;KAMA Trend (Filtered) [Adaptive;
2026.02.04 10:03:50;297930041;USDJPYm;sell;out;0.56; 156,648;400327129;0,00;0,00;0,00;- 4,29;11 082,65;;
2026.02.04 10:03:51;297930045;USDJPYm;buy;in;0.56; 156,651;400327147;0,00;0,00;0,00;0,00;11 082,65;KAMA Trend (Filtered) [Adaptive;
2026.02.04 10:03:52;297930059;USDJPYm;sell;out;0.56; 156,639;400327160;0,00;0,00;0,00;- 4,29;11 078,36;;
2026.02.04 10:03:53;297930072;USDJPYm;buy;in;0.56; 156,648;400327174;0,00;0,00;0,00;0,00;11 078,36;KAMA Trend (Filtered) [Adaptive;
2026.02.04 10:03:54;297930085;USDJPYm;sell;out;0.56; 156,636;400327190;0,00;0,00;0,00;- 4,29;11 074,07;;
2026.02.04 10:03:55;297930094;USDJPYm;buy;in;0.56; 156,645;400327205;0,00;0,00;0,00;0,00;11 074,07;KAMA Trend (Filtered) [Adaptive;
2026.02.04 10:03:57;297930105;USDJPYm;sell;out;0.56; 156,636;400327217;0,00;0,00;0,00;- 3,22;11 070,85;;
2026.02.04 10:03:58;297930114;USDJPYm;buy;in;0.56; 156,645;400327234;0,00;0,00;0,00;0,00;11 070,85;KAMA Trend (Filtered) [Adaptive;
2026.02.04 10:03:59;297930123;USDJPYm;sell;out;0.56; 156,636;400327246;0,00;0,00;0,00;- 3,22;11 067,63;;
2026.02.04 10:03:59;297930130;USDJPYm;buy;in;0.56; 156,642;400327255;0,00;0,00;0,00;0,00;11 067,63;KAMA Trend (Filtered) [Adaptive;
2026.02.04 10:04:01;297930161;USDJPYm;sell;out;0.56; 156,632;400327307;0,00;0,00;0,00;- 3,58;11 064,05;;
2026.02.04 10:04:01;297930170;USDJPYm;buy;in;0.56; 156,645;400327329;0,00;0,00;0,00;0,00;11 064,05;KAMA Trend (Filtered) [Adaptive;
2026.02.04 10:04:04;297930198;USDJPYm;sell;out;0.56; 156,636;400327390;0,00;0,00;0,00;- 3,22;11 060,83;;
2026.02.04 10:04:08;297930237;USDJPYm;buy;in;0.56; 156,645;400327481;0,00;0,00;0,00;0,00;11 060,83;KAMA Trend (Filtered) [Adaptive;
2026.02.04 10:04:12;297930300;USDJPYm;sell;out;0.56; 156,636;400327563;0,00;0,00;0,00;- 3,22;11 057,61;;
2026.02.04 10:04:12;297930316;USDJPYm;buy;in;0.56; 156,654;400327596;0,00;0,00;0,00;0,00;11 057,61;KAMA Trend (Filtered) [Adaptive;
2026.02.04 10:04:13;297930332;USDJPYm;sell;out;0.56; 156,645;400327633;0,00;0,00;0,00;- 3,22;11 054,39;;
2026.02.04 10:04:15;297930353;USDJPYm;buy;in;0.56; 156,656;400327654;0,00;0,00;0,00;0,00;11 054,39;KAMA Trend (Filtered) [Adaptive;
2026.02.04 10:04:17;297930373;USDJPYm;sell;out;0.56; 156,645;400327697;0,00;0,00;0,00;- 3,93;11 050,46;;
2026.02.04 10:04:24;297930430;USDJPYm;buy;in;0.56; 156,653;400327809;0,00;0,00;0,00;0,00;11 050,46;KAMA Trend (Filtered) [Adaptive;
2026.02.04 10:04:25;297930438;USDJPYm;sell;out;0.56; 156,642;400327822;0,00;0,00;0,00;- 3,93;11 046,53;;
2026.02.04 10:04:26;297930446;USDJPYm;buy;in;0.56; 156,653;400327835;0,00;0,00;0,00;0,00;11 046,53;KAMA Trend (Filtered) [Adaptive;
2026.02.04 10:04:28;297930502;USDJPYm;sell;out;0.56; 156,642;400327917;0,00;0,00;0,00;- 3,93;11 042,60;;
2026.02.04 10:04:28;297930504;USDJPYm;buy;in;0.56; 156,650;400327919;0,00;0,00;0,00;0,00;11 042,60;KAMA Trend (Filtered) [Adaptive;
2026.02.04 10:04:30;297930516;USDJPYm;sell;out;0.56; 156,641;400327935;0,00;0,00;0,00;- 3,22;11 039,38;;
2026.02.04 10:04:32;297930545;USDJPYm;buy;in;0.56; 156,652;400327960;0,00;0,00;0,00;0,00;11 039,38;KAMA Trend (Filtered) [Adaptive;
2026.02.04 10:04:34;297930552;USDJPYm;sell;out;0.56; 156,643;400327973;0,00;0,00;0,00;- 3,22;11 036,16;;
2026.02.04 10:04:40;297930578;USDJPYm;buy;in;0.56; 156,647;400328021;0,00;0,00;0,00;0,00;11 036,16;KAMA Trend (Filtered) [Adaptive;
2026.02.04 10:04:41;297930583;USDJPYm;sell;out;0.56; 156,636;400328025;0,00;0,00;0,00;- 3,93;11 032,23;;
2026.02.04 10:04:43;297930592;USDJPYm;buy;in;0.56; 156,645;400328041;0,00;0,00;0,00;0,00;11 032,23;KAMA Trend (Filtered) [Adaptive;
2026.02.04 10:04:50;297930609;USDJPYm;sell;out;0.56; 156,642;400328062;0,00;0,00;0,00;- 1,07;11 031,16;;
2026.02.04 10:04:52;297930612;USDJPYm;buy;in;0.56; 156,653;400328067;0,00;0,00;0,00;0,00;11 031,16;KAMA Trend (Filtered) [Adaptive;
2026.02.04 10:04:52;297930614;USDJPYm;sell;out;0.56; 156,636;400328071;0,00;0,00;0,00;- 6,08;11 025,08;;
2026.02.04 10:04:53;297930616;USDJPYm;buy;in;0.56; 156,644;400328073;0,00;0,00;0,00;0,00;11 025,08;KAMA Trend (Filtered) [Adaptive;
2026.02.04 10:04:54;297930662;USDJPYm;sell;out;0.56; 156,635;400328119;0,00;0,00;0,00;- 3,22;11 021,86;;
2026.02.04 10:04:56;297930683;USDJPYm;buy;in;0.56; 156,648;400328150;0,00;0,00;0,00;0,00;11 021,86;KAMA Trend (Filtered) [Adaptive;
2026.02.04 10:04:59;297930703;USDJPYm;sell;out;0.56; 156,635;400328183;0,00;0,00;0,00;- 4,65;11 017,21;;
2026.02.04 10:05:00;297930710;USDJPYm;buy;in;0.56; 156,645;400328194;0,00;0,00;0,00;0,00;11 017,21;KAMA Trend (Filtered) [Adaptive;
2026.02.04 10:05:00;297930747;USDJPYm;sell;out;0.56; 156,632;400328257;0,00;0,00;0,00;- 4,65;11 012,56;;
2026.02.04 10:05:02;297930757;USDJPYm;buy;in;0.56; 156,641;400328273;0,00;0,00;0,00;0,00;11 012,56;KAMA Trend (Filtered) [Adaptive;
2026.02.04 10:05:03;297930767;USDJPYm;sell;out;0.56; 156,632;400328286;0,00;0,00;0,00;- 3,22;11 009,34;;
2026.02.04 10:05:07;297930780;USDJPYm;buy;in;0.56; 156,635;400328309;0,00;0,00;0,00;0,00;11 009,34;KAMA Trend (Filtered) [Adaptive;
2026.02.04 10:05:08;297930782;USDJPYm;sell;out;0.56; 156,623;400328312;0,00;0,00;0,00;- 4,29;11 005,05;;
2026.02.04 10:05:09;297930803;USDJPYm;buy;in;0.56; 156,631;400328364;0,00;0,00;0,00;0,00;11 005,05;KAMA Trend (Filtered) [Adaptive;
2026.02.04 10:05:10;297930822;USDJPYm;sell;out;0.56; 156,622;400328404;0,00;0,00;0,00;- 3,22;11 001,83;;
2026.02.04 10:05:11;297930843;USDJPYm;buy;in;0.56; 156,633;400328425;0,00;0,00;0,00;0,00;11 001,83;KAMA Trend (Filtered) [Adaptive;
2026.02.04 10:05:15;297930864;USDJPYm;sell;out;0.56; 156,624;400328461;0,00;0,00;0,00;- 3,22;10 998,61;;
2026.02.04 10:05:17;297930879;USDJPYm;buy;in;0.56; 156,635;400328490;0,00;0,00;0,00;0,00;10 998,61;KAMA Trend (Filtered) [Adaptive;
2026.02.04 10:05:18;297930884;USDJPYm;sell;out;0.56; 156,624;400328504;0,00;0,00;0,00;- 3,93;10 994,68;;
2026.02.04 10:05:20;297930892;USDJPYm;buy;in;0.56; 156,633;400328518;0,00;0,00;0,00;0,00;10 994,68;KAMA Trend (Filtered) [Adaptive;
2026.02.04 10:05:21;297930893;USDJPYm;sell;out;0.56; 156,621;400328523;0,00;0,00;0,00;- 4,29;10 990,39;;
2026.02.04 10:05:23;297930904;USDJPYm;buy;in;0.56; 156,627;400328550;0,00;0,00;0,00;0,00;10 990,39;KAMA Trend (Filtered) [Adaptive;
2026.02.04 10:05:35;297930962;USDJPYm;sell;out;0.56; 156,620;400328678;0,00;0,00;0,00;- 2,50;10 987,89;;
2026.02.04 10:05:36;297930964;USDJPYm;buy;in;0.56; 156,631;400328686;0,00;0,00;0,00;0,00;10 987,89;KAMA Trend (Filtered) [Adaptive;
2026.02.04 10:05:37;297930969;USDJPYm;sell;out;0.56; 156,620;400328696;0,00;0,00;0,00;- 3,93;10 983,96;;
2026.02.04 10:05:39;297930971;USDJPYm;buy;in;0.56; 156,629;400328707;0,00;0,00;0,00;0,00;10 983,96;KAMA Trend (Filtered) [Adaptive;
2026.02.04 10:05:53;297931021;USDJPYm;sell;out;0.56; 156,622;400328818;0,00;0,00;0,00;- 2,50;10 981,46;;
2026.02.04 10:05:55;297931028;USDJPYm;buy;in;0.56; 156,620;400328826;0,00;0,00;0,00;0,00;10 981,46;KAMA Trend (Filtered) [Adaptive;
2026.02.04 10:06:08;297931096;USDJPYm;sell;out;0.56; 156,621;400329044;0,00;0,00;0,00; 0,36;10 981,82;;
2026.02.04 10:06:09;297931121;USDJPYm;buy;in;0.56; 156,630;400329103;0,00;0,00;0,00;0,00;10 981,82;KAMA Trend (Filtered) [Adaptive;
2026.02.04 10:06:15;297931147;USDJPYm;sell;out;0.56; 156,620;400329181;0,00;0,00;0,00;- 3,58;10 978,24;;
2026.02.04 10:06:18;297931162;USDJPYm;buy;in;0.56; 156,629;400329214;0,00;0,00;0,00;0,00;10 978,24;KAMA Trend (Filtered) [Adaptive;
2026.02.04 10:06:35;297931243;USDJPYm;sell;out;0.56; 156,621;400329419;0,00;0,00;0,00;- 2,86;10 975,38;;
2026.02.04 10:06:37;297931288;USDJPYm;buy;in;0.56; 156,630;400329471;0,00;0,00;0,00;0,00;10 975,38;KAMA Trend (Filtered) [Adaptive;
2026.02.04 10:06:40;297931410;USDJPYm;sell;out;0.56; 156,622;400329543;0,00;0,00;0,00;- 2,86;10 972,52;;
2026.02.04 10:06:40;297931412;USDJPYm;buy;in;0.56; 156,629;400329547;0,00;0,00;0,00;0,00;10 972,52;KAMA Trend (Filtered) [Adaptive;
2026.02.04 10:06:49;297931711;USDJPYm;sell;out;0.56; 156,620;400329954;0,00;0,00;0,00;- 3,22;10 969,30;;
2026.02.04 10:06:51;297931733;USDJPYm;buy;in;0.56; 156,629;400329990;0,00;0,00;0,00;0,00;10 969,30;KAMA Trend (Filtered) [Adaptive;
2026.02.04 10:07:29;297932328;USDJPYm;sell;out;0.56; 156,620;400330789;0,00;0,00;0,00;- 3,22;10 966,08;;
2026.02.04 10:07:30;297932335;USDJPYm;buy;in;0.56; 156,629;400330804;0,00;0,00;0,00;0,00;10 966,08;KAMA Trend (Filtered) [Adaptive;
2026.02.04 10:07:31;297932357;USDJPYm;sell;out;0.56; 156,620;400330838;0,00;0,00;0,00;- 3,22;10 962,86;;
2026.02.04 10:07:34;297932406;USDJPYm;buy;in;0.56; 156,632;400330889;0,00;0,00;0,00;0,00;10 962,86;KAMA Trend (Filtered) [Adaptive;
2026.02.04 10:07:35;297932416;USDJPYm;sell;out;0.56; 156,621;400330897;0,00;0,00;0,00;- 3,93;10 958,93;;
2026.02.04 10:07:40;297932478;USDJPYm;buy;in;0.56; 156,632;400330970;0,00;0,00;0,00;0,00;10 958,93;KAMA Trend (Filtered) [Adaptive;
2026.02.04 10:07:42;297932487;USDJPYm;sell;out;0.56; 156,621;400330984;0,00;0,00;0,00;- 3,93;10 955,00;;
2026.02.04 10:07:44;297932498;USDJPYm;buy;in;0.56; 156,630;400331005;0,00;0,00;0,00;0,00;10 955,00;KAMA Trend (Filtered) [Adaptive;
2026.02.04 10:07:50;297932512;USDJPYm;sell;out;0.56; 156,621;400331033;0,00;0,00;0,00;- 3,22;10 951,78;;
2026.02.04 10:07:56;297932538;USDJPYm;buy;in;0.56; 156,632;400331065;0,00;0,00;0,00;0,00;10 951,78;KAMA Trend (Filtered) [Adaptive;
2026.02.04 10:08:00;297932596;USDJPYm;sell;out;0.56; 156,623;400331146;0,00;0,00;0,00;- 3,22;10 948,56;;
2026.02.04 10:08:05;297932658;USDJPYm;buy;in;0.56; 156,632;400331315;0,00;0,00;0,00;0,00;10 948,56;KAMA Trend (Filtered) [Adaptive;
2026.02.04 10:08:06;297932664;USDJPYm;sell;out;0.56; 156,618;400331327;0,00;0,00;0,00;- 5,01;10 943,55;;
2026.02.04 10:08:08;297932676;USDJPYm;buy;in;0.56; 156,630;400331371;0,00;0,00;0,00;0,00;10 943,55;KAMA Trend (Filtered) [Adaptive;
2026.02.04 10:08:09;297932678;USDJPYm;sell;out;0.56; 156,622;400331375;0,00;0,00;0,00;- 2,86;10 940,69;;
2026.02.04 10:08:10;297932687;USDJPYm;buy;in;0.56; 156,639;400331392;0,00;0,00;0,00;0,00;10 940,69;KAMA Trend (Filtered) [Adaptive;
2026.02.04 10:08:11;297932691;USDJPYm;sell;out;0.56; 156,633;400331399;0,00;0,00;0,00;- 2,15;10 938,54;;
2026.02.04 10:08:13;297932704;USDJPYm;buy;in;0.56; 156,645;400331423;0,00;0,00;0,00;0,00;10 938,54;KAMA Trend (Filtered) [Adaptive;
2026.02.04 10:08:14;297932708;USDJPYm;sell;out;0.56; 156,634;400331432;0,00;0,00;0,00;- 3,93;10 934,61;;
2026.02.04 10:08:15;297932717;USDJPYm;buy;in;0.56; 156,643;400331449;0,00;0,00;0,00;0,00;10 934,61;KAMA Trend (Filtered) [Adaptive;
2026.02.04 10:08:18;297932731;USDJPYm;sell;out;0.56; 156,632;400331483;0,00;0,00;0,00;- 3,93;10 930,68;;
2026.02.04 10:08:19;297932734;USDJPYm;buy;in;0.56; 156,645;400331492;0,00;0,00;0,00;0,00;10 930,68;KAMA Trend (Filtered) [Adaptive;
2026.02.04 10:08:19;297932737;USDJPYm;sell;out;0.56; 156,644;400331499;0,00;0,00;0,00;- 0,36;10 930,32;;
2026.02.04 10:08:20;297932741;USDJPYm;buy;in;0.56; 156,649;400331511;0,00;0,00;0,00;0,00;10 930,32;KAMA Trend (Filtered) [Adaptive;
2026.02.04 10:08:22;297932745;USDJPYm;sell;out;0.56; 156,637;400331524;0,00;0,00;0,00;- 4,29;10 926,03;;
2026.02.04 10:08:25;297932763;USDJPYm;buy;in;0.56; 156,648;400331565;0,00;0,00;0,00;0,00;10 926,03;KAMA Trend (Filtered) [Adaptive;
2026.02.04 10:08:26;297932786;USDJPYm;sell;out;0.56; 156,641;400331602;0,00;0,00;0,00;- 2,50;10 923,53;;
2026.02.04 10:08:27;297932806;USDJPYm;buy;in;0.56; 156,652;400331624;0,00;0,00;0,00;0,00;10 923,53;KAMA Trend (Filtered) [Adaptive;
2026.02.04 10:08:29;297932825;USDJPYm;sell;out;0.56; 156,642;400331649;0,00;0,00;0,00;- 3,58;10 919,95;;
2026.02.04 10:08:30;297932840;USDJPYm;buy;in;0.56; 156,654;400331667;0,00;0,00;0,00;0,00;10 919,95;KAMA Trend (Filtered) [Adaptive;
2026.02.04 10:08:31;297932852;USDJPYm;sell;out;0.56; 156,646;400331676;0,00;0,00;0,00;- 2,86;10 917,09;;
2026.02.04 10:08:35;297932870;USDJPYm;buy;in;0.56; 156,655;400331704;0,00;0,00;0,00;0,00;10 917,09;KAMA Trend (Filtered) [Adaptive;
2026.02.04 10:08:39;297932881;USDJPYm;sell;out;0.56; 156,644;400331726;0,00;0,00;0,00;- 3,93;10 913,16;;
2026.02.04 10:08:43;297932896;USDJPYm;buy;in;0.56; 156,653;400331742;0,00;0,00;0,00;0,00;10 913,16;KAMA Trend (Filtered) [Adaptive;
2026.02.04 10:08:44;297932903;USDJPYm;sell;out;0.56; 156,634;400331753;0,00;0,00;0,00;- 6,79;10 906,37;;
2026.02.04 10:08:45;297932908;USDJPYm;buy;in;0.56; 156,642;400331760;0,00;0,00;0,00;0,00;10 906,37;KAMA Trend (Filtered) [Adaptive;
2026.02.04 10:08:45;297932912;USDJPYm;sell;out;0.56; 156,637;400331763;0,00;0,00;0,00;- 1,79;10 904,58;;
2026.02.04 10:08:47;297932920;USDJPYm;buy;in;0.56; 156,649;400331775;0,00;0,00;0,00;0,00;10 904,58;KAMA Trend (Filtered) [Adaptive;
2026.02.04 10:08:48;297932923;USDJPYm;sell;out;0.56; 156,636;400331783;0,00;0,00;0,00;- 4,65;10 899,93;;
2026.02.04 10:08:52;297933057;USDJPYm;buy;in;0.55; 156,651;400331930;0,00;0,00;0,00;0,00;10 899,93;KAMA Trend (Filtered) [Adaptive;
2026.02.04 10:08:53;297933061;USDJPYm;sell;out;0.55; 156,642;400331937;0,00;0,00;0,00;- 3,16;10 896,77;;
2026.02.04 10:08:54;297933067;USDJPYm;buy;in;0.55; 156,649;400331941;0,00;0,00;0,00;0,00;10 896,77;KAMA Trend (Filtered) [Adaptive;
2026.02.04 10:08:55;297933068;USDJPYm;sell;out;0.55; 156,637;400331945;0,00;0,00;0,00;- 4,21;10 892,56;;
2026.02.04 10:08:56;297933071;USDJPYm;buy;in;0.55; 156,646;400331949;0,00;0,00;0,00;0,00;10 892,56;KAMA Trend (Filtered) [Adaptive;
2026.02.04 10:08:57;297933076;USDJPYm;sell;out;0.55; 156,637;400331951;0,00;0,00;0,00;- 3,16;10 889,40;;
2026.02.04 10:08:58;297933079;USDJPYm;buy;in;0.55; 156,646;400331958;0,00;0,00;0,00;0,00;10 889,40;KAMA Trend (Filtered) [Adaptive;
2026.02.04 10:09:00;297933088;USDJPYm;sell;out;0.55; 156,636;400331971;0,00;0,00;0,00;- 3,51;10 885,89;;
2026.02.04 10:09:02;297933113;USDJPYm;buy;in;0.55; 156,652;400332046;0,00;0,00;0,00;0,00;10 885,89;KAMA Trend (Filtered) [Adaptive;
2026.02.04 10:09:02;297933115;USDJPYm;sell;out;0.55; 156,636;400332056;0,00;0,00;0,00;- 5,62;10 880,27;;
2026.02.04 10:09:04;297933126;USDJPYm;buy;in;0.55; 156,645;400332088;0,00;0,00;0,00;0,00;10 880,27;KAMA Trend (Filtered) [Adaptive;
2026.02.04 10:09:05;297933138;USDJPYm;sell;out;0.55; 156,636;400332101;0,00;0,00;0,00;- 3,16;10 877,11;;
2026.02.04 10:09:10;297933150;USDJPYm;buy;in;0.55; 156,650;400332120;0,00;0,00;0,00;0,00;10 877,11;KAMA Trend (Filtered) [Adaptive;
2026.02.04 10:09:12;297933155;USDJPYm;sell;out;0.55; 156,641;400332130;0,00;0,00;0,00;- 3,16;10 873,95;;
2026.02.04 10:09:12;297933156;USDJPYm;buy;in;0.55; 156,648;400332131;0,00;0,00;0,00;0,00;10 873,95;KAMA Trend (Filtered) [Adaptive;
2026.02.04 10:09:13;297933162;USDJPYm;sell;out;0.55; 156,636;400332137;0,00;0,00;0,00;- 4,21;10 869,74;;
2026.02.04 10:09:21;297933433;USDJPYm;buy;in;0.55; 156,645;400332408;0,00;0,00;0,00;0,00;10 869,74;KAMA Trend (Filtered) [Adaptive;
2026.02.04 10:09:23;297933437;USDJPYm;sell;out;0.55; 156,634;400332414;0,00;0,00;0,00;- 3,86;10 865,88;;
2026.02.04 10:09:27;297933454;USDJPYm;buy;in;0.55; 156,646;400332431;0,00;0,00;0,00;0,00;10 865,88;KAMA Trend (Filtered) [Adaptive;
2026.02.04 10:09:28;297933458;USDJPYm;sell;out;0.55; 156,635;400332441;0,00;0,00;0,00;- 3,86;10 862,02;;
2026.02.04 10:09:29;297933465;USDJPYm;buy;in;0.55; 156,644;400332451;0,00;0,00;0,00;0,00;10 862,02;KAMA Trend (Filtered) [Adaptive;
2026.02.04 10:09:30;297933467;USDJPYm;sell;out;0.55; 156,635;400332462;0,00;0,00;0,00;- 3,16;10 858,86;;
2026.02.04 10:09:32;297933471;USDJPYm;buy;in;0.55; 156,644;400332466;0,00;0,00;0,00;0,00;10 858,86;KAMA Trend (Filtered) [Adaptive;
2026.02.04 10:09:35;297933491;USDJPYm;sell;out;0.55; 156,636;400332489;0,00;0,00;0,00;- 2,81;10 856,05;;
2026.02.04 10:09:38;297933510;USDJPYm;buy;in;0.55; 156,645;400332508;0,00;0,00;0,00;0,00;10 856,05;KAMA Trend (Filtered) [Adaptive;
2026.02.04 10:09:39;297933539;USDJPYm;sell;out;0.55; 156,631;400332552;0,00;0,00;0,00;- 4,92;10 851,13;;
2026.02.04 10:09:40;297933575;USDJPYm;buy;in;0.55; 156,640;400332595;0,00;0,00;0,00;0,00;10 851,13;KAMA Trend (Filtered) [Adaptive;
2026.02.04 10:09:41;297933602;USDJPYm;sell;out;0.55; 156,631;400332612;0,00;0,00;0,00;- 3,16;10 847,97;;
2026.02.04 10:09:45;297933641;USDJPYm;buy;in;0.55; 156,640;400332657;0,00;0,00;0,00;0,00;10 847,97;KAMA Trend (Filtered) [Adaptive;
2026.02.04 10:09:47;297933655;USDJPYm;sell;out;0.55; 156,632;400332678;0,00;0,00;0,00;- 2,81;10 845,16;;
2026.02.04 10:09:49;297933668;USDJPYm;buy;in;0.55; 156,641;400332694;0,00;0,00;0,00;0,00;10 845,16;KAMA Trend (Filtered) [Adaptive;
2026.02.04 10:09:51;297933697;USDJPYm;sell;out;0.55; 156,632;400332743;0,00;0,00;0,00;- 3,16;10 842,00;;
2026.02.04 10:09:53;297933762;USDJPYm;buy;in;0.55; 156,641;400332827;0,00;0,00;0,00;0,00;10 842,00;KAMA Trend (Filtered) [Adaptive;
2026.02.04 10:09:55;297933793;USDJPYm;sell;out;0.55; 156,630;400332857;0,00;0,00;0,00;- 3,86;10 838,14;;
2026.02.04 10:09:56;297933802;USDJPYm;buy;in;0.55; 156,642;400332865;0,00;0,00;0,00;0,00;10 838,14;KAMA Trend (Filtered) [Adaptive;
2026.02.04 10:09:59;297933816;USDJPYm;sell;out;0.55; 156,631;400332894;0,00;0,00;0,00;- 3,86;10 834,28;;
2026.02.04 10:10:00;297933849;USDJPYm;buy;in;0.55; 156,642;400332942;0,00;0,00;0,00;0,00;10 834,28;KAMA Trend (Filtered) [Adaptive;
2026.02.04 10:10:07;297933909;USDJPYm;sell;out;0.55; 156,622;400333141;0,00;0,00;0,00;- 7,02;10 827,26;;
2026.02.04 10:10:08;297933911;USDJPYm;buy;in;0.55; 156,635;400333151;0,00;0,00;0,00;0,00;10 827,26;KAMA Trend (Filtered) [Adaptive;
2026.02.04 10:10:09;297933920;USDJPYm;sell;out;0.55; 156,620;400333166;0,00;0,00;0,00;- 5,27;10 821,99;;
2026.02.04 10:10:09;297933922;USDJPYm;buy;in;0.55; 156,641;400333177;0,00;0,00;0,00;0,00;10 821,99;KAMA Trend (Filtered) [Adaptive;
2026.02.04 10:10:09;297933924;USDJPYm;sell;out;0.55; 156,632;400333183;0,00;0,00;0,00;- 3,16;10 818,83;;
2026.02.04 10:10:11;297933943;USDJPYm;buy;in;0.55; 156,648;400333213;0,00;0,00;0,00;0,00;10 818,83;KAMA Trend (Filtered) [Adaptive;
2026.02.04 10:10:12;297933981;USDJPYm;sell;out;0.55; 156,640;400333306;0,00;0,00;0,00;- 2,81;10 816,02;;
2026.02.04 10:10:13;297934004;USDJPYm;buy;in;0.55; 156,642;400333326;0,00;0,00;0,00;0,00;10 816,02;KAMA Trend (Filtered) [Adaptive;
2026.02.04 10:10:19;297934164;USDJPYm;sell;out;0.55; 156,633;400333487;0,00;0,00;0,00;- 3,16;10 812,86;;
2026.02.04 10:10:23;297934208;USDJPYm;buy;in;0.55; 156,640;400333550;0,00;0,00;0,00;0,00;10 812,86;KAMA Trend (Filtered) [Adaptive;
2026.02.04 10:10:26;297934246;USDJPYm;sell;out;0.55; 156,631;400333618;0,00;0,00;0,00;- 3,16;10 809,70;;
2026.02.04 10:10:28;297934290;USDJPYm;buy;in;0.55; 156,642;400333665;0,00;0,00;0,00;0,00;10 809,70;KAMA Trend (Filtered) [Adaptive;
2026.02.04 10:10:31;297934415;USDJPYm;sell;out;0.55; 156,620;400333810;0,00;0,00;0,00;- 7,73;10 801,97;;
2026.02.04 10:10:32;297934424;USDJPYm;buy;in;0.55; 156,631;400333834;0,00;0,00;0,00;0,00;10 801,97;KAMA Trend (Filtered) [Adaptive;
2026.02.04 10:10:33;297934440;USDJPYm;sell;out;0.55; 156,625;400333859;0,00;0,00;0,00;- 2,11;10 799,86;;
2026.02.04 10:10:34;297934442;USDJPYm;buy;in;0.55; 156,637;400333863;0,00;0,00;0,00;0,00;10 799,86;KAMA Trend (Filtered) [Adaptive;
2026.02.04 10:10:35;297934449;USDJPYm;sell;out;0.55; 156,628;400333874;0,00;0,00;0,00;- 3,16;10 796,70;;
2026.02.04 10:10:35;297934457;USDJPYm;buy;in;0.55; 156,634;400333877;0,00;0,00;0,00;0,00;10 796,70;KAMA Trend (Filtered) [Adaptive;
2026.02.04 10:10:36;297934470;USDJPYm;sell;out;0.55; 156,625;400333896;0,00;0,00;0,00;- 3,16;10 793,54;;
2026.02.04 10:10:40;297934569;USDJPYm;buy;in;0.55; 156,634;400334011;0,00;0,00;0,00;0,00;10 793,54;KAMA Trend (Filtered) [Adaptive;
2026.02.04 10:10:41;297934579;USDJPYm;sell;out;0.55; 156,623;400334020;0,00;0,00;0,00;- 3,86;10 789,68;;
2026.02.04 10:10:42;297934594;USDJPYm;buy;in;0.55; 156,635;400334036;0,00;0,00;0,00;0,00;10 789,68;KAMA Trend (Filtered) [Adaptive;
2026.02.04 10:10:43;297934627;USDJPYm;sell;out;0.55; 156,623;400334068;0,00;0,00;0,00;- 4,21;10 785,47;;
2026.02.04 10:10:44;297934633;USDJPYm;buy;in;0.55; 156,634;400334078;0,00;0,00;0,00;0,00;10 785,47;KAMA Trend (Filtered) [Adaptive;
2026.02.04 10:10:45;297934640;USDJPYm;sell;out;0.55; 156,632;400334092;0,00;0,00;0,00;- 0,70;10 784,77;;
2026.02.04 10:10:47;297934669;USDJPYm;buy;in;0.55; 156,641;400334118;0,00;0,00;0,00;0,00;10 784,77;KAMA Trend (Filtered) [Adaptive;
2026.02.04 10:11:00;297934793;USDJPYm;sell;out;0.55; 156,631;400334289;0,00;0,00;0,00;- 3,51;10 781,26;;
2026.02.04 10:11:07;297934851;USDJPYm;buy;in;0.55; 156,640;400334429;0,00;0,00;0,00;0,00;10 781,26;KAMA Trend (Filtered) [Adaptive;
2026.02.04 10:11:09;297934862;USDJPYm;sell;out;0.55; 156,631;400334450;0,00;0,00;0,00;- 3,16;10 778,10;;
2026.02.04 10:11:15;297934902;USDJPYm;buy;in;0.55; 156,647;400334489;0,00;0,00;0,00;0,00;10 778,10;KAMA Trend (Filtered) [Adaptive;
2026.02.04 10:11:15;297934903;USDJPYm;sell;out;0.55; 156,635;400334491;0,00;0,00;0,00;- 4,21;10 773,89;;
2026.02.04 10:11:21;297934913;USDJPYm;buy;in;0.55; 156,646;400334510;0,00;0,00;0,00;0,00;10 773,89;KAMA Trend (Filtered) [Adaptive;
2026.02.04 10:11:26;297934943;USDJPYm;sell;out;0.55; 156,635;400334547;0,00;0,00;0,00;- 3,86;10 770,03;;
2026.02.04 10:11:40;297935123;USDJPYm;buy;in;0.55; 156,662;400334745;0,00;0,00;0,00;0,00;10 770,03;KAMA Trend (Filtered) [Adaptive;
2026.02.04 10:11:42;297935125;USDJPYm;sell;out;0.55; 156,651;400334754;0,00;0,00;0,00;- 3,86;10 766,17;;
2026.02.04 10:11:44;297935162;USDJPYm;buy;in;0.55; 156,656;400334812;0,00;0,00;0,00;0,00;10 766,17;KAMA Trend (Filtered) [Adaptive;
2026.02.04 10:11:44;297935165;USDJPYm;sell;out;0.55; 156,643;400334814;0,00;0,00;0,00;- 4,56;10 761,61;;
2026.02.04 10:11:45;297935177;USDJPYm;buy;in;0.55; 156,654;400334822;0,00;0,00;0,00;0,00;10 761,61;KAMA Trend (Filtered) [Adaptive;
2026.02.04 10:11:51;297935186;USDJPYm;sell;out;0.55; 156,645;400334854;0,00;0,00;0,00;- 3,16;10 758,45;;
2026.02.04 10:11:52;297935190;USDJPYm;buy;in;0.55; 156,654;400334858;0,00;0,00;0,00;0,00;10 758,45;KAMA Trend (Filtered) [Adaptive;
2026.02.04 10:11:59;297935224;USDJPYm;sell;out;0.55; 156,643;400334940;0,00;0,00;0,00;- 3,86;10 754,59;;
2026.02.04 10:12:01;297935248;USDJPYm;buy;in;0.55; 156,653;400334987;0,00;0,00;0,00;0,00;10 754,59;KAMA Trend (Filtered) [Adaptive;
2026.02.04 10:12:04;297935258;USDJPYm;sell;out;0.55; 156,646;400335063;0,00;0,00;0,00;- 2,46;10 752,13;;
2026.02.04 10:12:05;297935262;USDJPYm;buy;in;0.55; 156,654;400335086;0,00;0,00;0,00;0,00;10 752,13;KAMA Trend (Filtered) [Adaptive;
2026.02.04 10:12:06;297935268;USDJPYm;sell;out;0.55; 156,646;400335100;0,00;0,00;0,00;- 2,81;10 749,32;;
2026.02.04 10:12:12;297935330;USDJPYm;buy;in;0.55; 156,655;400335196;0,00;0,00;0,00;0,00;10 749,32;KAMA Trend (Filtered) [Adaptive;
2026.02.04 10:12:17;297935348;USDJPYm;sell;out;0.55; 156,644;400335220;0,00;0,00;0,00;- 3,86;10 745,46;;
2026.02.04 10:12:19;297935355;USDJPYm;buy;in;0.55; 156,655;400335244;0,00;0,00;0,00;0,00;10 745,46;KAMA Trend (Filtered) [Adaptive;
2026.02.04 10:12:22;297935365;USDJPYm;sell;out;0.55; 156,646;400335266;0,00;0,00;0,00;- 3,16;10 742,30;;
2026.02.04 10:12:32;297935409;USDJPYm;buy;in;0.55; 156,653;400335354;0,00;0,00;0,00;0,00;10 742,30;KAMA Trend (Filtered) [Adaptive;
2026.02.04 10:12:33;297935420;USDJPYm;sell;out;0.55; 156,644;400335365;0,00;0,00;0,00;- 3,16;10 739,14;;
2026.02.04 11:35:29;297998124;BTCUSDm;sell;in;0.15;75 871,26;400425061;0,00;0,00;0,00;0,00;10 739,14;KAMA Trend (Filtered) [Adaptive;
2026.02.04 13:55:30;298131411;BTCUSDm;buy;out;0.15;75 070,48;400609062;0,00;0,00;0,00; 120,12;10 859,26;;
2026.02.04 13:55:30;298131433;BTCUSDm;sell;in;0.14;75 061,85;400609118;0,00;0,00;0,00;0,00;10 859,26;KAMA Trend (Filtered) [Adaptive;
2026.02.04 13:56:18;298132391;BTCUSDm;buy;out;0.14;75 038,75;400610475;0,00;0,00;0,00; 3,23;10 862,49;;
2026.02.04 13:57:13;298133031;BTCUSDm;sell;in;0.14;74 970,85;400611420;0,00;0,00;0,00;0,00;10 862,49;KAMA Trend (Filtered) [Adaptive;
2026.02.04 14:36:36;298196841;BTCUSDm;buy;out;0.14;75 492,03;400705841;0,00;0,00;0,00;- 72,96;10 789,53;[sl 75492.03];
2026.02.04 14:36:36;298196856;BTCUSDm;sell;in;0.11;75 493,37;400705849;0,00;0,00;0,00;0,00;10 789,53;KAMA Trend (Filtered) [Adaptive;
2026.02.04 15:02:16;298249444;BTCUSDm;buy;out;0.11;73 800,06;400795338;0,00;0,00;0,00; 186,26;10 975,79;[tp 73800.06];
2026.02.04 15:02:17;298249480;BTCUSDm;sell;in;0.09;73 759,70;400795368;0,00;0,00;0,00;0,00;10 975,79;KAMA Trend (Filtered) [Adaptive;
2026.02.04 15:09:23;298261274;BTCUSDm;buy;out;0.09;74 911,11;400813243;0,00;0,00;0,00;- 103,63;10 872,16;[sl 74911.11];
2026.02.04 15:09:23;298261338;BTCUSDm;sell;in;0.09;74 901,54;400813302;0,00;0,00;0,00;0,00;10 872,16;KAMA Trend (Filtered) [Adaptive;
2026.02.04 17:10:31;298512397;BTCUSDm;buy;out;0.09;72 718,56;401187421;0,00;0,00;0,00; 196,47;11 068,63;[tp 72766.63];
2026.02.04 17:10:31;298512411;BTCUSDm;sell;in;0.05;72 692,54;401187430;0,00;0,00;0,00;0,00;11 068,63;KAMA Trend (Filtered) [Adaptive;
2026.02.04 22:22:07;298885289;BTCUSDm;buy;out;0.05;73 135,19;401713121;0,00;0,00;0,00;- 22,13;11 046,50;[sl 73135.19];
2026.02.04 22:22:07;298885293;BTCUSDm;sell;in;0.07;73 125,39;401713125;0,00;0,00;0,00;0,00;11 046,50;KAMA Trend (Filtered) [Adaptive;
2026.02.05 01:53:04;299121780;BTCUSDm;buy;out;0.07;72 433,84;402059084;0,00;0,00;0,00; 48,41;11 094,91;;
2026.02.05 11:43:00;299785067;BTCXAGm;buy;in;0.5; 899,897;403088700;0,00;0,00;0,00;0,00;11 094,91;KAMA Trend (Filtered) [Adaptive;
2026.02.05 12:00:00;299799589;XAGUSDm;sell;in;0.01; 78,392;403109604;0,00;0,00;0,00;0,00;11 094,91;KAMA Trend (Filtered) [Adaptive;
2026.02.05 13:11:06;299905349;XAGUSDm;buy;out;0.01; 76,903;403268207;0,00;0,00;0,00; 74,45;11 169,36;[sl 76.903];
2026.02.05 13:11:15;299905795;BTCXAGm;sell;out;0.5; 902,645;403268814;0,00;0,00;0,00; 105,43;11 274,79;[sl 902.645];
2026.02.05 13:11:15;299905827;BTCXAGm;buy;in;0.5; 903,301;403268838;0,00;0,00;0,00;0,00;11 274,79;KAMA Trend (Filtered) [Adaptive;
2026.02.05 14:10:00;299990664;XAGUSDm;sell;in;0.01; 75,109;403394234;0,00;0,00;0,00;0,00;11 274,79;KAMA Trend (Filtered) [Adaptive;
2026.02.05 14:40:04;300049640;XAGUSDm;buy;out;0.01; 75,973;403482504;0,00;0,00;0,00;- 43,20;11 231,59;[sl 75.973];
2026.02.05 14:40:04;300049668;XAGUSDm;sell;in;0.01; 75,893;403482525;0,00;0,00;0,00;0,00;11 231,59;KAMA Trend (Filtered) [Adaptive;
2026.02.05 14:40:40;300050832;BTCXAGm;sell;out;0.5; 927,125;403484368;0,00;0,00;0,00; 903,93;12 135,52;[sl 927.125];
2026.02.05 14:40:41;300050863;BTCXAGm;buy;in;0.5; 928,353;403484404;0,00;0,00;0,00;0,00;12 135,52;KAMA Trend (Filtered) [Adaptive;
2026.02.05 15:00:26;300083220;BTCXAGm;sell;out;0.5; 898,075;403535808;0,00;0,00;0,00;-1 169,10;10 966,42;[sl 898.075];
2026.02.05 15:15:00;300115409;AMDm;sell;in;0.16; 193,34;403580101;0,00;0,00;0,00;0,00;10 966,42;KAMA Trend (Filtered) [Manual];
2026.02.05 16:02:52;300212210;XAGUSDm;buy;out;0.01; 75,021;403717263;0,00;0,00;0,00; 43,60;11 010,02;[sl 75.021];
2026.02.05 16:02:52;300212217;XAGUSDm;sell;in;0.01; 74,945;403717267;0,00;0,00;0,00;0,00;11 010,02;KAMA Trend (Filtered) [Adaptive;
2026.02.05 16:24:56;300253349;AMDm;buy;out;0.16; 195,43;403774818;0,00;0,00;0,00;- 33,44;10 976,58;[sl 195.42];
2026.02.05 16:38:21;300272673;XAGUSDm;buy;out;0.01; 76,515;403803433;0,00;0,00;0,00;- 78,50;10 898,08;[sl 76.515];
2026.02.05 17:10:00;300329474;XAGUSDm;sell;in;0.01; 76,697;403884488;0,00;0,00;0,00;0,00;10 898,08;KAMA Trend (Filtered) [Adaptive;
2026.02.05 18:24:03;300444238;XAGUSDm;buy;out;0.01; 76,830;404043700;0,00;0,00;0,00;- 6,65;10 891,43;[sl 76.830];
2026.02.05 18:24:04;300444262;XAGUSDm;sell;in;0.01; 76,736;404043714;0,00;0,00;0,00;0,00;10 891,43;KAMA Trend (Filtered) [Adaptive;
2026.02.05 19:00:00;300500742;AMDm;sell;in;0.52; 191,11;404115691;0,00;0,00;0,00;0,00;10 891,43;KAMA Trend (Filtered) [Manual];
2026.02.05 19:18:26;300527977;AMDm;buy;out;0.52; 193,20;404152093;0,00;0,00;0,00;- 108,68;10 782,75;[sl 193.19];
2026.02.05 23:02:33;300768439;BTCXAGm;buy;in;0.5; 907,283;404481146;0,00;0,00;0,00;0,00;10 782,75;KAMA Trend (Filtered) [Adaptive;
2026.02.05 23:14:16;300780786;XAGUSDm;buy;out;0.01; 70,260;404498049;0,00;0,00;0,00; 323,80;11 106,55;[tp 70.260];
2026.02.05 23:14:17;300780818;XAGUSDm;sell;in;0.01; 70,200;404498063;0,00;0,00;0,00;0,00;11 106,55;KAMA Trend (Filtered) [Adaptive;
2026.02.05 23:18:16;300786362;XAGUSDm;buy;out;0.01; 68,816;404505470;0,00;0,00;0,00; 69,20;11 175,75;;
2026.02.05 23:33:16;300805846;XAGUSDm;sell;in;0.01; 68,089;404529474;0,00;0,00;0,00;0,00;11 175,75;KAMA Trend (Filtered) [Adaptive;
2026.02.05 23:34:06;300806920;XAGUSDm;buy;out;0.01; 68,030;404530760;0,00;0,00;0,00; 2,95;11 178,70;;
2026.02.05 23:49:06;300830148;XAGUSDm;sell;in;0.01; 67,224;404558862;0,00;0,00;0,00;0,00;11 178,70;KAMA Trend (Filtered) [Adaptive;
2026.02.05 23:49:07;300830157;XAGUSDm;buy;out;0.01; 67,267;404558868;0,00;0,00;0,00;- 2,15;11 176,55;;
2026.02.06 00:04:07;300859937;XAGUSDm;sell;in;0.01; 65,734;404596714;0,00;0,00;0,00;0,00;11 176,55;KAMA Trend (Filtered) [Adaptive;
2026.02.06 00:04:08;300859953;XAGUSDm;buy;out;0.01; 65,791;404596736;0,00;0,00;0,00;- 2,85;11 173,70;;
2026.02.06 00:19:07;300907110;XAGUSDm;sell;in;0.01; 64,752;404655338;0,00;0,00;0,00;0,00;11 173,70;KAMA Trend (Filtered) [Adaptive;
2026.02.06 00:19:08;300907141;XAGUSDm;buy;out;0.01; 64,798;404655365;0,00;0,00;0,00;- 2,30;11 171,40;;
2026.02.06 00:22:41;300917276;BTCXAGm;sell;out;0.5; 910,036;404668281;0,00;0,00;0,00; 91,92;11 263,32;[sl 910.036];
2026.02.06 14:49:00;301919461;LLYm;buy;in;0.07;1 054,07;406065268;0,00;0,00;0,00;0,00;11 263,32;Warrior Momentum [Manual];
2026.02.06 14:49:04;301919599;LLYm;sell;out;0.07;1 051,58;406065467;0,00;0,00;0,00;- 17,43;11 245,89;;
2026.02.06 14:54:11;301926075;LLYm;buy;in;0.06;1 051,90;406074746;0,00;0,00;0,00;0,00;11 245,89;Warrior Momentum [Manual];
2026.02.06 14:57:47;301930760;LLYm;sell;out;0.06;1 047,60;406081606;0,00;0,00;0,00;- 25,80;11 220,09;[sl 1047.64];
2026.02.06 14:57:48;301930824;LLYm;buy;in;0.12;1 049,87;406081670;0,00;0,00;0,00;0,00;11 220,09;Warrior Momentum [Manual];
2026.02.06 14:58:51;301932764;LLYm;sell;out;0.12;1 044,30;406084495;0,00;0,00;0,00;- 66,84;11 153,25;[sl 1044.36];
2026.02.06 15:30:40;301985283;BTCUSDm;buy;in;0.06;68 139,95;406158915;0,00;0,00;0,00;0,00;11 153,25;KAMA Trend (Filtered) [Adaptive;
2026.02.06 17:31:51;302179678;BTCUSDm;sell;out;0.06;71 248,58;406408736;0,00;0,00;0,00; 186,51;11 339,76;;
2026.02.06 17:46:51;302194205;BTCUSDm;buy;in;0.08;71 137,39;406429662;0,00;0,00;0,00;0,00;11 339,76;KAMA Trend (Filtered) [Adaptive;
2026.02.06 18:07:20;302217343;BTCUSDm;sell;out;0.08;69 954,98;406461305;0,00;0,00;0,00;- 94,59;11 245,17;[sl 69954.98];
2026.02.06 18:07:20;302217362;BTCUSDm;sell;in;0.08;69 927,05;406461316;0,00;0,00;0,00;0,00;11 245,17;KAMA Trend (Filtered) [Adaptive;
2026.02.06 19:49:27;302317530;BTCUSDm;buy;out;0.08;70 655,66;406601309;0,00;0,00;0,00;- 58,29;11 186,88;[sl 70655.66];
2026.02.06 22:05:00;302405654;BTCUSDm;buy;in;0.15;70 502,48;406727430;0,00;0,00;0,00;0,00;11 186,88;KAMA Trend (Filtered) [Adaptive;
2026.02.06 23:18:20;302424976;BTCUSDm;sell;out;0.15;70 815,56;406748902;0,00;0,00;0,00; 46,96;11 233,84;[sl 70815.56];
2026.02.06 23:18:20;302424979;BTCUSDm;sell;in;0.12;70 823,45;406748905;0,00;0,00;0,00;0,00;11 233,84;KAMA Trend (Filtered) [Adaptive;
2026.02.07 01:45:54;302465035;BTCUSDm;buy;out;0.12;70 416,72;406792785;0,00;0,00;0,00; 48,80;11 282,64;[sl 70416.72];
2026.02.07 01:55:00;302468890;BTCUSDm;buy;in;0.15;70 490,73;406796946;0,00;0,00;0,00;0,00;11 282,64;KAMA Trend (Filtered) [Adaptive;
2026.02.07 05:28:06;302513954;BTCUSDm;sell;out;0.15;70 482,51;406848555;0,00;0,00;0,00;- 1,23;11 281,41;[sl 70482.51];
2026.02.09 14:40:00;304008583;NVDAm;buy;in;0.45; 189,59;408790734;0,00;0,00;0,00;0,00;11 281,41;KAMA Trend (Filtered) [Manual];
2026.02.09 14:40:00;304008665;NVDAm;sell;out;0.45; 189,46;408790841;0,00;0,00;0,00;- 5,85;11 275,56;;
2026.02.09 14:55:00;304032886;NVDAm;buy;in;0.32; 191,61;408821806;0,00;0,00;0,00;0,00;11 275,56;KAMA Trend (Filtered) [Manual];
2026.02.09 16:30:23;304174293;BIIBm;buy;in;0.35; 196,75;409000062;0,00;0,00;0,00;0,00;11 275,56;Warrior Momentum [Manual];
2026.02.09 17:57:02;304269931;BIIBm;sell;out;0.35; 194,19;409124980;0,00;0,00;0,00;- 89,60;11 185,96;[sl 194.24];
2026.02.09 18:21:13;304296824;NVDAm;sell;out;0.32; 191,05;409158894;0,00;0,00;0,00;- 17,92;11 168,04;[sl 191.05];
2026.02.09 19:30:00;304362078;BIIBm;buy;in;0.81; 196,03;409244268;0,00;0,00;0,00;0,00;11 168,04;Warrior Momentum [Manual];
2026.02.09 19:33:52;304366659;BIIBm;sell;out;0.81; 194,92;409249978;0,00;0,00;0,00;- 89,91;11 078,13;[sl 194.94];
2026.02.09 19:33:52;304366726;BIIBm;buy;in;0.81; 195,03;409250046;0,00;0,00;0,00;0,00;11 078,13;Warrior Momentum [Manual];
2026.02.09 20:04:59;304392441;BIIBm;sell;out;0.81; 193,89;409283400;0,00;0,00;0,00;- 92,34;10 985,79;[sl 193.94];
2026.02.10 09:15:00;305121146;XAUUSDm;buy;in;0.03;5 052,178;410242720;0,00;0,00;0,00;0,00;10 985,79;KAMA Trend (Filtered) [Adaptive;
2026.02.10 10:15:01;305157799;USDJPYm;sell;in;0.95; 155,166;410295162;0,00;0,00;0,00;0,00;10 985,79;KAMA Trend (Filtered) [Adaptive;
2026.02.10 11:09:08;305195537;USDJPYm;buy;out;0.95; 155,225;410347600;0,00;0,00;0,00;- 36,11;10 949,68;[sl 155.225];
2026.02.10 12:44:35;305265259;XAUUSDm;sell;out;0.03;5 029,295;410442759;0,00;0,00;0,00;- 68,64;10 881,04;[sl 5029.295];
2026.02.10 12:45:00;305267073;XAUUSDm;sell;in;0.03;5 029,170;410444969;0,00;0,00;0,00;0,00;10 881,04;KAMA Trend (Filtered) [Adaptive;
2026.02.10 13:31:48;305322943;XAUUSDm;buy;out;0.03;5 049,035;410520008;0,00;0,00;0,00;- 59,60;10 821,44;[sl 5049.035];
2026.02.10 14:00:00;305350060;XAUUSDm;buy;in;0.03;5 052,450;410556560;0,00;0,00;0,00;0,00;10 821,44;KAMA Trend (Filtered) [Adaptive;
2026.02.10 14:05:00;305355160;USDJPYm;sell;in;0.63; 154,774;410563486;0,00;0,00;0,00;0,00;10 821,44;KAMA Trend (Filtered) [Adaptive;
2026.02.10 14:17:11;305371869;XAUUSDm;buy;in;0.03;5 072,887;410584383;0,00;0,00;0,00;0,00;10 821,44;Snowball Layer;
2026.02.10 14:22:48;305379674;USDJPYm;buy;out;0.63; 154,510;410594204;0,00;0,00;0,00; 107,64;10 929,08;;
2026.02.10 14:37:49;305405430;USDJPYm;sell;in;0.54; 154,433;410628078;0,00;0,00;0,00;0,00;10 929,08;KAMA Trend (Filtered) [Adaptive;
2026.02.10 14:38:41;305407962;USDJPYm;buy;out;0.54; 154,388;410631109;0,00;0,00;0,00; 15,74;10 944,82;;
2026.02.10 14:40:00;305410005;FTNTm;buy;in;1.58; 87,29;410633649;0,00;0,00;0,00;0,00;10 944,82;KAMA Trend (Filtered) [Manual];
2026.02.10 14:40:02;305410080;FTNTm;sell;out;1.58; 87,07;410633784;0,00;0,00;0,00;- 34,76;10 910,06;;
2026.02.10 14:40:21;305410499;BIIBm;sell;in;0.24; 192,01;410634453;0,00;0,00;0,00;0,00;10 910,06;KAMA Trend (Filtered) [Manual];
2026.02.10 14:45:00;305419153;NVDAm;buy;in;1.27; 189,44;410645492;0,00;0,00;0,00;0,00;10 910,06;Mean Reversion [Manual];
2026.02.10 14:45:17;305419726;XAUUSDm;sell;out;0.03;5 052,450;410646272;0,00;0,00;0,00;0,00;10 910,06;[sl 5052.450];
2026.02.10 14:47:35;305425363;XAUUSDm;sell;out;0.03;5 040,401;410653290;0,00;0,00;0,00;- 97,46;10 812,60;[sl 5040.401];
2026.02.10 14:53:41;305441656;USDJPYm;sell;in;0.57; 154,393;410673450;0,00;0,00;0,00;0,00;10 812,60;KAMA Trend (Filtered) [Adaptive;
2026.02.10 15:15:25;305476853;NVDAm;sell;out;1.27; 188,21;410717367;0,00;0,00;0,00;- 156,21;10 656,39;[sl 188.21];
2026.02.10 15:30:00;305499320;ORCLm;buy;in;0.09; 162,16;410746509;0,00;0,00;0,00;0,00;10 656,39;KAMA Trend (Filtered) [Manual];
2026.02.10 15:40:00;305522254;FTNTm;buy;in;0.9; 86,62;410776749;0,00;0,00;0,00;0,00;10 656,39;Warrior Momentum [Manual];
2026.02.10 15:53:52;305543455;ORCLm;sell;out;0.09; 165,13;410804743;0,00;0,00;0,00; 26,73;10 683,12;;
2026.02.10 16:08:52;305563570;ORCLm;buy;in;0.08; 164,27;410830335;0,00;0,00;0,00;0,00;10 683,12;KAMA Trend (Filtered) [Manual];
2026.02.10 16:25:00;305582795;FTNTm;sell;out;0.9; 86,50;410855955;0,00;0,00;0,00;- 10,80;10 672,32;[sl 86.51];
2026.02.10 16:45:01;305608521;FTNTm;buy;in;1.36; 86,79;410887723;0,00;0,00;0,00;0,00;10 672,32;Warrior Momentum [Manual];
2026.02.10 17:25:00;305650339;NVDAm;buy;in;1.65; 190,05;410944213;0,00;0,00;0,00;0,00;10 672,32;Warrior Momentum [Manual];
2026.02.10 17:36:38;305660994;USDJPYm;buy;out;0.57; 154,340;410958496;0,00;0,00;0,00; 19,57;10 691,89;[sl 154.340];
2026.02.10 18:10:00;305690667;USDJPYm;buy;in;1.16; 154,419;410996802;0,00;0,00;0,00;0,00;10 691,89;KAMA Trend (Filtered) [Adaptive;
2026.02.10 18:12:00;305692042;FTNTm;sell;out;1.36; 86,01;410998655;0,00;0,00;0,00;- 106,08;10 585,81;[sl 86.01];
2026.02.10 18:19:10;305697633;NVDAm;sell;out;1.65; 189,48;411005913;0,00;0,00;0,00;- 94,05;10 491,76;[sl 189.48];
2026.02.10 18:44:24;305724014;BIIBm;buy;out;0.24; 192,04;411040244;0,00;0,00;0,00;- 0,72;10 491,04;;
2026.02.10 19:15:00;305747372;TSMm;buy;in;0.4; 363,96;411068429;0,00;0,00;0,00;0,00;10 491,04;KAMA Trend (Filtered) [Adaptive;
2026.02.10 19:19:54;305751834;USDJPYm;sell;out;1.16; 154,459;411073635;0,00;0,00;0,00; 30,04;10 521,08;[sl 154.459];
2026.02.10 20:00:00;305779709;USDJPYm;sell;in;1.38; 154,312;411107910;0,00;0,00;0,00;0,00;10 521,08;KAMA Trend (Filtered) [Adaptive;
2026.02.10 20:08:54;305786619;ORCLm;sell;out;0.08; 161,04;411116394;0,00;0,00;0,00;- 25,84;10 495,24;;
2026.02.10 21:00:34;305834109;USDJPYm;buy;out;1.38; 154,356;411173068;0,00;0,00;0,00;- 39,34;10 455,90;[sl 154.356];
2026.02.11 00:35:00;305966126;USDJPYm;sell;in;0.71; 154,215;411362653;0,00;0,00;0,00;0,00;10 455,90;KAMA Trend (Filtered) [Adaptive;
2026.02.11 00:49:37;305982354;USDJPYm;buy;out;0.71; 154,053;411382828;0,00;0,00;0,00; 74,66;10 530,56;;
2026.02.11 01:04:38;306001197;USDJPYm;sell;in;0.5; 153,950;411408147;0,00;0,00;0,00;0,00;10 530,56;KAMA Trend (Filtered) [Adaptive;
2026.02.11 01:04:39;306001211;USDJPYm;buy;out;0.5; 153,973;411408164;0,00;0,00;0,00;- 7,47;10 523,09;;
2026.02.11 01:20:01;306020347;USDJPYm;sell;in;0.41; 153,856;411434319;0,00;0,00;0,00;0,00;10 523,09;KAMA Trend (Filtered) [Adaptive;
2026.02.11 01:20:02;306020368;USDJPYm;buy;out;0.41; 153,882;411434345;0,00;0,00;0,00;- 6,93;10 516,16;;
2026.02.11 02:00:00;306061737;XAUUSDm;buy;in;0.03;5 052,949;411490314;0,00;0,00;0,00;0,00;10 516,16;KAMA Trend (Filtered) [Adaptive;
2026.02.11 02:35:00;306096990;USDJPYm;sell;in;0.46; 153,711;411537825;0,00;0,00;0,00;0,00;10 516,16;KAMA Trend (Filtered) [Adaptive;
2026.02.11 03:16:42;306133630;USDJPYm;buy;out;0.46; 153,706;411588080;0,00;0,00;0,00; 1,50;10 517,66;[sl 153.706];
2026.02.11 04:10:01;306181271;USDJPYm;sell;in;0.66; 153,528;411656480;0,00;0,00;0,00;0,00;10 517,66;KAMA Trend (Filtered) [Adaptive;
2026.02.11 04:21:17;306190959;USDJPYm;buy;out;0.66; 153,375;411670273;0,00;0,00;0,00; 65,84;10 583,50;;
2026.02.11 04:36:18;306199752;USDJPYm;sell;in;0.69; 153,356;411684809;0,00;0,00;0,00;0,00;10 583,50;KAMA Trend (Filtered) [Adaptive;
2026.02.11 04:42:59;306206134;XAUUSDm;sell;out;0.03;5 052,954;411693794;0,00;0,00;0,00; 0,01;10 583,51;[sl 5052.954];
2026.02.11 05:00:48;306223401;USDJPYm;buy;out;0.69; 153,351;411716472;0,00;0,00;0,00; 2,25;10 585,76;[sl 153.351];
2026.02.11 05:20:00;306240046;XAUUSDm;buy;in;0.04;5 051,535;411739591;0,00;0,00;0,00;0,00;10 585,76;KAMA Trend (Filtered) [Adaptive;
2026.02.11 05:35:01;306252375;USDJPYm;sell;in;0.55; 153,133;411758743;0,00;0,00;0,00;0,00;10 585,76;KAMA Trend (Filtered) [Adaptive;
2026.02.11 05:36:56;306254577;USDJPYm;buy;out;0.55; 153,042;411762385;0,00;0,00;0,00; 32,70;10 618,46;;
2026.02.11 05:50:57;306267386;XAUUSDm;sell;out;0.04;5 051,540;411782542;0,00;0,00;0,00; 0,02;10 618,48;[sl 5051.540];
2026.02.11 06:05:00;306277145;USDJPYm;sell;in;0.45; 152,893;411797318;0,00;0,00;0,00;0,00;10 618,48;KAMA Trend (Filtered) [Adaptive;
2026.02.11 06:08:40;306280213;USDJPYm;buy;out;0.45; 152,836;411801699;0,00;0,00;0,00; 16,78;10 635,26;;
2026.02.11 07:00:00;306317039;XAUUSDm;buy;in;0.04;5 064,530;411862749;0,00;0,00;0,00;0,00;10 635,26;KAMA Trend (Filtered) [Adaptive;
2026.02.11 09:49:32;306417243;XAUUSDm;sell;out;0.04;5 064,535;412026067;0,00;0,00;0,00; 0,02;10 635,28;[sl 5064.535];
2026.02.11 13:34:13;306625597;TSMm;sell;out;0.4; 366,37;412343291;0,00;0,00;- 2,08; 96,40;10 729,60;;
2026.02.11 13:40:00;306641120;USDJPYm;sell;in;0.16; 152,992;412364844;0,00;0,00;0,00;0,00;10 729,60;KAMA Trend (Filtered) [Adaptive;
2026.02.11 13:40:14;306641780;USDJPYm;buy;out;0.16; 153,379;412365925;0,00;0,00;0,00;- 40,37;10 689,23;[sl 153.379];
2026.02.11 14:57:01;306778239;AMZNm;sell;in;0.89; 205,61;412555607;0,00;0,00;0,00;0,00;10 689,23;Warrior Momentum [Manual];
2026.02.11 15:17:52;306821034;AMZNm;buy;out;0.89; 205,56;412612098;0,00;0,00;0,00; 4,45;10 693,68;[sl 205.56];
2026.02.11 17:10:01;306996043;TSMm;buy;in;0.14; 373,66;412841378;0,00;0,00;0,00;0,00;10 693,68;KAMA Trend (Filtered) [Adaptive;
2026.02.11 18:44:13;307104754;TSMm;sell;out;0.14; 373,70;413001044;0,00;0,00;0,00; 0,56;10 694,24;[sl 373.71];
2026.02.11 20:10:00;307187999;USDJPYm;buy;in;0.01; 153,066;413118646;0,00;0,00;0,00;0,00;10 694,24;KAMA Trend (Filtered) [Adaptive;
2026.02.11 22:05:40;307268453;USDJPYm;sell;out;0.01; 152,991;413235074;0,00;0,00;0,00;- 0,49;10 693,75;[sl 153.181];
2026.02.12 00:30:43;307371429;BTCUSDm;buy;in;0.02;67 373,15;413377886;0,00;0,00;0,00;0,00;10 693,75;KAMA Trend (Filtered) [Adaptive;
2026.02.12 01:37:14;307450609;BTCUSDm;sell;out;0.02;67 937,07;413482684;0,00;0,00;0,00; 11,28;10 705,03;[tp 67937.07];
2026.02.12 11:45:30;307879767;BTCUSDm;buy;in;0.02;68 034,65;414118015;0,00;0,00;0,00;0,00;10 705,03;KAMA Trend (Filtered) [Adaptive;
2026.02.12 12:05:00;307891069;BTCUSDm;sell;out;0.02;67 875,03;414136850;0,00;0,00;0,00;- 3,19;10 701,84;[sl 67883.29];
2026.02.12 12:15:00;307899398;USDJPYm;buy;in;0.02; 153,409;414149112;0,00;0,00;0,00;0,00;10 701,84;KAMA Trend (Filtered) [Adaptive;
2026.02.12 12:27:07;307907236;USDJPYm;sell;out;0.02; 153,414;414161634;0,00;0,00;0,00; 0,07;10 701,91;[sl 153.414];
2026.02.12 12:47:07;307923067;USDJPYm;buy;in;0.01; 153,565;414186649;0,00;0,00;0,00;0,00;10 701,91;KAMA Trend (Filtered) [Adaptive;
2026.02.12 13:03:11;307938513;USDJPYm;sell;out;0.01; 153,627;414209895;0,00;0,00;0,00; 0,40;10 702,31;[sl 153.627];
2026.02.12 13:40:01;307980050;USDJPYm;sell;in;0.02; 153,317;414273372;0,00;0,00;0,00;0,00;10 702,31;KAMA Trend (Filtered) [Adaptive;
2026.02.12 14:06:35;308010492;USDJPYm;buy;out;0.02; 153,391;414319126;0,00;0,00;0,00;- 0,96;10 701,35;[sl 153.391];
2026.02.12 14:11:35;308017028;USDJPYm;sell;in;0.05; 153,124;414328384;0,00;0,00;0,00;0,00;10 701,35;KAMA Trend (Filtered) [Adaptive;
2026.02.12 14:45:01;308073316;TMUSm;buy;in;0.02; 220,03;414409644;0,00;0,00;0,00;0,00;10 701,35;KAMA Trend (Filtered) [Adaptive;
2026.02.12 14:45:02;308073399;TMUSm;sell;out;0.02; 219,67;414409784;0,00;0,00;0,00;- 0,72;10 700,63;;
2026.02.12 14:52:09;308083486;USDJPYm;buy;out;0.05; 153,119;414425681;0,00;0,00;0,00; 0,16;10 700,79;[sl 153.119];
2026.02.12 14:55:17;308087176;TMUSm;buy;in;0.02; 216,21;414431482;0,00;0,00;0,00;0,00;10 700,79;KAMA Trend (Filtered) [Adaptive;
2026.02.12 15:50:01;308156107;USDJPYm;sell;in;0.02; 152,700;414536097;0,00;0,00;0,00;0,00;10 700,79;KAMA Trend (Filtered) [Adaptive;
2026.02.12 15:59:27;308168251;TMUSm;sell;out;0.02; 216,24;414552778;0,00;0,00;0,00; 0,06;10 700,85;[sl 216.26];
2026.02.12 16:13:59;308205414;USDJPYm;buy;out;0.02; 152,649;414603709;0,00;0,00;0,00; 0,67;10 701,52;[sl 152.649];
2026.02.12 16:15:00;308211742;BTCUSDm;sell;in;0.01;66 484,04;414615360;0,00;0,00;0,00;0,00;10 701,52;KAMA Trend (Filtered) [Adaptive;
2026.02.12 16:17:11;308219827;TMUSm;buy;in;0.01; 217,73;414631172;0,00;0,00;0,00;0,00;10 701,52;KAMA Trend (Filtered) [Adaptive;
2026.02.12 16:28:59;308255178;USDJPYm;sell;in;0.01; 152,446;414687370;0,00;0,00;0,00;0,00;10 701,52;KAMA Trend (Filtered) [Adaptive;
2026.02.12 16:36:05;308274872;TMUSm;sell;out;0.01; 217,78;414716891;0,00;0,00;0,00; 0,05;10 701,57;[sl 217.78];
2026.02.12 16:36:26;308275499;USDJPYm;buy;out;0.01; 152,649;414717886;0,00;0,00;0,00;- 1,33;10 700,24;[sl 152.649];
2026.02.12 16:36:54;308276641;BTCUSDm;buy;out;0.01;66 419,80;414719189;0,00;0,00;0,00; 0,64;10 700,88;[sl 66419.80];
2026.02.12 16:54:20;308308111;BTCUSDm;sell;in;0.01;65 602,99;414767953;0,00;0,00;0,00;0,00;10 700,88;KAMA Trend (Filtered) [Adaptive;
2026.02.12 17:26:52;308356189;BTCUSDm;buy;out;0.01;66 072,68;414842276;0,00;0,00;0,00;- 4,70;10 696,18;[sl 66072.68];
2026.02.12 17:40:28;308375071;BTCUSDm;sell;in;0.02;65 922,00;414872266;0,00;0,00;0,00;0,00;10 696,18;KAMA Trend (Filtered) [Adaptive;
2026.02.12 18:46:53;308468776;BTCUSDm;buy;out;0.02;65 511,20;415012836;0,00;0,00;0,00; 8,22;10 704,40;[sl 65511.20];
2026.02.12 18:46:54;308468794;BTCUSDm;sell;in;0.02;65 503,65;415012840;0,00;0,00;0,00;0,00;10 704,40;KAMA Trend (Filtered) [Adaptive;
2026.02.12 19:15:48;308510710;BTCUSDm;buy;out;0.02;65 503,60;415070234;0,00;0,00;0,00;0,00;10 704,40;[sl 65503.60];
2026.02.12 19:45:00;308544695;BTCUSDm;buy;in;0.02;65 944,87;415116743;0,00;0,00;0,00;0,00;10 704,40;KAMA Trend (Filtered) [Adaptive;
;;;;;;;;0,00;0,00;- 2,08;10 706,48;10 704,40;;
Posições Abertas;;;;;;;;;;;;;;
Horário;Position;Ativo;Tipo;Volume;Preço;S / L;T / P;Preço de Mercado;Swap;;Lucro;Comentário;;
2026.02.12 19:45:00;415116743;BTCUSDm;buy;0.02;65 944,87;65 512,13;66 824,97;65 775,34;0,00;;- 3,39;KAMA Trend (Filtered) [Adaptive;;
;;;;;;;;;;0,00;- 3,39;;;
Saldo:;;;10 704,40;;;Margem Livre:;;;10 697,71;;;;;
Facilidade do Crédito:;;;0,00;;;Margem:;;; 3,30;;;;;
Flutuante P/L:;;;- 3,39;;;Nível de Margem:;;;324 273,03%;;;;;
Capital Líquido:;;;10 701,01;;;;;;;;;;;
;;;;;;;;;;;;;;
;;;;;;;;;;;;;;
;;;;;;;;;;;;;;
;;;;;;;;;;;;;;
;;;;;;;;;;;;;;
;;;;;;;;;;;;;;
;;;;;;;;;;;;;;
;;;;;;;;;;;;;;
;;;;;;;;;;;;;;
;;;;;;;;;;;;;;
;;;;;;;;;;;;;;
;;;;;;;;;;;;;;
;;;;;;;;;;;;;;
;;;;;;;;;;;;;;
;;;;;;;;;;;;;;
;;;;;;;;;;;;;;
;;;;;;;;;;;;;;
;;;;;;;;;;;;;;
;;;;;;;;;;;;;;
;;;;;;;;;;;;;;
Resultados;;;;;;;;;;;;;;
Lucro Líquido Total:;;; 703,00;Lucro Bruto:;;;7 390,13;Perda Bruta:;;;-6 687,13;;;
Fator de Lucro:;;; 1,11;Retorno Esperado (Payoff):;;; 1,11;;;;;;;
Fator de Recuperação:;;; 0,29;Índice de Sharpe:;;; 0,02;;;;;;;
Rebaixamento do Saldo:;;;;;;;;;;;;;;
Rebaixamento Absoluto do Saldo :;;; 327,45;Rebaixamento Máximo do Saldo :;;;2 415.60 (18.77%);Rebaixamento Relativo do Saldo :;;;18.77% (2 415.60);;;
Total de Negociações:;;; 636;Posições Vendidas (% e ganhos):;;;53 (52.83%);Posições Compradas (% de ganhos):;;;583 (5.49%);;;
;;;;Negociações com Lucro (% of total):;;;60 (9.43%);Negociações com Perda (% of total):;;;576 (90.57%);;;
;;;;Maior lucro da negociação:;;;1 045,59;Maior perda na Negociação:;;;-1 169,10;;;
;;;;Média lucro da negociação:;;; 123,17;Média perda na Negociação:;;;- 11,61;;;
;;;;Máximo ganhos consecutivos ($):;;;9 (213.44);Máximo perdas consecutivas ($):;;;160 (-663.08);;;
;;;;Máxima lucro consecutivo (contagem):;;;1 784.76 (2);Máxima perda consecutiva (contagem):;;;-1 169.10 (1);;;
;;;;Média ganhos consecutivos:;;; 2;Média perdas consecutivas:;;; 16;;;
